0 verbose cli /nix/store/vcxpsk2igyybp9f9ngpxckv32yxsbisy-nodejs-slim-22.23.1/bin/node /nix/store/l7b3cb5p19qnlykasxwqdggck3ijilqq-nodejs-22.23.1/bin/npm
1 info using npm@10.9.8
2 info using node@v22.23.1
3 silly config load:file:/nix/store/fhclf4i9c5r13by3jxmdw2494200mvhm-nodejs-slim-22.23.1-npm/lib/node_modules/npm/npmrc
4 silly config load:file:/home/gui/Coding/JacacultMap/jacacultmap-app/.npmrc
5 silly config load:file:/home/gui/.npmrc
6 silly config load:file:/nix/store/vcxpsk2igyybp9f9ngpxckv32yxsbisy-nodejs-slim-22.23.1/etc/npmrc
7 verbose title npm ci
8 verbose argv "ci"
9 verbose logfile logs-max:10 dir:/home/gui/Coding/JacacultMap/jacacultmap-app/.npm-cache/_logs/2026-08-05T00_16_45_070Z-
10 verbose logfile /home/gui/Coding/JacacultMap/jacacultmap-app/.npm-cache/_logs/2026-08-05T00_16_45_070Z-debug-0.log
11 silly logfile start cleaning logs, removing 1 files
12 silly logfile done cleaning log files
13 silly packumentCache heap:2197815296 maxSize:549453824 maxEntrySize:274726912
14 silly idealTree buildDeps
15 silly reify moves {}
16 silly audit bulk request {
16 silly audit   '@0no-co/graphql.web': [ '1.3.3' ],
16 silly audit   '@alloc/quick-lru': [ '5.2.0' ],
16 silly audit   '@ampproject/remapping': [ '2.3.0' ],
16 silly audit   '@babel/code-frame': [ '7.29.7', '7.10.4' ],
16 silly audit   '@babel/compat-data': [ '7.29.7' ],
16 silly audit   '@babel/core': [ '7.26.9' ],
16 silly audit   '@babel/generator': [ '7.29.8' ],
16 silly audit   '@babel/helper-annotate-as-pure': [ '7.29.7' ],
16 silly audit   '@babel/helper-compilation-targets': [ '7.29.7' ],
16 silly audit   '@babel/helper-create-class-features-plugin': [ '7.29.7' ],
16 silly audit   '@babel/helper-create-regexp-features-plugin': [ '7.29.7' ],
16 silly audit   '@babel/helper-define-polyfill-provider': [ '0.6.8' ],
16 silly audit   '@babel/helper-globals': [ '7.29.7' ],
16 silly audit   '@babel/helper-member-expression-to-functions': [ '7.29.7' ],
16 silly audit   '@babel/helper-module-imports': [ '7.29.7' ],
16 silly audit   '@babel/helper-module-transforms': [ '7.28.3' ],
16 silly audit   '@babel/helper-optimise-call-expression': [ '7.29.7' ],
16 silly audit   '@babel/helper-plugin-utils': [ '7.29.7' ],
16 silly audit   '@babel/helper-remap-async-to-generator': [ '7.29.7' ],
16 silly audit   '@babel/helper-replace-supers': [ '7.29.7' ],
16 silly audit   '@babel/helper-skip-transparent-expression-wrappers': [ '7.29.7' ],
16 silly audit   '@babel/helper-string-parser': [ '7.29.7' ],
16 silly audit   '@babel/helper-validator-identifier': [ '7.29.7' ],
16 silly audit   '@babel/helper-validator-option': [ '7.29.7' ],
16 silly audit   '@babel/helper-wrap-function': [ '7.29.7' ],
16 silly audit   '@babel/helpers': [ '7.26.9' ],
16 silly audit   '@babel/highlight': [ '7.25.9' ],
16 silly audit   'ansi-styles': [ '3.2.1', '4.3.0', '5.2.0' ],
16 silly audit   chalk: [ '2.4.2', '4.1.2' ],
16 silly audit   'color-convert': [ '1.9.3', '2.0.1' ],
16 silly audit   'color-name': [ '1.1.3', '1.1.4' ],
16 silly audit   'escape-string-regexp': [ '1.0.5', '4.0.0', '2.0.0' ],
16 silly audit   'has-flag': [ '3.0.0', '4.0.0' ],
16 silly audit   'supports-color': [ '5.5.0', '8.1.1', '7.2.0' ],
16 silly audit   '@babel/parser': [ '7.29.8' ],
16 silly audit   '@babel/plugin-proposal-decorators': [ '7.29.7' ],
16 silly audit   '@babel/plugin-proposal-export-default-from': [ '7.29.7' ],
16 silly audit   '@babel/plugin-syntax-async-generators': [ '7.8.4' ],
16 silly audit   '@babel/plugin-syntax-bigint': [ '7.8.3' ],
16 silly audit   '@babel/plugin-syntax-class-properties': [ '7.12.13' ],
16 silly audit   '@babel/plugin-syntax-class-static-block': [ '7.14.5' ],
16 silly audit   '@babel/plugin-syntax-decorators': [ '7.29.7' ],
16 silly audit   '@babel/plugin-syntax-dynamic-import': [ '7.8.3' ],
16 silly audit   '@babel/plugin-syntax-export-default-from': [ '7.29.7' ],
16 silly audit   '@babel/plugin-syntax-flow': [ '7.29.7' ],
16 silly audit   '@babel/plugin-syntax-import-attributes': [ '7.26.0' ],
16 silly audit   '@babel/plugin-syntax-import-meta': [ '7.10.4' ],
16 silly audit   '@babel/plugin-syntax-json-strings': [ '7.8.3' ],
16 silly audit   '@babel/plugin-syntax-jsx': [ '7.29.7' ],
16 silly audit   '@babel/plugin-syntax-logical-assignment-operators': [ '7.10.4' ],
16 silly audit   '@babel/plugin-syntax-nullish-coalescing-operator': [ '7.8.3' ],
16 silly audit   '@babel/plugin-syntax-numeric-separator': [ '7.10.4' ],
16 silly audit   '@babel/plugin-syntax-object-rest-spread': [ '7.8.3' ],
16 silly audit   '@babel/plugin-syntax-optional-catch-binding': [ '7.8.3' ],
16 silly audit   '@babel/plugin-syntax-optional-chaining': [ '7.8.3' ],
16 silly audit   '@babel/plugin-syntax-private-property-in-object': [ '7.14.5' ],
16 silly audit   '@babel/plugin-syntax-top-level-await': [ '7.14.5' ],
16 silly audit   '@babel/plugin-syntax-typescript': [ '7.27.1' ],
16 silly audit   '@babel/plugin-transform-arrow-functions': [ '7.27.1' ],
16 silly audit   '@babel/plugin-transform-async-generator-functions': [ '7.29.7' ],
16 silly audit   '@babel/plugin-transform-async-to-generator': [ '7.29.7' ],
16 silly audit   '@babel/plugin-transform-block-scoping': [ '7.29.7' ],
16 silly audit   '@babel/plugin-transform-class-properties': [ '7.27.1' ],
16 silly audit   '@babel/plugin-transform-class-static-block': [ '7.29.7' ],
16 silly audit   '@babel/plugin-transform-classes': [ '7.28.4' ],
16 silly audit   '@babel/plugin-transform-computed-properties': [ '7.29.7' ],
16 silly audit   '@babel/plugin-transform-destructuring': [ '7.29.7' ],
16 silly audit   '@babel/plugin-transform-export-namespace-from': [ '7.29.7' ],
16 silly audit   '@babel/plugin-transform-flow-strip-types': [ '7.29.7' ],
16 silly audit   '@babel/plugin-transform-for-of': [ '7.29.7' ],
16 silly audit   '@babel/plugin-transform-function-name': [ '7.29.7' ],
16 silly audit   '@babel/plugin-transform-literals': [ '7.29.7' ],
16 silly audit   '@babel/plugin-transform-logical-assignment-operators': [ '7.29.7' ],
16 silly audit   '@babel/plugin-transform-modules-commonjs': [ '7.27.1' ],
16 silly audit   '@babel/plugin-transform-named-capturing-groups-regex': [ '7.29.7' ],
16 silly audit   '@babel/plugin-transform-nullish-coalescing-operator': [ '7.27.1' ],
16 silly audit   '@babel/plugin-transform-numeric-separator': [ '7.29.7' ],
16 silly audit   '@babel/plugin-transform-object-rest-spread': [ '7.29.7' ],
16 silly audit   '@babel/plugin-transform-optional-catch-binding': [ '7.29.7' ],
16 silly audit   '@babel/plugin-transform-optional-chaining': [ '7.27.1' ],
16 silly audit   '@babel/plugin-transform-parameters': [ '7.29.7' ],
16 silly audit   '@babel/plugin-transform-private-methods': [ '7.29.7' ],
16 silly audit   '@babel/plugin-transform-private-property-in-object': [ '7.29.7' ],
16 silly audit   '@babel/plugin-transform-react-display-name': [ '7.29.7' ],
16 silly audit   '@babel/plugin-transform-react-jsx': [ '7.29.7' ],
16 silly audit   '@babel/plugin-transform-react-jsx-development': [ '7.29.7' ],
16 silly audit   '@babel/plugin-transform-react-jsx-self': [ '7.29.7' ],
16 silly audit   '@babel/plugin-transform-react-jsx-source': [ '7.29.7' ],
16 silly audit   '@babel/plugin-transform-react-pure-annotations': [ '7.29.7' ],
16 silly audit   '@babel/plugin-transform-regenerator': [ '7.29.8' ],
16 silly audit   '@babel/plugin-transform-runtime': [ '7.29.7' ],
16 silly audit   '@babel/plugin-transform-shorthand-properties': [ '7.27.1' ],
16 silly audit   '@babel/plugin-transform-spread': [ '7.29.8' ],
16 silly audit   '@babel/plugin-transform-sticky-regex': [ '7.29.7' ],
16 silly audit   '@babel/plugin-transform-template-literals': [ '7.27.1' ],
16 silly audit   '@babel/plugin-transform-typescript': [ '7.28.5' ],
16 silly audit   '@babel/plugin-transform-unicode-regex': [ '7.27.1' ],
16 silly audit   '@babel/preset-react': [ '7.29.7' ],
16 silly audit   '@babel/preset-typescript': [ '7.27.1' ],
16 silly audit   '@babel/runtime': [ '7.26.9' ],
16 silly audit   '@babel/template': [ '7.29.7' ],
16 silly audit   '@babel/traverse': [ '7.29.8', '7.26.9' ],
16 silly audit   '@babel/types': [ '7.29.8' ],
16 silly audit   '@bcoe/v8-coverage': [ '0.2.3' ],
16 silly audit   '@callstack/react-theme-provider': [ '3.0.9' ],
16 silly audit   deepmerge: [ '3.3.0', '4.3.1' ],
16 silly audit   '@egjs/hammerjs': [ '2.0.17' ],
16 silly audit   '@expo/code-signing-certificates': [ '0.0.6' ],
16 silly audit   '@expo/config': [ '12.0.14' ],
16 silly audit   '@expo/config-plugins': [ '54.0.5' ],
16 silly audit   '@expo/json-file': [ '10.0.16', '10.2.0', '11.0.1' ],
16 silly audit   semver: [ '7.8.5', '7.7.3', '7.6.3', '7.7.1', '7.7.2', '6.3.1' ],
16 silly audit   '@expo/config-types': [ '54.0.10' ],
16 silly audit   '@expo/devcert': [ '1.2.1' ],
16 silly audit   debug: [ '3.2.7', '2.6.9', '4.4.3' ],
16 silly audit   '@expo/devtools': [ '0.1.8' ],
16 silly audit   '@expo/env': [ '2.0.12' ],
16 silly audit   '@expo/fingerprint': [ '0.15.5' ],
16 silly audit   'balanced-match': [ '4.0.4', '1.0.2' ],
16 silly audit   'brace-expansion': [ '5.0.9', '1.1.11', '2.1.4' ],
16 silly audit   minimatch: [ '10.2.6', '9.0.9', '3.1.2' ],
16 silly audit   '@expo/image-utils': [ '0.8.8' ],
16 silly audit   '@expo/metro': [ '54.2.0' ],
16 silly audit   '@expo/metro-runtime': [ '6.1.2' ],
16 silly audit   '@expo/osascript': [ '2.7.1' ],
16 silly audit   '@expo/package-manager': [ '1.13.1' ],
16 silly audit   '@expo/plist': [ '0.4.9' ],
16 silly audit   '@expo/prebuild-config': [ '54.0.8', '54.0.9' ],
16 silly audit   '@expo/schema-utils': [ '0.1.9' ],
16 silly audit   '@expo/sdk-runtime-versions': [ '1.0.0' ],
16 silly audit   '@expo/spawn-async': [ '1.8.0' ],
16 silly audit   '@expo/sudo-prompt': [ '9.3.2' ],
16 silly audit   '@expo/vector-icons': [ '15.0.3' ],
16 silly audit   '@expo/ws-tunnel': [ '1.0.6' ],
16 silly audit   '@expo/xcpretty': [ '4.4.4' ],
16 silly audit   argparse: [ '2.0.1', '1.0.10' ],
16 silly audit   'js-yaml': [ '4.3.1', '3.14.1' ],
16 silly audit   '@isaacs/fs-minipass': [ '4.0.1' ],
16 silly audit   '@isaacs/ttlcache': [ '1.4.1' ],
16 silly audit   '@istanbuljs/load-nyc-config': [ '1.1.0' ],
16 silly audit   'find-up': [ '4.1.0' ],
16 silly audit   'locate-path': [ '5.0.0' ],
16 silly audit   'p-limit': [ '2.3.0', '3.1.0' ],
16 silly audit   'p-locate': [ '4.1.0' ],
16 silly audit   '@istanbuljs/schema': [ '0.1.3' ],
16 silly audit   '@jest/console': [ '29.7.0' ],
16 silly audit   '@jest/core': [ '29.7.0' ],
16 silly audit   'strip-ansi': [ '6.0.1', '5.2.0' ],
16 silly audit   '@jest/create-cache-key-function': [ '29.7.0' ],
16 silly audit   '@jest/environment': [ '29.7.0' ],
16 silly audit   '@jest/expect': [ '29.7.0' ],
16 silly audit   '@jest/expect-utils': [ '29.7.0' ],
16 silly audit   '@jest/fake-timers': [ '29.7.0' ],
16 silly audit   '@jest/globals': [ '29.7.0' ],
16 silly audit   '@jest/reporters': [ '29.7.0' ],
16 silly audit   glob: [ '7.2.3', '13.0.6' ],
16 silly audit   '@jest/schemas': [ '29.6.3' ],
16 silly audit   '@jest/source-map': [ '29.6.3' ],
16 silly audit   '@jest/test-result': [ '29.7.0' ],
16 silly audit   '@jest/test-sequencer': [ '29.7.0' ],
16 silly audit   '@jest/transform': [ '29.7.0' ],
16 silly audit   'write-file-atomic': [ '4.0.2' ],
16 silly audit   '@jest/types': [ '29.6.3' ],
16 silly audit   '@jridgewell/gen-mapping': [ '0.3.13' ],
16 silly audit   '@jridgewell/resolve-uri': [ '3.1.2' ],
16 silly audit   '@jridgewell/source-map': [ '0.3.6' ],
16 silly audit   '@jridgewell/sourcemap-codec': [ '1.5.0' ],
16 silly audit   '@jridgewell/trace-mapping': [ '0.3.31' ],
16 silly audit   '@nodelib/fs.scandir': [ '2.1.5' ],
16 silly audit   '@nodelib/fs.stat': [ '2.0.5' ],
16 silly audit   '@nodelib/fs.walk': [ '1.2.8' ],
16 silly audit   '@radix-ui/primitive': [ '1.1.3' ],
16 silly audit   '@radix-ui/react-collection': [ '1.1.7' ],
16 silly audit   '@radix-ui/react-slot': [ '1.2.3', '1.2.0' ],
16 silly audit   '@radix-ui/react-compose-refs': [ '1.1.2' ],
16 silly audit   '@radix-ui/react-context': [ '1.1.2' ],
16 silly audit   '@radix-ui/react-dialog': [ '1.1.15' ],
16 silly audit   '@radix-ui/react-direction': [ '1.1.1' ],
16 silly audit   '@radix-ui/react-dismissable-layer': [ '1.1.11' ],
16 silly audit   '@radix-ui/react-focus-guards': [ '1.1.3' ],
16 silly audit   '@radix-ui/react-focus-scope': [ '1.1.7' ],
16 silly audit   '@radix-ui/react-id': [ '1.1.1' ],
16 silly audit   '@radix-ui/react-portal': [ '1.1.9' ],
16 silly audit   '@radix-ui/react-presence': [ '1.1.5' ],
16 silly audit   '@radix-ui/react-primitive': [ '2.1.3' ],
16 silly audit   '@radix-ui/react-roving-focus': [ '1.1.11' ],
16 silly audit   '@radix-ui/react-tabs': [ '1.1.13' ],
16 silly audit   '@radix-ui/react-use-callback-ref': [ '1.1.1' ],
16 silly audit   '@radix-ui/react-use-controllable-state': [ '1.2.2' ],
16 silly audit   '@radix-ui/react-use-effect-event': [ '0.0.2' ],
16 silly audit   '@radix-ui/react-use-escape-keydown': [ '1.1.1' ],
16 silly audit   '@radix-ui/react-use-layout-effect': [ '1.1.1' ],
16 silly audit   '@react-native-async-storage/async-storage': [ '2.2.0' ],
16 silly audit   '@react-native-google-signin/google-signin': [ '13.2.0' ],
16 silly audit   '@react-native/assets-registry': [ '0.81.5' ],
16 silly audit   '@react-native/babel-plugin-codegen': [ '0.81.5' ],
16 silly audit   '@react-native/babel-preset': [ '0.81.5' ],
16 silly audit   '@react-native/codegen': [ '0.81.5' ],
16 silly audit   '@react-native/community-cli-plugin': [ '0.81.5' ],
16 silly audit   '@react-native/debugger-frontend': [ '0.81.5' ],
16 silly audit   '@react-native/dev-middleware': [ '0.81.5' ],
16 silly audit   ws: [ '6.2.3', '7.5.10', '8.21.2' ],
16 silly audit   '@react-native/gradle-plugin': [ '0.81.5' ],
16 silly audit   '@react-native/js-polyfills': [ '0.81.5' ],
16 silly audit   '@react-native/normalize-colors': [ '0.81.5', '0.74.89' ],
16 silly audit   '@react-native/virtualized-lists': [ '0.81.5' ],
16 silly audit   '@react-navigation/bottom-tabs': [ '7.9.0' ],
16 silly audit   '@react-navigation/core': [ '7.13.7' ],
16 silly audit   'react-is': [ '19.2.3', '16.13.1', '18.3.1' ],
16 silly audit   '@react-navigation/elements': [ '2.9.3' ],
16 silly audit   '@react-navigation/native': [ '7.1.26' ],
16 silly audit   '@react-navigation/native-stack': [ '7.9.0' ],
16 silly audit   '@react-navigation/routers': [ '7.5.3' ],
16 silly audit   '@sinclair/typebox': [ '0.27.8' ],
16 silly audit   '@sinonjs/commons': [ '3.0.1' ],
16 silly audit   '@sinonjs/fake-timers': [ '10.3.0' ],
16 silly audit   '@types/axios': [ '0.9.36' ],
16 silly audit   '@types/babel__core': [ '7.20.5' ],
16 silly audit   '@types/babel__generator': [ '7.6.8' ],
16 silly audit   '@types/babel__template': [ '7.4.4' ],
16 silly audit   '@types/babel__traverse': [ '7.20.6' ],
16 silly audit   '@types/graceful-fs': [ '4.1.9' ],
16 silly audit   '@types/hammerjs': [ '2.0.46' ],
16 silly audit   '@types/istanbul-lib-coverage': [ '2.0.6' ],
16 silly audit   '@types/istanbul-lib-report': [ '3.0.3' ],
16 silly audit   '@types/istanbul-reports': [ '3.0.4' ],
16 silly audit   '@types/jest': [ '29.5.14' ],
16 silly audit   '@types/node': [ '22.13.5' ],
16 silly audit   '@types/prop-types': [ '15.7.15' ],
16 silly audit   '@types/react': [ '19.1.17', '18.3.27' ],
16 silly audit   '@types/react-test-renderer': [ '18.3.1' ],
16 silly audit   '@types/stack-utils': [ '2.0.3' ],
16 silly audit   '@types/yargs': [ '17.0.33' ],
16 silly audit   '@types/yargs-parser': [ '21.0.3' ],
16 silly audit   '@ungap/structured-clone': [ '1.3.0' ],
16 silly audit   '@urql/core': [ '5.2.0' ],
16 silly audit   '@urql/exchange-retry': [ '1.3.2' ],
16 silly audit   '@xmldom/xmldom': [ '0.8.13' ],
16 silly audit   'abort-controller': [ '3.0.0' ],
16 silly audit   accepts: [ '1.3.8' ],
16 silly audit   acorn: [ '8.14.0' ],
16 silly audit   ajv: [ '8.17.1' ],
16 silly audit   anser: [ '1.4.10' ],
16 silly audit   'ansi-escapes': [ '4.3.2' ],
16 silly audit   'ansi-regex': [ '5.0.1', '4.1.1' ],
16 silly audit   'any-promise': [ '1.3.0' ],
16 silly audit   anymatch: [ '3.1.3' ],
16 silly audit   picomatch: [ '2.3.1', '4.0.5', '2.3.2' ],
16 silly audit   arg: [ '5.0.2' ],
16 silly audit   'aria-hidden': [ '1.2.6' ],
16 silly audit   'array-timsort': [ '1.0.3' ],
16 silly audit   asap: [ '2.0.6' ],
16 silly audit   'async-limiter': [ '1.0.1' ],
16 silly audit   asynckit: [ '0.4.0' ],
16 silly audit   axios: [ '1.8.1' ],
16 silly audit   'form-data': [ '4.0.2' ],
16 silly audit   'babel-jest': [ '29.7.0' ],
16 silly audit   'babel-plugin-istanbul': [ '6.1.1' ],
16 silly audit   'istanbul-lib-instrument': [ '5.2.1', '6.0.3' ],
16 silly audit   'babel-plugin-jest-hoist': [ '29.6.3' ],
16 silly audit   'babel-plugin-polyfill-corejs2': [ '0.4.17' ],
16 silly audit   'babel-plugin-polyfill-corejs3': [ '0.13.0' ],
16 silly audit   'babel-plugin-polyfill-regenerator': [ '0.6.8' ],
16 silly audit   'babel-plugin-react-compiler': [ '1.0.0' ],
16 silly audit   'babel-plugin-react-native-web': [ '0.21.2' ],
16 silly audit   'babel-plugin-syntax-hermes-parser': [ '0.29.1' ],
16 silly audit   'babel-plugin-transform-flow-enums': [ '0.0.2' ],
16 silly audit   'babel-preset-current-node-syntax': [ '1.1.0' ],
16 silly audit   'babel-preset-expo': [ '54.0.12' ],
16 silly audit   'babel-preset-jest': [ '29.6.3' ],
16 silly audit   'base64-js': [ '1.5.1' ],
16 silly audit   'baseline-browser-mapping': [ '2.9.14' ],
16 silly audit   'better-opn': [ '3.0.2' ],
16 silly audit   open: [ '8.4.2', '7.4.2' ],
16 silly audit   'big-integer': [ '1.6.52' ],
16 silly audit   'binary-extensions': [ '2.3.0' ],
16 silly audit   'bplist-creator': [ '0.1.0' ],
16 silly audit   'bplist-parser': [ '0.3.2', '0.3.1' ],
16 silly audit   braces: [ '3.0.3' ],
16 silly audit   browserslist: [ '4.28.1' ],
16 silly audit   bser: [ '2.1.1' ],
16 silly audit   buffer: [ '5.7.1' ],
16 silly audit   'buffer-from': [ '1.1.2' ],
16 silly audit   bytes: [ '3.1.2' ],
16 silly audit   'call-bind-apply-helpers': [ '1.0.2' ],
16 silly audit   callsites: [ '3.1.0' ],
16 silly audit   camelcase: [ '5.3.1', '6.3.0' ],
16 silly audit   'camelcase-css': [ '2.0.1' ],
16 silly audit   'caniuse-lite': [ '1.0.30001764' ],
16 silly audit   'char-regex': [ '1.0.2' ],
16 silly audit   chokidar: [ '3.6.0' ],
16 silly audit   'glob-parent': [ '5.1.2', '6.0.2' ],
16 silly audit   chownr: [ '3.0.0' ],
16 silly audit   'chrome-launcher': [ '0.15.2' ],
16 silly audit   'chromium-edge-launcher': [ '0.2.0' ],
16 silly audit   mkdirp: [ '1.0.4' ],
16 silly audit   'ci-info': [ '3.9.0', '2.0.0' ],
16 silly audit   'cjs-module-lexer': [ '1.4.3' ],
16 silly audit   'cli-cursor': [ '2.1.0' ],
16 silly audit   'cli-spinners': [ '2.9.2' ],
16 silly audit   'client-only': [ '0.0.1' ],
16 silly audit   cliui: [ '8.0.1' ],
16 silly audit   'emoji-regex': [ '8.0.0' ],
16 silly audit   'string-width': [ '4.2.3' ],
16 silly audit   clone: [ '1.0.4' ],
16 silly audit   co: [ '4.6.0' ],
16 silly audit   'collect-v8-coverage': [ '1.0.2' ],
16 silly audit   color: [ '4.2.3', '3.2.1' ],
16 silly audit   'color-string': [ '1.9.1' ],
16 silly audit   'combined-stream': [ '1.0.8' ],
16 silly audit   commander: [ '7.2.0', '12.1.0', '4.1.1', '2.20.3' ],
16 silly audit   'comment-json': [ '4.6.2' ],
16 silly audit   compressible: [ '2.0.18' ],
16 silly audit   compression: [ '1.8.1' ],
16 silly audit   ms: [ '2.0.0', '2.1.3' ],
16 silly audit   negotiator: [ '0.6.4', '0.6.3' ],
16 silly audit   'concat-map': [ '0.0.1' ],
16 silly audit   connect: [ '3.7.0' ],
16 silly audit   'convert-source-map': [ '2.0.0' ],
16 silly audit   'core-js-compat': [ '3.49.0' ],
16 silly audit   'create-jest': [ '29.7.0' ],
16 silly audit   'cross-fetch': [ '3.2.0' ],
16 silly audit   'cross-spawn': [ '7.0.6' ],
16 silly audit   'crypto-random-string': [ '2.0.0' ],
16 silly audit   'css-in-js-utils': [ '3.1.0' ],
16 silly audit   cssesc: [ '3.0.0' ],
16 silly audit   csstype: [ '3.2.3' ],
16 silly audit   'decode-uri-component': [ '0.2.2' ],
16 silly audit   dedent: [ '1.5.3' ],
16 silly audit   'deep-extend': [ '0.6.0' ],
16 silly audit   defaults: [ '1.0.4' ],
16 silly audit   'define-lazy-prop': [ '2.0.0' ],
16 silly audit   'delayed-stream': [ '1.0.0' ],
16 silly audit   depd: [ '2.0.0' ],
16 silly audit   destroy: [ '1.2.0' ],
16 silly audit   'detect-libc': [ '2.1.2', '1.0.3' ],
16 silly audit   'detect-newline': [ '3.1.0' ],
16 silly audit   'detect-node-es': [ '1.1.0' ],
16 silly audit   didyoumean: [ '1.2.2' ],
16 silly audit   'diff-sequences': [ '29.6.3' ],
16 silly audit   dlv: [ '1.1.3' ],
16 silly audit   dotenv: [ '16.4.7' ],
16 silly audit   'dotenv-expand': [ '11.0.7' ],
16 silly audit   'dunder-proto': [ '1.0.1' ],
16 silly audit   'ee-first': [ '1.1.1' ],
16 silly audit   'electron-to-chromium': [ '1.5.267' ],
16 silly audit   emittery: [ '0.13.1' ],
16 silly audit   encodeurl: [ '1.0.2', '2.0.0' ],
16 silly audit   'env-editor': [ '0.4.2' ],
16 silly audit   'error-ex': [ '1.3.2' ],
16 silly audit   'error-stack-parser': [ '2.1.4' ],
16 silly audit   'es-define-property': [ '1.0.1' ],
16 silly audit   'es-errors': [ '1.3.0' ],
16 silly audit   'es-object-atoms': [ '1.1.1' ],
16 silly audit   'es-set-tostringtag': [ '2.1.0' ],
16 silly audit   escalade: [ '3.2.0' ],
16 silly audit   'escape-html': [ '1.0.3' ],
16 silly audit   esprima: [ '4.0.1' ],
16 silly audit   etag: [ '1.8.1' ],
16 silly audit   'event-target-shim': [ '5.0.1' ],
16 silly audit   exit: [ '0.1.2' ],
16 silly audit   expect: [ '29.7.0' ],
16 silly audit   expo: [ '54.0.36' ],
16 silly audit   'expo-blur': [ '15.0.8' ],
16 silly audit   'expo-constants': [ '18.0.13' ],
16 silly audit   'expo-dev-client': [ '6.0.20' ],
16 silly audit   'expo-dev-launcher': [ '6.0.20' ],
16 silly audit   'expo-dev-menu': [ '7.0.18' ],
16 silly audit   'expo-dev-menu-interface': [ '2.0.0' ],
16 silly audit   'expo-font': [ '14.0.10', '14.0.12' ],
16 silly audit   'expo-haptics': [ '15.0.8' ],
16 silly audit   'expo-image-loader': [ '6.0.0' ],
16 silly audit   'expo-image-picker': [ '17.0.10' ],
16 silly audit   'expo-json-utils': [ '0.15.0' ],
16 silly audit   'expo-keep-awake': [ '15.0.8' ],
16 silly audit   'expo-linking': [ '8.0.11' ],
16 silly audit   'expo-manifests': [ '1.0.10' ],
16 silly audit   'expo-modules-autolinking': [ '3.0.26' ],
16 silly audit   'expo-modules-core': [ '3.0.30' ],
16 silly audit   'expo-router': [ '6.0.21' ],
16 silly audit   'expo-secure-store': [ '15.0.8' ],
16 silly audit   'expo-server': [ '1.0.7' ],
16 silly audit   'expo-splash-screen': [ '31.0.13' ],
16 silly audit   'expo-status-bar': [ '3.0.9' ],
16 silly audit   'expo-symbols': [ '1.0.8' ],
16 silly audit   'expo-system-ui': [ '6.0.9' ],
16 silly audit   'expo-updates-interface': [ '2.0.0' ],
16 silly audit   'expo-web-browser': [ '15.0.10' ],
16 silly audit   '@expo/cli': [ '54.0.26' ],
16 silly audit   '@expo/metro-config': [ '54.0.17' ],
16 silly audit   'expo-asset': [ '12.0.13' ],
16 silly audit   'expo-file-system': [ '19.0.23' ],
16 silly audit   'exponential-backoff': [ '3.1.2' ],
16 silly audit   'fast-deep-equal': [ '3.1.3' ],
16 silly audit   'fast-glob': [ '3.3.3' ],
16 silly audit   'fast-json-stable-stringify': [ '2.1.0' ],
16 silly audit   'fast-uri': [ '3.0.6' ],
16 silly audit   fastq: [ '1.20.1' ],
16 silly audit   'fb-watchman': [ '2.0.2' ],
16 silly audit   fbjs: [ '3.0.5' ],
16 silly audit   'fbjs-css-vars': [ '1.0.2' ],
16 silly audit   fdir: [ '6.5.0' ],
16 silly audit   'fill-range': [ '7.1.1' ],
16 silly audit   'filter-obj': [ '1.1.0' ],
16 silly audit   finalhandler: [ '1.1.2' ],
16 silly audit   'flow-enums-runtime': [ '0.0.6' ],
16 silly audit   'follow-redirects': [ '1.15.9' ],
16 silly audit   fontfaceobserver: [ '2.3.0' ],
16 silly audit   'freeport-async': [ '2.0.0' ],
16 silly audit   fresh: [ '0.5.2' ],
16 silly audit   'fs.realpath': [ '1.0.0' ],
16 silly audit   fsevents: [ '2.3.3' ],
16 silly audit   'function-bind': [ '1.1.2' ],
16 silly audit   gensync: [ '1.0.0-beta.2' ],
16 silly audit   'get-caller-file': [ '2.0.5' ],
16 silly audit   'get-intrinsic': [ '1.3.0' ],
16 silly audit   'get-nonce': [ '1.0.1' ],
16 silly audit   'get-package-type': [ '0.1.0' ],
16 silly audit   'get-proto': [ '1.0.1' ],
16 silly audit   getenv: [ '2.0.0' ],
16 silly audit   'global-dirs': [ '0.1.1' ],
16 silly audit   globals: [ '11.12.0' ],
16 silly audit   gopd: [ '1.2.0' ],
16 silly audit   'graceful-fs': [ '4.2.11' ],
16 silly audit   'has-symbols': [ '1.1.0' ],
16 silly audit   'has-tostringtag': [ '1.0.2' ],
16 silly audit   hasown: [ '2.0.2' ],
16 silly audit   'hermes-estree': [ '0.29.1', '0.32.0' ],
16 silly audit   'hermes-parser': [ '0.29.1', '0.32.0' ],
16 silly audit   'hoist-non-react-statics': [ '3.3.2' ],
16 silly audit   'hosted-git-info': [ '7.0.2' ],
16 silly audit   'lru-cache': [ '10.4.3', '5.1.1', '11.5.2' ],
16 silly audit   'html-escaper': [ '2.0.2' ],
16 silly audit   'http-errors': [ '2.0.0', '2.0.1' ],
16 silly audit   statuses: [ '2.0.1', '2.0.2', '1.5.0' ],
16 silly audit   'human-signals': [ '2.1.0' ],
16 silly audit   'hyphenate-style-name': [ '1.1.0' ],
16 silly audit   ieee754: [ '1.2.1' ],
16 silly audit   ignore: [ '5.3.2' ],
16 silly audit   'image-size': [ '1.2.0' ],
16 silly audit   'import-local': [ '3.2.0' ],
16 silly audit   imurmurhash: [ '0.1.4' ],
16 silly audit   inflight: [ '1.0.6' ],
16 silly audit   inherits: [ '2.0.4' ],
16 silly audit   ini: [ '1.3.8' ],
16 silly audit   'inline-style-prefixer': [ '7.0.1' ],
16 silly audit   invariant: [ '2.2.4' ],
16 silly audit   'is-arrayish': [ '0.2.1', '0.3.2' ],
16 silly audit   'is-binary-path': [ '2.1.0' ],
16 silly audit   'is-core-module': [ '2.16.1' ],
16 silly audit   'is-docker': [ '2.2.1' ],
16 silly audit   'is-extglob': [ '2.1.1' ],
16 silly audit   'is-fullwidth-code-point': [ '3.0.0' ],
16 silly audit   'is-generator-fn': [ '2.1.0' ],
16 silly audit   'is-glob': [ '4.0.3' ],
16 silly audit   'is-number': [ '7.0.0' ],
16 silly audit   'is-plain-obj': [ '2.1.0' ],
16 silly audit   'is-wsl': [ '2.2.0' ],
16 silly audit   isexe: [ '2.0.0' ],
16 silly audit   'istanbul-lib-coverage': [ '3.2.2' ],
16 silly audit   'istanbul-lib-report': [ '3.0.1' ],
16 silly audit   'istanbul-lib-source-maps': [ '4.0.1' ],
16 silly audit   'source-map': [ '0.6.1', '0.5.7' ],
16 silly audit   'istanbul-reports': [ '3.1.7' ],
16 silly audit   jest: [ '29.7.0' ],
16 silly audit   'jest-changed-files': [ '29.7.0' ],
16 silly audit   execa: [ '5.1.1' ],
16 silly audit   'get-stream': [ '6.0.1' ],
16 silly audit   'is-stream': [ '2.0.1' ],
16 silly audit   'mimic-fn': [ '2.1.0', '1.2.0' ],
16 silly audit   'npm-run-path': [ '4.0.1' ],
16 silly audit   onetime: [ '5.1.2', '2.0.1' ],
16 silly audit   'jest-circus': [ '29.7.0' ],
16 silly audit   'jest-cli': [ '29.7.0' ],
16 silly audit   'jest-config': [ '29.7.0' ],
16 silly audit   'jest-diff': [ '29.7.0' ],
16 silly audit   'jest-docblock': [ '29.7.0' ],
16 silly audit   'jest-each': [ '29.7.0' ],
16 silly audit   'jest-environment-node': [ '29.7.0' ],
16 silly audit   'jest-get-type': [ '29.6.3' ],
16 silly audit   'jest-haste-map': [ '29.7.0' ],
16 silly audit   'jest-leak-detector': [ '29.7.0' ],
16 silly audit   'jest-matcher-utils': [ '29.7.0' ],
16 silly audit   'jest-message-util': [ '29.7.0' ],
16 silly audit   'jest-mock': [ '29.7.0' ],
16 silly audit   'jest-pnp-resolver': [ '1.2.3' ],
16 silly audit   'jest-regex-util': [ '29.6.3' ],
16 silly audit   'jest-resolve': [ '29.7.0' ],
16 silly audit   'jest-resolve-dependencies': [ '29.7.0' ],
16 silly audit   'jest-runner': [ '29.7.0' ],
16 silly audit   'source-map-support': [ '0.5.13', '0.5.21' ],
16 silly audit   'jest-runtime': [ '29.7.0' ],
16 silly audit   'jest-snapshot': [ '29.7.0' ],
16 silly audit   'jest-util': [ '29.7.0' ],
16 silly audit   'jest-validate': [ '29.7.0' ],
16 silly audit   'jest-watcher': [ '29.7.0' ],
16 silly audit   'jest-worker': [ '29.7.0' ],
16 silly audit   'jimp-compact': [ '0.16.1' ],
16 silly audit   jiti: [ '1.21.7' ],
16 silly audit   'js-tokens': [ '4.0.0' ],
16 silly audit   'jsc-safe-url': [ '0.2.4' ],
16 silly audit   jsesc: [ '3.1.0' ],
16 silly audit   'json-parse-even-better-errors': [ '2.3.1' ],
16 silly audit   'json-schema-traverse': [ '1.0.0' ],
16 silly audit   json5: [ '2.2.3' ],
16 silly audit   kleur: [ '3.0.3' ],
16 silly audit   'lan-network': [ '0.2.1' ],
16 silly audit   leven: [ '3.1.0' ],
16 silly audit   'lighthouse-logger': [ '1.4.2' ],
16 silly audit   lightningcss: [ '1.33.0', '1.27.0' ],
16 silly audit   'lightningcss-android-arm64': [ '1.33.0' ],
16 silly audit   'lightningcss-darwin-arm64': [ '1.33.0', '1.27.0' ],
16 silly audit   'lightningcss-darwin-x64': [ '1.33.0', '1.27.0' ],
16 silly audit   'lightningcss-freebsd-x64': [ '1.33.0', '1.27.0' ],
16 silly audit   'lightningcss-linux-arm-gnueabihf': [ '1.33.0', '1.27.0' ],
16 silly audit   'lightningcss-linux-arm64-gnu': [ '1.33.0', '1.27.0' ],
16 silly audit   'lightningcss-linux-arm64-musl': [ '1.33.0', '1.27.0' ],
16 silly audit   'lightningcss-linux-x64-gnu': [ '1.33.0', '1.27.0' ],
16 silly audit   'lightningcss-linux-x64-musl': [ '1.33.0', '1.27.0' ],
16 silly audit   'lightningcss-win32-arm64-msvc': [ '1.33.0', '1.27.0' ],
16 silly audit   'lightningcss-win32-x64-msvc': [ '1.33.0', '1.27.0' ],
16 silly audit   lilconfig: [ '3.1.3' ],
16 silly audit   'lines-and-columns': [ '1.2.4' ],
16 silly audit   'lodash.debounce': [ '4.0.8' ],
16 silly audit   'lodash.throttle': [ '4.1.1' ],
16 silly audit   'log-symbols': [ '2.2.0' ],
16 silly audit   'loose-envify': [ '1.4.0' ],
16 silly audit   'make-dir': [ '4.0.0' ],
16 silly audit   makeerror: [ '1.0.12' ],
16 silly audit   marky: [ '1.2.5' ],
16 silly audit   'math-intrinsics': [ '1.1.0' ],
16 silly audit   'memoize-one': [ '5.2.1', '6.0.0' ],
16 silly audit   'merge-options': [ '3.0.4' ],
16 silly audit   'merge-stream': [ '2.0.0' ],
16 silly audit   merge2: [ '1.4.1' ],
16 silly audit   metro: [ '0.83.3' ],
16 silly audit   'metro-babel-transformer': [ '0.83.3' ],
16 silly audit   'metro-cache': [ '0.83.3' ],
16 silly audit   'metro-cache-key': [ '0.83.3' ],
16 silly audit   'agent-base': [ '7.1.4' ],
16 silly audit   'https-proxy-agent': [ '7.0.6' ],
16 silly audit   'metro-config': [ '0.83.3' ],
16 silly audit   'metro-core': [ '0.83.3' ],
16 silly audit   'metro-file-map': [ '0.83.3' ],
16 silly audit   'metro-minify-terser': [ '0.83.3' ],
16 silly audit   'metro-resolver': [ '0.83.3' ],
16 silly audit   'metro-runtime': [ '0.83.3' ],
16 silly audit   'metro-source-map': [ '0.83.3' ],
16 silly audit   'metro-symbolicate': [ '0.83.3' ],
16 silly audit   'metro-transform-plugins': [ '0.83.3' ],
16 silly audit   'metro-transform-worker': [ '0.83.3' ],
16 silly audit   micromatch: [ '4.0.8' ],
16 silly audit   mime: [ '1.6.0' ],
16 silly audit   'mime-db': [ '1.54.0', '1.52.0' ],
16 silly audit   'mime-types': [ '2.1.35' ],
16 silly audit   minimist: [ '1.2.8' ],
16 silly audit   minipass: [ '7.1.3' ],
16 silly audit   minizlib: [ '3.1.0' ],
16 silly audit   mz: [ '2.7.0' ],
16 silly audit   nanoid: [ '3.3.11' ],
16 silly audit   nativewind: [ '4.2.6' ],
16 silly audit   'natural-compare': [ '1.4.0' ],
16 silly audit   'nested-error-stacks': [ '2.0.1' ],
16 silly audit   'node-fetch': [ '2.7.0' ],
16 silly audit   tr46: [ '0.0.3' ],
16 silly audit   'webidl-conversions': [ '3.0.1', '5.0.0' ],
16 silly audit   'whatwg-url': [ '5.0.0' ],
16 silly audit   'node-forge': [ '1.4.0' ],
16 silly audit   'node-int64': [ '0.4.0' ],
16 silly audit   'node-releases': [ '2.0.27' ],
16 silly audit   'normalize-path': [ '3.0.0' ],
16 silly audit   'npm-package-arg': [ '11.0.3' ],
16 silly audit   nullthrows: [ '1.1.1' ],
16 silly audit   ob1: [ '0.83.3' ],
16 silly audit   'object-assign': [ '4.1.1' ],
16 silly audit   'object-hash': [ '3.0.0' ],
16 silly audit   'on-finished': [ '2.3.0', '2.4.1' ],
16 silly audit   'on-headers': [ '1.1.0' ],
16 silly audit   once: [ '1.4.0' ],
16 silly audit   ora: [ '3.4.0' ],
16 silly audit   'p-try': [ '2.2.0' ],
16 silly audit   'parse-json': [ '5.2.0' ],
16 silly audit   'parse-png': [ '2.1.0' ],
16 silly audit   parseurl: [ '1.3.3' ],
16 silly audit   'path-exists': [ '4.0.0' ],
16 silly audit   'path-is-absolute': [ '1.0.1' ],
16 silly audit   'path-key': [ '3.1.1' ],
16 silly audit   'path-parse': [ '1.0.7' ],
16 silly audit   'path-scurry': [ '2.0.2' ],
16 silly audit   picocolors: [ '1.1.1' ],
16 silly audit   pify: [ '2.3.0' ],
16 silly audit   pirates: [ '4.0.6' ],
16 silly audit   'pkg-dir': [ '4.2.0' ],
16 silly audit   plist: [ '3.1.0' ],
16 silly audit   pngjs: [ '3.4.0' ],
16 silly audit   postcss: [ '8.4.49' ],
16 silly audit   'postcss-import': [ '15.1.0' ],
16 silly audit   'postcss-js': [ '4.1.0' ],
16 silly audit   'postcss-load-config': [ '6.0.1' ],
16 silly audit   'postcss-nested': [ '6.2.0' ],
16 silly audit   'postcss-selector-parser': [ '6.1.4' ],
16 silly audit   'postcss-value-parser': [ '4.2.0' ],
16 silly audit   'pretty-bytes': [ '5.6.0' ],
16 silly audit   'pretty-format': [ '29.7.0' ],
16 silly audit   'proc-log': [ '4.2.0' ],
16 silly audit   progress: [ '2.0.3' ],
16 silly audit   promise: [ '7.3.1', '8.3.0' ],
16 silly audit   prompts: [ '2.4.2' ],
16 silly audit   'proxy-from-env': [ '1.1.0' ],
16 silly audit   punycode: [ '2.3.1' ],
16 silly audit   'pure-rand': [ '6.1.0' ],
16 silly audit   'qrcode-terminal': [ '0.11.0' ],
16 silly audit   'query-string': [ '7.1.3' ],
16 silly audit   queue: [ '6.0.2' ],
16 silly audit   'queue-microtask': [ '1.2.3' ],
16 silly audit   'range-parser': [ '1.2.1' ],
16 silly audit   rc: [ '1.2.8' ],
16 silly audit   'strip-json-comments': [ '2.0.1', '3.1.1' ],
16 silly audit   react: [ '19.1.0' ],
16 silly audit   'react-devtools-core': [ '6.1.5' ],
16 silly audit   'react-dom': [ '19.1.0' ],
16 silly audit   scheduler: [ '0.26.0' ],
16 silly audit   'react-fast-compare': [ '3.2.2' ],
16 silly audit   'react-freeze': [ '1.0.4' ],
16 silly audit   'react-native': [ '0.81.5' ],
16 silly audit   'react-native-css-interop': [ '0.2.6' ],
16 silly audit   'react-native-fbsdk-next': [ '13.4.1' ],
16 silly audit   'react-native-gesture-handler': [ '2.28.0' ],
16 silly audit   'react-native-image-picker': [ '8.2.1' ],
16 silly audit   'react-native-is-edge-to-edge': [ '1.2.1' ],
16 silly audit   'react-native-paper': [ '5.14.5' ],
16 silly audit   'react-native-reanimated': [ '4.1.6' ],
16 silly audit   'react-native-safe-area-context': [ '5.6.2' ],
16 silly audit   'react-native-screens': [ '4.16.0' ],
16 silly audit   'react-native-size-matters': [ '0.4.2' ],
16 silly audit   'react-native-web': [ '0.21.2' ],
16 silly audit   'react-native-webview': [ '13.15.0' ],
16 silly audit   'react-native-worklets': [ '0.5.1' ],
16 silly audit   'regenerator-runtime': [ '0.13.11', '0.14.1' ],
16 silly audit   'react-refresh': [ '0.14.2' ],
16 silly audit   'react-remove-scroll': [ '2.7.2' ],
16 silly audit   'react-remove-scroll-bar': [ '2.3.8' ],
16 silly audit   'react-style-singleton': [ '2.2.3' ],
16 silly audit   'read-cache': [ '1.0.0' ],
16 silly audit   readdirp: [ '3.6.0' ],
16 silly audit   regenerate: [ '1.4.2' ],
16 silly audit   'regenerate-unicode-properties': [ '10.2.2' ],
16 silly audit   'regexpu-core': [ '6.4.0' ],
16 silly audit   regjsgen: [ '0.8.0' ],
16 silly audit   regjsparser: [ '0.13.0' ],
16 silly audit   'require-directory': [ '2.1.1' ],
16 silly audit   'require-from-string': [ '2.0.2' ],
16 silly audit   requireg: [ '0.2.2' ],
16 silly audit   resolve: [ '1.7.1', '1.22.12' ],
16 silly audit   'resolve-cwd': [ '3.0.0' ],
16 silly audit   'resolve-from': [ '5.0.0' ],
16 silly audit   'resolve-global': [ '1.0.0' ],
16 silly audit   'resolve-workspace-root': [ '2.0.0' ],
16 silly audit   'resolve.exports': [ '2.0.3' ],
16 silly audit   'restore-cursor': [ '2.0.0' ],
16 silly audit   reusify: [ '1.1.0' ],
16 silly audit   rimraf: [ '3.0.2' ],
16 silly audit   'run-parallel': [ '1.2.0' ],
16 silly audit   'safe-buffer': [ '5.2.1' ],
16 silly audit   sax: [ '1.4.1' ],
16 silly audit   send: [ '0.19.2', '0.19.0' ],
16 silly audit   'serialize-error': [ '2.1.0' ],
16 silly audit   'serve-static': [ '1.16.2' ],
16 silly audit   'server-only': [ '0.0.1' ],
16 silly audit   setimmediate: [ '1.0.5' ],
16 silly audit   setprototypeof: [ '1.2.0' ],
16 silly audit   'sf-symbols-typescript': [ '2.1.0' ],
16 silly audit   shallowequal: [ '1.1.0' ],
16 silly audit   'shebang-command': [ '2.0.0' ],
16 silly audit   'shebang-regex': [ '3.0.0' ],
16 silly audit   'shell-quote': [ '1.8.3' ],
16 silly audit   'signal-exit': [ '3.0.7' ],
16 silly audit   'simple-plist': [ '1.3.1' ],
16 silly audit   'simple-swizzle': [ '0.2.2' ],
16 silly audit   sisteransi: [ '1.0.5' ],
16 silly audit   slash: [ '3.0.0' ],
16 silly audit   slugify: [ '1.6.6' ],
16 silly audit   'source-map-js': [ '1.2.1' ],
16 silly audit   'split-on-first': [ '1.1.0' ],
16 silly audit   'sprintf-js': [ '1.0.3' ],
16 silly audit   'stack-utils': [ '2.0.6' ],
16 silly audit   stackframe: [ '1.3.4' ],
16 silly audit   'stacktrace-parser': [ '0.1.11' ],
16 silly audit   'type-fest': [ '0.7.1', '0.21.3' ],
16 silly audit   'stream-buffers': [ '2.2.0' ],
16 silly audit   'strict-uri-encode': [ '2.0.0' ],
16 silly audit   'string-length': [ '4.0.2' ],
16 silly audit   'strip-bom': [ '4.0.0' ],
16 silly audit   'strip-final-newline': [ '2.0.0' ],
16 silly audit   'structured-headers': [ '0.4.1' ],
16 silly audit   styleq: [ '0.1.3' ],
16 silly audit   sucrase: [ '3.35.1' ],
16 silly audit   'supports-hyperlinks': [ '2.3.0' ],
16 silly audit   'supports-preserve-symlinks-flag': [ '1.0.0' ],
16 silly audit   tailwindcss: [ '3.4.19' ],
16 silly audit   tar: [ '7.5.22' ],
16 silly audit   yallist: [ '5.0.0', '3.1.1' ],
16 silly audit   'temp-dir': [ '2.0.0' ],
16 silly audit   'terminal-link': [ '2.1.1' ],
16 silly audit   terser: [ '5.39.0' ],
16 silly audit   'test-exclude': [ '6.0.0' ],
16 silly audit   thenify: [ '3.3.1' ],
16 silly audit   'thenify-all': [ '1.6.0' ],
16 silly audit   throat: [ '5.0.0' ],
16 silly audit   tinyglobby: [ '0.2.17' ],
16 silly audit   tmpl: [ '1.0.5' ],
16 silly audit   'to-regex-range': [ '5.0.1' ],
16 silly audit   toidentifier: [ '1.0.1' ],
16 silly audit   'ts-interface-checker': [ '0.1.13' ],
16 silly audit   tslib: [ '2.8.1' ],
16 silly audit   'type-detect': [ '4.0.8' ],
16 silly audit   typescript: [ '5.9.3' ],
16 silly audit   'ua-parser-js': [ '1.0.40' ],
16 silly audit   undici: [ '6.28.0' ],
16 silly audit   'undici-types': [ '6.20.0' ],
16 silly audit   'unicode-canonical-property-names-ecmascript': [ '2.0.1' ],
16 silly audit   'unicode-match-property-ecmascript': [ '2.0.0' ],
16 silly audit   'unicode-match-property-value-ecmascript': [ '2.2.1' ],
16 silly audit   'unicode-property-aliases-ecmascript': [ '2.2.0' ],
16 silly audit   'unique-string': [ '2.0.0' ],
16 silly audit   unpipe: [ '1.0.0' ],
16 silly audit   'update-browserslist-db': [ '1.2.3' ],
16 silly audit   'use-callback-ref': [ '1.3.3' ],
16 silly audit   'use-latest-callback': [ '0.2.6' ],
16 silly audit   'use-sidecar': [ '1.1.3' ],
16 silly audit   'use-sync-external-store': [ '1.6.0' ],
16 silly audit   'util-deprecate': [ '1.0.2' ],
16 silly audit   'utils-merge': [ '1.0.1' ],
16 silly audit   'v8-to-istanbul': [ '9.3.0' ],
16 silly audit   'validate-npm-package-name': [ '5.0.1' ],
16 silly audit   vary: [ '1.1.2' ],
16 silly audit   vaul: [ '1.1.2' ],
16 silly audit   vlq: [ '1.0.1' ],
16 silly audit   walker: [ '1.0.8' ],
16 silly audit   'warn-once': [ '0.1.1' ],
16 silly audit   wcwidth: [ '1.0.1' ],
16 silly audit   'whatwg-fetch': [ '3.6.20' ],
16 silly audit   'whatwg-url-without-unicode': [ '8.0.0-3' ],
16 silly audit   which: [ '2.0.2' ],
16 silly audit   wonka: [ '6.3.6' ],
16 silly audit   'wrap-ansi': [ '7.0.0' ],
16 silly audit   wrappy: [ '1.0.2' ],
16 silly audit   xcode: [ '3.0.1' ],
16 silly audit   uuid: [ '7.0.3' ],
16 silly audit   xml2js: [ '0.6.0' ],
16 silly audit   xmlbuilder: [ '11.0.1', '15.1.1' ],
16 silly audit   y18n: [ '5.0.8' ],
16 silly audit   yaml: [ '2.8.2' ],
16 silly audit   yargs: [ '17.7.2' ],
16 silly audit   'yargs-parser': [ '21.1.1' ],
16 silly audit   'yocto-queue': [ '0.1.0' ]
16 silly audit }
17 verbose reify failed optional dependency /home/gui/Coding/JacacultMap/jacacultmap-app/node_modules/react-native-css-interop/node_modules/lightningcss-win32-x64-msvc
18 silly reify mark deleted [
18 silly reify   '/home/gui/Coding/JacacultMap/jacacultmap-app/node_modules/react-native-css-interop/node_modules/lightningcss-win32-x64-msvc'
18 silly reify ]
19 verbose reify failed optional dependency /home/gui/Coding/JacacultMap/jacacultmap-app/node_modules/react-native-css-interop/node_modules/lightningcss-win32-arm64-msvc
20 silly reify mark deleted [
20 silly reify   '/home/gui/Coding/JacacultMap/jacacultmap-app/node_modules/react-native-css-interop/node_modules/lightningcss-win32-arm64-msvc'
20 silly reify ]
21 verbose reify failed optional dependency /home/gui/Coding/JacacultMap/jacacultmap-app/node_modules/react-native-css-interop/node_modules/lightningcss-linux-arm64-musl
22 silly reify mark deleted [
22 silly reify   '/home/gui/Coding/JacacultMap/jacacultmap-app/node_modules/react-native-css-interop/node_modules/lightningcss-linux-arm64-musl'
22 silly reify ]
23 verbose reify failed optional dependency /home/gui/Coding/JacacultMap/jacacultmap-app/node_modules/react-native-css-interop/node_modules/lightningcss-linux-arm64-gnu
24 silly reify mark deleted [
24 silly reify   '/home/gui/Coding/JacacultMap/jacacultmap-app/node_modules/react-native-css-interop/node_modules/lightningcss-linux-arm64-gnu'
24 silly reify ]
25 verbose reify failed optional dependency /home/gui/Coding/JacacultMap/jacacultmap-app/node_modules/react-native-css-interop/node_modules/lightningcss-linux-arm-gnueabihf
26 silly reify mark deleted [
26 silly reify   '/home/gui/Coding/JacacultMap/jacacultmap-app/node_modules/react-native-css-interop/node_modules/lightningcss-linux-arm-gnueabihf'
26 silly reify ]
27 verbose reify failed optional dependency /home/gui/Coding/JacacultMap/jacacultmap-app/node_modules/react-native-css-interop/node_modules/lightningcss-freebsd-x64
28 silly reify mark deleted [
28 silly reify   '/home/gui/Coding/JacacultMap/jacacultmap-app/node_modules/react-native-css-interop/node_modules/lightningcss-freebsd-x64'
28 silly reify ]
29 verbose reify failed optional dependency /home/gui/Coding/JacacultMap/jacacultmap-app/node_modules/react-native-css-interop/node_modules/lightningcss-darwin-x64
30 silly reify mark deleted [
30 silly reify   '/home/gui/Coding/JacacultMap/jacacultmap-app/node_modules/react-native-css-interop/node_modules/lightningcss-darwin-x64'
30 silly reify ]
31 verbose reify failed optional dependency /home/gui/Coding/JacacultMap/jacacultmap-app/node_modules/react-native-css-interop/node_modules/lightningcss-darwin-arm64
32 silly reify mark deleted [
32 silly reify   '/home/gui/Coding/JacacultMap/jacacultmap-app/node_modules/react-native-css-interop/node_modules/lightningcss-darwin-arm64'
32 silly reify ]
33 verbose reify failed optional dependency /home/gui/Coding/JacacultMap/jacacultmap-app/node_modules/lightningcss-win32-x64-msvc
34 silly reify mark deleted [
34 silly reify   '/home/gui/Coding/JacacultMap/jacacultmap-app/node_modules/lightningcss-win32-x64-msvc'
34 silly reify ]
35 verbose reify failed optional dependency /home/gui/Coding/JacacultMap/jacacultmap-app/node_modules/lightningcss-win32-arm64-msvc
36 silly reify mark deleted [
36 silly reify   '/home/gui/Coding/JacacultMap/jacacultmap-app/node_modules/lightningcss-win32-arm64-msvc'
36 silly reify ]
37 verbose reify failed optional dependency /home/gui/Coding/JacacultMap/jacacultmap-app/node_modules/lightningcss-linux-arm64-musl
38 silly reify mark deleted [
38 silly reify   '/home/gui/Coding/JacacultMap/jacacultmap-app/node_modules/lightningcss-linux-arm64-musl'
38 silly reify ]
39 verbose reify failed optional dependency /home/gui/Coding/JacacultMap/jacacultmap-app/node_modules/lightningcss-linux-arm64-gnu
40 silly reify mark deleted [
40 silly reify   '/home/gui/Coding/JacacultMap/jacacultmap-app/node_modules/lightningcss-linux-arm64-gnu'
40 silly reify ]
41 verbose reify failed optional dependency /home/gui/Coding/JacacultMap/jacacultmap-app/node_modules/lightningcss-linux-arm-gnueabihf
42 silly reify mark deleted [
42 silly reify   '/home/gui/Coding/JacacultMap/jacacultmap-app/node_modules/lightningcss-linux-arm-gnueabihf'
42 silly reify ]
43 verbose reify failed optional dependency /home/gui/Coding/JacacultMap/jacacultmap-app/node_modules/lightningcss-freebsd-x64
44 silly reify mark deleted [
44 silly reify   '/home/gui/Coding/JacacultMap/jacacultmap-app/node_modules/lightningcss-freebsd-x64'
44 silly reify ]
45 verbose reify failed optional dependency /home/gui/Coding/JacacultMap/jacacultmap-app/node_modules/lightningcss-darwin-x64
46 silly reify mark deleted [
46 silly reify   '/home/gui/Coding/JacacultMap/jacacultmap-app/node_modules/lightningcss-darwin-x64'
46 silly reify ]
47 verbose reify failed optional dependency /home/gui/Coding/JacacultMap/jacacultmap-app/node_modules/lightningcss-darwin-arm64
48 silly reify mark deleted [
48 silly reify   '/home/gui/Coding/JacacultMap/jacacultmap-app/node_modules/lightningcss-darwin-arm64'
48 silly reify ]
49 verbose reify failed optional dependency /home/gui/Coding/JacacultMap/jacacultmap-app/node_modules/lightningcss-android-arm64
50 silly reify mark deleted [
50 silly reify   '/home/gui/Coding/JacacultMap/jacacultmap-app/node_modules/lightningcss-android-arm64'
50 silly reify ]
51 verbose reify failed optional dependency /home/gui/Coding/JacacultMap/jacacultmap-app/node_modules/fsevents
52 silly reify mark deleted [
52 silly reify   '/home/gui/Coding/JacacultMap/jacacultmap-app/node_modules/fsevents'
52 silly reify ]
53 http cache yocto-queue@https://registry.npmjs.org/yocto-queue/-/yocto-queue-0.1.0.tgz 1ms (cache hit)
54 http cache yargs@https://registry.npmjs.org/yargs/-/yargs-17.7.2.tgz 0ms (cache hit)
55 http cache yargs-parser@https://registry.npmjs.org/yargs-parser/-/yargs-parser-21.1.1.tgz 0ms (cache hit)
56 http cache yaml@https://registry.npmjs.org/yaml/-/yaml-2.8.2.tgz 0ms (cache hit)
57 http cache yallist@https://registry.npmjs.org/yallist/-/yallist-3.1.1.tgz 0ms (cache hit)
58 http cache y18n@https://registry.npmjs.org/y18n/-/y18n-5.0.8.tgz 0ms (cache hit)
59 http cache xmlbuilder@https://registry.npmjs.org/xmlbuilder/-/xmlbuilder-15.1.1.tgz 0ms (cache hit)
60 http cache xml2js@https://registry.npmjs.org/xml2js/-/xml2js-0.6.0.tgz 0ms (cache hit)
61 http cache ws@https://registry.npmjs.org/ws/-/ws-8.21.2.tgz 0ms (cache hit)
62 http cache wrappy@https://registry.npmjs.org/wrappy/-/wrappy-1.0.2.tgz 1ms (cache hit)
63 http cache wonka@https://registry.npmjs.org/wonka/-/wonka-6.3.6.tgz 0ms (cache hit)
64 http cache wrap-ansi@https://registry.npmjs.org/wrap-ansi/-/wrap-ansi-7.0.0.tgz 0ms (cache hit)
65 http cache which@https://registry.npmjs.org/which/-/which-2.0.2.tgz 0ms (cache hit)
66 http cache whatwg-url-without-unicode@https://registry.npmjs.org/whatwg-url-without-unicode/-/whatwg-url-without-unicode-8.0.0-3.tgz 0ms (cache hit)
67 http cache whatwg-fetch@https://registry.npmjs.org/whatwg-fetch/-/whatwg-fetch-3.6.20.tgz 0ms (cache hit)
68 http cache xcode@https://registry.npmjs.org/xcode/-/xcode-3.0.1.tgz 0ms (cache hit)
69 http cache wcwidth@https://registry.npmjs.org/wcwidth/-/wcwidth-1.0.1.tgz 0ms (cache hit)
70 http cache warn-once@https://registry.npmjs.org/warn-once/-/warn-once-0.1.1.tgz 0ms (cache hit)
71 http cache vlq@https://registry.npmjs.org/vlq/-/vlq-1.0.1.tgz 0ms (cache hit)
72 http cache walker@https://registry.npmjs.org/walker/-/walker-1.0.8.tgz 0ms (cache hit)
73 http cache vaul@https://registry.npmjs.org/vaul/-/vaul-1.1.2.tgz 0ms (cache hit)
74 http cache vary@https://registry.npmjs.org/vary/-/vary-1.1.2.tgz 0ms (cache hit)
75 http cache v8-to-istanbul@https://registry.npmjs.org/v8-to-istanbul/-/v8-to-istanbul-9.3.0.tgz 0ms (cache hit)
76 http cache validate-npm-package-name@https://registry.npmjs.org/validate-npm-package-name/-/validate-npm-package-name-5.0.1.tgz 0ms (cache hit)
77 http cache utils-merge@https://registry.npmjs.org/utils-merge/-/utils-merge-1.0.1.tgz 0ms (cache hit)
78 http cache util-deprecate@https://registry.npmjs.org/util-deprecate/-/util-deprecate-1.0.2.tgz 0ms (cache hit)
79 http cache use-sidecar@https://registry.npmjs.org/use-sidecar/-/use-sidecar-1.1.3.tgz 0ms (cache hit)
80 http cache use-sync-external-store@https://registry.npmjs.org/use-sync-external-store/-/use-sync-external-store-1.6.0.tgz 0ms (cache hit)
81 http cache use-latest-callback@https://registry.npmjs.org/use-latest-callback/-/use-latest-callback-0.2.6.tgz 0ms (cache hit)
82 http cache use-callback-ref@https://registry.npmjs.org/use-callback-ref/-/use-callback-ref-1.3.3.tgz 0ms (cache hit)
83 http cache update-browserslist-db@https://registry.npmjs.org/update-browserslist-db/-/update-browserslist-db-1.2.3.tgz 0ms (cache hit)
84 http cache unpipe@https://registry.npmjs.org/unpipe/-/unpipe-1.0.0.tgz 0ms (cache hit)
85 http cache unique-string@https://registry.npmjs.org/unique-string/-/unique-string-2.0.0.tgz 0ms (cache hit)
86 http cache unicode-match-property-value-ecmascript@https://registry.npmjs.org/unicode-match-property-value-ecmascript/-/unicode-match-property-value-ecmascript-2.2.1.tgz 0ms (cache hit)
87 http cache unicode-match-property-ecmascript@https://registry.npmjs.org/unicode-match-property-ecmascript/-/unicode-match-property-ecmascript-2.0.0.tgz 0ms (cache hit)
88 http cache unicode-property-aliases-ecmascript@https://registry.npmjs.org/unicode-property-aliases-ecmascript/-/unicode-property-aliases-ecmascript-2.2.0.tgz 0ms (cache hit)
89 http cache unicode-canonical-property-names-ecmascript@https://registry.npmjs.org/unicode-canonical-property-names-ecmascript/-/unicode-canonical-property-names-ecmascript-2.0.1.tgz 0ms (cache hit)
90 http cache undici-types@https://registry.npmjs.org/undici-types/-/undici-types-6.20.0.tgz 0ms (cache hit)
91 http cache undici@https://registry.npmjs.org/undici/-/undici-6.28.0.tgz 0ms (cache hit)
92 http cache typescript@https://registry.npmjs.org/typescript/-/typescript-5.9.3.tgz 0ms (cache hit)
93 http cache ua-parser-js@https://registry.npmjs.org/ua-parser-js/-/ua-parser-js-1.0.40.tgz 0ms (cache hit)
94 http cache type-detect@https://registry.npmjs.org/type-detect/-/type-detect-4.0.8.tgz 0ms (cache hit)
95 http cache tslib@https://registry.npmjs.org/tslib/-/tslib-2.8.1.tgz 0ms (cache hit)
96 http cache type-fest@https://registry.npmjs.org/type-fest/-/type-fest-0.21.3.tgz 0ms (cache hit)
97 http cache ts-interface-checker@https://registry.npmjs.org/ts-interface-checker/-/ts-interface-checker-0.1.13.tgz 0ms (cache hit)
98 http cache toidentifier@https://registry.npmjs.org/toidentifier/-/toidentifier-1.0.1.tgz 0ms (cache hit)
99 http cache to-regex-range@https://registry.npmjs.org/to-regex-range/-/to-regex-range-5.0.1.tgz 0ms (cache hit)
100 http cache tmpl@https://registry.npmjs.org/tmpl/-/tmpl-1.0.5.tgz 0ms (cache hit)
101 http cache throat@https://registry.npmjs.org/throat/-/throat-5.0.0.tgz 0ms (cache hit)
102 http cache tinyglobby@https://registry.npmjs.org/tinyglobby/-/tinyglobby-0.2.17.tgz 0ms (cache hit)
103 http cache thenify-all@https://registry.npmjs.org/thenify-all/-/thenify-all-1.6.0.tgz 0ms (cache hit)
104 http cache thenify@https://registry.npmjs.org/thenify/-/thenify-3.3.1.tgz 0ms (cache hit)
105 http cache terser@https://registry.npmjs.org/terser/-/terser-5.39.0.tgz 0ms (cache hit)
106 http cache test-exclude@https://registry.npmjs.org/test-exclude/-/test-exclude-6.0.0.tgz 0ms (cache hit)
107 http cache terminal-link@https://registry.npmjs.org/terminal-link/-/terminal-link-2.1.1.tgz 0ms (cache hit)
108 http cache temp-dir@https://registry.npmjs.org/temp-dir/-/temp-dir-2.0.0.tgz 0ms (cache hit)
109 http cache tar@https://registry.npmjs.org/tar/-/tar-7.5.22.tgz 0ms (cache hit)
110 http cache supports-preserve-symlinks-flag@https://registry.npmjs.org/supports-preserve-symlinks-flag/-/supports-preserve-symlinks-flag-1.0.0.tgz 0ms (cache hit)
111 http cache tailwindcss@https://registry.npmjs.org/tailwindcss/-/tailwindcss-3.4.19.tgz 0ms (cache hit)
112 http cache supports-hyperlinks@https://registry.npmjs.org/supports-hyperlinks/-/supports-hyperlinks-2.3.0.tgz 0ms (cache hit)
113 http cache supports-color@https://registry.npmjs.org/supports-color/-/supports-color-7.2.0.tgz 0ms (cache hit)
114 http cache styleq@https://registry.npmjs.org/styleq/-/styleq-0.1.3.tgz 0ms (cache hit)
115 http cache sucrase@https://registry.npmjs.org/sucrase/-/sucrase-3.35.1.tgz 0ms (cache hit)
116 http cache structured-headers@https://registry.npmjs.org/structured-headers/-/structured-headers-0.4.1.tgz 0ms (cache hit)
117 http cache strip-json-comments@https://registry.npmjs.org/strip-json-comments/-/strip-json-comments-3.1.1.tgz 0ms (cache hit)
118 http cache strip-final-newline@https://registry.npmjs.org/strip-final-newline/-/strip-final-newline-2.0.0.tgz 0ms (cache hit)
119 http cache strip-bom@https://registry.npmjs.org/strip-bom/-/strip-bom-4.0.0.tgz 0ms (cache hit)
120 http cache strip-ansi@https://registry.npmjs.org/strip-ansi/-/strip-ansi-5.2.0.tgz 0ms (cache hit)
121 http cache string-length@https://registry.npmjs.org/string-length/-/string-length-4.0.2.tgz 0ms (cache hit)
122 http cache strict-uri-encode@https://registry.npmjs.org/strict-uri-encode/-/strict-uri-encode-2.0.0.tgz 0ms (cache hit)
123 http cache statuses@https://registry.npmjs.org/statuses/-/statuses-1.5.0.tgz 0ms (cache hit)
124 http cache stacktrace-parser@https://registry.npmjs.org/stacktrace-parser/-/stacktrace-parser-0.1.11.tgz 0ms (cache hit)
125 http cache stream-buffers@https://registry.npmjs.org/stream-buffers/-/stream-buffers-2.2.0.tgz 0ms (cache hit)
126 http cache stackframe@https://registry.npmjs.org/stackframe/-/stackframe-1.3.4.tgz 1ms (cache hit)
127 http cache stack-utils@https://registry.npmjs.org/stack-utils/-/stack-utils-2.0.6.tgz 0ms (cache hit)
128 http cache split-on-first@https://registry.npmjs.org/split-on-first/-/split-on-first-1.1.0.tgz 0ms (cache hit)
129 http cache sprintf-js@https://registry.npmjs.org/sprintf-js/-/sprintf-js-1.0.3.tgz 0ms (cache hit)
130 http cache source-map-support@https://registry.npmjs.org/source-map-support/-/source-map-support-0.5.21.tgz 0ms (cache hit)
131 http cache source-map-js@https://registry.npmjs.org/source-map-js/-/source-map-js-1.2.1.tgz 0ms (cache hit)
132 http cache slugify@https://registry.npmjs.org/slugify/-/slugify-1.6.6.tgz 0ms (cache hit)
133 http cache slash@https://registry.npmjs.org/slash/-/slash-3.0.0.tgz 0ms (cache hit)
134 http cache source-map@https://registry.npmjs.org/source-map/-/source-map-0.5.7.tgz 0ms (cache hit)
135 http cache sisteransi@https://registry.npmjs.org/sisteransi/-/sisteransi-1.0.5.tgz 0ms (cache hit)
136 http cache simple-swizzle@https://registry.npmjs.org/simple-swizzle/-/simple-swizzle-0.2.2.tgz 0ms (cache hit)
137 http cache signal-exit@https://registry.npmjs.org/signal-exit/-/signal-exit-3.0.7.tgz 0ms (cache hit)
138 http cache shell-quote@https://registry.npmjs.org/shell-quote/-/shell-quote-1.8.3.tgz 0ms (cache hit)
139 http cache simple-plist@https://registry.npmjs.org/simple-plist/-/simple-plist-1.3.1.tgz 0ms (cache hit)
140 http cache shebang-regex@https://registry.npmjs.org/shebang-regex/-/shebang-regex-3.0.0.tgz 0ms (cache hit)
141 http cache shebang-command@https://registry.npmjs.org/shebang-command/-/shebang-command-2.0.0.tgz 0ms (cache hit)
142 http cache sf-symbols-typescript@https://registry.npmjs.org/sf-symbols-typescript/-/sf-symbols-typescript-2.1.0.tgz 0ms (cache hit)
143 http cache shallowequal@https://registry.npmjs.org/shallowequal/-/shallowequal-1.1.0.tgz 0ms (cache hit)
144 http cache setprototypeof@https://registry.npmjs.org/setprototypeof/-/setprototypeof-1.2.0.tgz 0ms (cache hit)
145 http cache setimmediate@https://registry.npmjs.org/setimmediate/-/setimmediate-1.0.5.tgz 0ms (cache hit)
146 http cache server-only@https://registry.npmjs.org/server-only/-/server-only-0.0.1.tgz 0ms (cache hit)
147 http cache serialize-error@https://registry.npmjs.org/serialize-error/-/serialize-error-2.1.0.tgz 0ms (cache hit)
148 http cache serve-static@https://registry.npmjs.org/serve-static/-/serve-static-1.16.2.tgz 0ms (cache hit)
149 http cache send@https://registry.npmjs.org/send/-/send-0.19.2.tgz 0ms (cache hit)
150 http cache semver@https://registry.npmjs.org/semver/-/semver-6.3.1.tgz 0ms (cache hit)
151 http cache sax@https://registry.npmjs.org/sax/-/sax-1.4.1.tgz 0ms (cache hit)
152 http cache safe-buffer@https://registry.npmjs.org/safe-buffer/-/safe-buffer-5.2.1.tgz 0ms (cache hit)
153 http cache rimraf@https://registry.npmjs.org/rimraf/-/rimraf-3.0.2.tgz 0ms (cache hit)
154 http cache reusify@https://registry.npmjs.org/reusify/-/reusify-1.1.0.tgz 0ms (cache hit)
155 http cache run-parallel@https://registry.npmjs.org/run-parallel/-/run-parallel-1.2.0.tgz 1ms (cache hit)
156 http cache restore-cursor@https://registry.npmjs.org/restore-cursor/-/restore-cursor-2.0.0.tgz 0ms (cache hit)
157 http cache resolve.exports@https://registry.npmjs.org/resolve.exports/-/resolve.exports-2.0.3.tgz 0ms (cache hit)
158 http cache resolve-global@https://registry.npmjs.org/resolve-global/-/resolve-global-1.0.0.tgz 0ms (cache hit)
159 http cache resolve-workspace-root@https://registry.npmjs.org/resolve-workspace-root/-/resolve-workspace-root-2.0.0.tgz 0ms (cache hit)
160 http cache resolve-from@https://registry.npmjs.org/resolve-from/-/resolve-from-5.0.0.tgz 0ms (cache hit)
161 http cache resolve-cwd@https://registry.npmjs.org/resolve-cwd/-/resolve-cwd-3.0.0.tgz 0ms (cache hit)
162 http cache requireg@https://registry.npmjs.org/requireg/-/requireg-0.2.2.tgz 1ms (cache hit)
163 http cache resolve@https://registry.npmjs.org/resolve/-/resolve-1.22.12.tgz 0ms (cache hit)
164 http cache require-from-string@https://registry.npmjs.org/require-from-string/-/require-from-string-2.0.2.tgz 0ms (cache hit)
165 http cache require-directory@https://registry.npmjs.org/require-directory/-/require-directory-2.1.1.tgz 0ms (cache hit)
166 http cache regjsgen@https://registry.npmjs.org/regjsgen/-/regjsgen-0.8.0.tgz 0ms (cache hit)
167 http cache regexpu-core@https://registry.npmjs.org/regexpu-core/-/regexpu-core-6.4.0.tgz 0ms (cache hit)
168 http cache regjsparser@https://registry.npmjs.org/regjsparser/-/regjsparser-0.13.0.tgz 0ms (cache hit)
169 http cache regenerator-runtime@https://registry.npmjs.org/regenerator-runtime/-/regenerator-runtime-0.14.1.tgz 0ms (cache hit)
170 http cache regenerate-unicode-properties@https://registry.npmjs.org/regenerate-unicode-properties/-/regenerate-unicode-properties-10.2.2.tgz 0ms (cache hit)
171 http cache regenerate@https://registry.npmjs.org/regenerate/-/regenerate-1.4.2.tgz 0ms (cache hit)
172 http cache readdirp@https://registry.npmjs.org/readdirp/-/readdirp-3.6.0.tgz 0ms (cache hit)
173 http cache read-cache@https://registry.npmjs.org/read-cache/-/read-cache-1.0.0.tgz 0ms (cache hit)
174 http cache react-style-singleton@https://registry.npmjs.org/react-style-singleton/-/react-style-singleton-2.2.3.tgz 0ms (cache hit)
175 http cache react-remove-scroll-bar@https://registry.npmjs.org/react-remove-scroll-bar/-/react-remove-scroll-bar-2.3.8.tgz 0ms (cache hit)
176 http cache react-remove-scroll@https://registry.npmjs.org/react-remove-scroll/-/react-remove-scroll-2.7.2.tgz 0ms (cache hit)
177 http cache react-refresh@https://registry.npmjs.org/react-refresh/-/react-refresh-0.14.2.tgz 0ms (cache hit)
178 http cache react-native-worklets@https://registry.npmjs.org/react-native-worklets/-/react-native-worklets-0.5.1.tgz 0ms (cache hit)
179 http cache react-native-web@https://registry.npmjs.org/react-native-web/-/react-native-web-0.21.2.tgz 0ms (cache hit)
180 http cache react-native-webview@https://registry.npmjs.org/react-native-webview/-/react-native-webview-13.15.0.tgz 0ms (cache hit)
181 http cache react-native-size-matters@https://registry.npmjs.org/react-native-size-matters/-/react-native-size-matters-0.4.2.tgz 0ms (cache hit)
182 http cache react-native-screens@https://registry.npmjs.org/react-native-screens/-/react-native-screens-4.16.0.tgz 0ms (cache hit)
183 http cache react-native-reanimated@https://registry.npmjs.org/react-native-reanimated/-/react-native-reanimated-4.1.6.tgz 0ms (cache hit)
184 http cache react-native-safe-area-context@https://registry.npmjs.org/react-native-safe-area-context/-/react-native-safe-area-context-5.6.2.tgz 0ms (cache hit)
185 http cache react-native-paper@https://registry.npmjs.org/react-native-paper/-/react-native-paper-5.14.5.tgz 0ms (cache hit)
186 http cache react-native-is-edge-to-edge@https://registry.npmjs.org/react-native-is-edge-to-edge/-/react-native-is-edge-to-edge-1.2.1.tgz 0ms (cache hit)
187 http cache react-native-gesture-handler@https://registry.npmjs.org/react-native-gesture-handler/-/react-native-gesture-handler-2.28.0.tgz 1ms (cache hit)
188 http cache react-native-image-picker@https://registry.npmjs.org/react-native-image-picker/-/react-native-image-picker-8.2.1.tgz 0ms (cache hit)
189 http cache react-native-fbsdk-next@https://registry.npmjs.org/react-native-fbsdk-next/-/react-native-fbsdk-next-13.4.1.tgz 0ms (cache hit)
190 http cache react-native-css-interop@https://registry.npmjs.org/react-native-css-interop/-/react-native-css-interop-0.2.6.tgz 0ms (cache hit)
191 http cache react-native@https://registry.npmjs.org/react-native/-/react-native-0.81.5.tgz 0ms (cache hit)
192 http cache react-is@https://registry.npmjs.org/react-is/-/react-is-18.3.1.tgz 0ms (cache hit)
193 http cache react-freeze@https://registry.npmjs.org/react-freeze/-/react-freeze-1.0.4.tgz 0ms (cache hit)
194 http cache react-fast-compare@https://registry.npmjs.org/react-fast-compare/-/react-fast-compare-3.2.2.tgz 0ms (cache hit)
195 http cache react-devtools-core@https://registry.npmjs.org/react-devtools-core/-/react-devtools-core-6.1.5.tgz 0ms (cache hit)
196 http cache react@https://registry.npmjs.org/react/-/react-19.1.0.tgz 0ms (cache hit)
197 http cache react-dom@https://registry.npmjs.org/react-dom/-/react-dom-19.1.0.tgz 0ms (cache hit)
198 http cache rc@https://registry.npmjs.org/rc/-/rc-1.2.8.tgz 0ms (cache hit)
199 http cache range-parser@https://registry.npmjs.org/range-parser/-/range-parser-1.2.1.tgz 0ms (cache hit)
200 http cache queue-microtask@https://registry.npmjs.org/queue-microtask/-/queue-microtask-1.2.3.tgz 0ms (cache hit)
201 http cache queue@https://registry.npmjs.org/queue/-/queue-6.0.2.tgz 0ms (cache hit)
202 http cache query-string@https://registry.npmjs.org/query-string/-/query-string-7.1.3.tgz 0ms (cache hit)
203 http cache punycode@https://registry.npmjs.org/punycode/-/punycode-2.3.1.tgz 0ms (cache hit)
204 http cache pure-rand@https://registry.npmjs.org/pure-rand/-/pure-rand-6.1.0.tgz 0ms (cache hit)
205 http cache qrcode-terminal@https://registry.npmjs.org/qrcode-terminal/-/qrcode-terminal-0.11.0.tgz 0ms (cache hit)
206 http cache proxy-from-env@https://registry.npmjs.org/proxy-from-env/-/proxy-from-env-1.1.0.tgz 0ms (cache hit)
207 http cache prompts@https://registry.npmjs.org/prompts/-/prompts-2.4.2.tgz 0ms (cache hit)
208 http cache progress@https://registry.npmjs.org/progress/-/progress-2.0.3.tgz 0ms (cache hit)
209 http cache promise@https://registry.npmjs.org/promise/-/promise-7.3.1.tgz 0ms (cache hit)
210 http cache proc-log@https://registry.npmjs.org/proc-log/-/proc-log-4.2.0.tgz 0ms (cache hit)
211 http cache pretty-format@https://registry.npmjs.org/pretty-format/-/pretty-format-29.7.0.tgz 0ms (cache hit)
212 http cache pretty-bytes@https://registry.npmjs.org/pretty-bytes/-/pretty-bytes-5.6.0.tgz 0ms (cache hit)
213 http cache postcss-value-parser@https://registry.npmjs.org/postcss-value-parser/-/postcss-value-parser-4.2.0.tgz 0ms (cache hit)
214 http cache postcss-selector-parser@https://registry.npmjs.org/postcss-selector-parser/-/postcss-selector-parser-6.1.4.tgz 0ms (cache hit)
215 http cache postcss-nested@https://registry.npmjs.org/postcss-nested/-/postcss-nested-6.2.0.tgz 0ms (cache hit)
216 http cache postcss-load-config@https://registry.npmjs.org/postcss-load-config/-/postcss-load-config-6.0.1.tgz 0ms (cache hit)
217 http cache postcss-js@https://registry.npmjs.org/postcss-js/-/postcss-js-4.1.0.tgz 0ms (cache hit)
218 http cache postcss-import@https://registry.npmjs.org/postcss-import/-/postcss-import-15.1.0.tgz 0ms (cache hit)
219 http cache postcss@https://registry.npmjs.org/postcss/-/postcss-8.4.49.tgz 0ms (cache hit)
220 http cache pngjs@https://registry.npmjs.org/pngjs/-/pngjs-3.4.0.tgz 0ms (cache hit)
221 http cache pkg-dir@https://registry.npmjs.org/pkg-dir/-/pkg-dir-4.2.0.tgz 0ms (cache hit)
222 http cache plist@https://registry.npmjs.org/plist/-/plist-3.1.0.tgz 0ms (cache hit)
223 http cache pirates@https://registry.npmjs.org/pirates/-/pirates-4.0.6.tgz 0ms (cache hit)
224 http cache pify@https://registry.npmjs.org/pify/-/pify-2.3.0.tgz 0ms (cache hit)
225 http cache picomatch@https://registry.npmjs.org/picomatch/-/picomatch-4.0.5.tgz 0ms (cache hit)
226 http cache path-scurry@https://registry.npmjs.org/path-scurry/-/path-scurry-2.0.2.tgz 0ms (cache hit)
227 http cache picocolors@https://registry.npmjs.org/picocolors/-/picocolors-1.1.1.tgz 0ms (cache hit)
228 http cache path-parse@https://registry.npmjs.org/path-parse/-/path-parse-1.0.7.tgz 0ms (cache hit)
229 http cache path-key@https://registry.npmjs.org/path-key/-/path-key-3.1.1.tgz 0ms (cache hit)
230 http cache path-exists@https://registry.npmjs.org/path-exists/-/path-exists-4.0.0.tgz 0ms (cache hit)
231 http cache path-is-absolute@https://registry.npmjs.org/path-is-absolute/-/path-is-absolute-1.0.1.tgz 0ms (cache hit)
232 http cache parseurl@https://registry.npmjs.org/parseurl/-/parseurl-1.3.3.tgz 0ms (cache hit)
233 http cache parse-png@https://registry.npmjs.org/parse-png/-/parse-png-2.1.0.tgz 0ms (cache hit)
234 http cache p-try@https://registry.npmjs.org/p-try/-/p-try-2.2.0.tgz 0ms (cache hit)
235 http cache parse-json@https://registry.npmjs.org/parse-json/-/parse-json-5.2.0.tgz 0ms (cache hit)
236 http cache p-limit@https://registry.npmjs.org/p-limit/-/p-limit-3.1.0.tgz 0ms (cache hit)
237 http cache ora@https://registry.npmjs.org/ora/-/ora-3.4.0.tgz 0ms (cache hit)
238 http cache onetime@https://registry.npmjs.org/onetime/-/onetime-2.0.1.tgz 0ms (cache hit)
239 http cache open@https://registry.npmjs.org/open/-/open-7.4.2.tgz 0ms (cache hit)
240 http cache once@https://registry.npmjs.org/once/-/once-1.4.0.tgz 0ms (cache hit)
241 http cache on-headers@https://registry.npmjs.org/on-headers/-/on-headers-1.1.0.tgz 0ms (cache hit)
242 http cache object-hash@https://registry.npmjs.org/object-hash/-/object-hash-3.0.0.tgz 0ms (cache hit)
243 http cache object-assign@https://registry.npmjs.org/object-assign/-/object-assign-4.1.1.tgz 0ms (cache hit)
244 http cache on-finished@https://registry.npmjs.org/on-finished/-/on-finished-2.3.0.tgz 0ms (cache hit)
245 http cache ob1@https://registry.npmjs.org/ob1/-/ob1-0.83.3.tgz 0ms (cache hit)
246 http cache nullthrows@https://registry.npmjs.org/nullthrows/-/nullthrows-1.1.1.tgz 0ms (cache hit)
247 http cache npm-package-arg@https://registry.npmjs.org/npm-package-arg/-/npm-package-arg-11.0.3.tgz 0ms (cache hit)
248 http cache normalize-path@https://registry.npmjs.org/normalize-path/-/normalize-path-3.0.0.tgz 0ms (cache hit)
249 http cache node-releases@https://registry.npmjs.org/node-releases/-/node-releases-2.0.27.tgz 0ms (cache hit)
250 http cache node-forge@https://registry.npmjs.org/node-forge/-/node-forge-1.4.0.tgz 0ms (cache hit)
251 http cache node-fetch@https://registry.npmjs.org/node-fetch/-/node-fetch-2.7.0.tgz 0ms (cache hit)
252 http cache node-int64@https://registry.npmjs.org/node-int64/-/node-int64-0.4.0.tgz 0ms (cache hit)
253 http cache negotiator@https://registry.npmjs.org/negotiator/-/negotiator-0.6.3.tgz 0ms (cache hit)
254 http cache nested-error-stacks@https://registry.npmjs.org/nested-error-stacks/-/nested-error-stacks-2.0.1.tgz 0ms (cache hit)
255 http cache natural-compare@https://registry.npmjs.org/natural-compare/-/natural-compare-1.4.0.tgz 0ms (cache hit)
256 http cache nativewind@https://registry.npmjs.org/nativewind/-/nativewind-4.2.6.tgz 0ms (cache hit)
257 http cache nanoid@https://registry.npmjs.org/nanoid/-/nanoid-3.3.11.tgz 0ms (cache hit)
258 http cache ms@https://registry.npmjs.org/ms/-/ms-2.1.3.tgz 0ms (cache hit)
259 http cache minizlib@https://registry.npmjs.org/minizlib/-/minizlib-3.1.0.tgz 0ms (cache hit)
260 http cache mz@https://registry.npmjs.org/mz/-/mz-2.7.0.tgz 0ms (cache hit)
261 http cache minipass@https://registry.npmjs.org/minipass/-/minipass-7.1.3.tgz 0ms (cache hit)
262 http cache minimist@https://registry.npmjs.org/minimist/-/minimist-1.2.8.tgz 0ms (cache hit)
263 http cache minimatch@https://registry.npmjs.org/minimatch/-/minimatch-3.1.2.tgz 0ms (cache hit)
264 http cache mimic-fn@https://registry.npmjs.org/mimic-fn/-/mimic-fn-1.2.0.tgz 0ms (cache hit)
265 http cache mime-types@https://registry.npmjs.org/mime-types/-/mime-types-2.1.35.tgz 0ms (cache hit)
266 http cache mime-db@https://registry.npmjs.org/mime-db/-/mime-db-1.54.0.tgz 1ms (cache hit)
267 http cache mime@https://registry.npmjs.org/mime/-/mime-1.6.0.tgz 0ms (cache hit)
268 http cache micromatch@https://registry.npmjs.org/micromatch/-/micromatch-4.0.8.tgz 0ms (cache hit)
269 http cache metro-symbolicate@https://registry.npmjs.org/metro-symbolicate/-/metro-symbolicate-0.83.3.tgz 0ms (cache hit)
270 http cache metro-transform-plugins@https://registry.npmjs.org/metro-transform-plugins/-/metro-transform-plugins-0.83.3.tgz 0ms (cache hit)
271 http cache metro-transform-worker@https://registry.npmjs.org/metro-transform-worker/-/metro-transform-worker-0.83.3.tgz 0ms (cache hit)
272 http cache metro-source-map@https://registry.npmjs.org/metro-source-map/-/metro-source-map-0.83.3.tgz 0ms (cache hit)
273 http cache metro-resolver@https://registry.npmjs.org/metro-resolver/-/metro-resolver-0.83.3.tgz 0ms (cache hit)
274 http cache metro-runtime@https://registry.npmjs.org/metro-runtime/-/metro-runtime-0.83.3.tgz 0ms (cache hit)
275 http cache metro-minify-terser@https://registry.npmjs.org/metro-minify-terser/-/metro-minify-terser-0.83.3.tgz 0ms (cache hit)
276 http cache metro-file-map@https://registry.npmjs.org/metro-file-map/-/metro-file-map-0.83.3.tgz 0ms (cache hit)
277 http cache metro-config@https://registry.npmjs.org/metro-config/-/metro-config-0.83.3.tgz 0ms (cache hit)
278 http cache metro-core@https://registry.npmjs.org/metro-core/-/metro-core-0.83.3.tgz 0ms (cache hit)
279 http cache metro-cache-key@https://registry.npmjs.org/metro-cache-key/-/metro-cache-key-0.83.3.tgz 0ms (cache hit)
280 http cache metro-cache@https://registry.npmjs.org/metro-cache/-/metro-cache-0.83.3.tgz 0ms (cache hit)
281 http cache metro@https://registry.npmjs.org/metro/-/metro-0.83.3.tgz 0ms (cache hit)
282 http cache metro-babel-transformer@https://registry.npmjs.org/metro-babel-transformer/-/metro-babel-transformer-0.83.3.tgz 0ms (cache hit)
283 http cache merge2@https://registry.npmjs.org/merge2/-/merge2-1.4.1.tgz 0ms (cache hit)
284 http cache merge-stream@https://registry.npmjs.org/merge-stream/-/merge-stream-2.0.0.tgz 0ms (cache hit)
285 http cache math-intrinsics@https://registry.npmjs.org/math-intrinsics/-/math-intrinsics-1.1.0.tgz 0ms (cache hit)
286 http cache memoize-one@https://registry.npmjs.org/memoize-one/-/memoize-one-5.2.1.tgz 0ms (cache hit)
287 http cache marky@https://registry.npmjs.org/marky/-/marky-1.2.5.tgz 0ms (cache hit)
288 http cache merge-options@https://registry.npmjs.org/merge-options/-/merge-options-3.0.4.tgz 0ms (cache hit)
289 http cache makeerror@https://registry.npmjs.org/makeerror/-/makeerror-1.0.12.tgz 0ms (cache hit)
290 http cache make-dir@https://registry.npmjs.org/make-dir/-/make-dir-4.0.0.tgz 0ms (cache hit)
291 http cache lru-cache@https://registry.npmjs.org/lru-cache/-/lru-cache-5.1.1.tgz 0ms (cache hit)
292 http cache log-symbols@https://registry.npmjs.org/log-symbols/-/log-symbols-2.2.0.tgz 0ms (cache hit)
293 http cache loose-envify@https://registry.npmjs.org/loose-envify/-/loose-envify-1.4.0.tgz 0ms (cache hit)
294 http cache lodash.throttle@https://registry.npmjs.org/lodash.throttle/-/lodash.throttle-4.1.1.tgz 0ms (cache hit)
295 http cache lodash.debounce@https://registry.npmjs.org/lodash.debounce/-/lodash.debounce-4.0.8.tgz 0ms (cache hit)
296 http cache lines-and-columns@https://registry.npmjs.org/lines-and-columns/-/lines-and-columns-1.2.4.tgz 0ms (cache hit)
297 http cache lilconfig@https://registry.npmjs.org/lilconfig/-/lilconfig-3.1.3.tgz 0ms (cache hit)
298 http cache lightningcss-linux-x64-musl@https://registry.npmjs.org/lightningcss-linux-x64-musl/-/lightningcss-linux-x64-musl-1.33.0.tgz 0ms (cache hit)
299 http cache lightningcss@https://registry.npmjs.org/lightningcss/-/lightningcss-1.33.0.tgz 0ms (cache hit)
300 http cache lightningcss-linux-x64-gnu@https://registry.npmjs.org/lightningcss-linux-x64-gnu/-/lightningcss-linux-x64-gnu-1.33.0.tgz 0ms (cache hit)
301 http cache lighthouse-logger@https://registry.npmjs.org/lighthouse-logger/-/lighthouse-logger-1.4.2.tgz 0ms (cache hit)
302 http cache lan-network@https://registry.npmjs.org/lan-network/-/lan-network-0.2.1.tgz 0ms (cache hit)
303 http cache leven@https://registry.npmjs.org/leven/-/leven-3.1.0.tgz 0ms (cache hit)
304 http cache json5@https://registry.npmjs.org/json5/-/json5-2.2.3.tgz 0ms (cache hit)
305 http cache kleur@https://registry.npmjs.org/kleur/-/kleur-3.0.3.tgz 0ms (cache hit)
306 http cache json-schema-traverse@https://registry.npmjs.org/json-schema-traverse/-/json-schema-traverse-1.0.0.tgz 0ms (cache hit)
307 http cache json-parse-even-better-errors@https://registry.npmjs.org/json-parse-even-better-errors/-/json-parse-even-better-errors-2.3.1.tgz 0ms (cache hit)
308 http cache jsesc@https://registry.npmjs.org/jsesc/-/jsesc-3.1.0.tgz 0ms (cache hit)
309 http cache js-yaml@https://registry.npmjs.org/js-yaml/-/js-yaml-3.14.1.tgz 0ms (cache hit)
310 http cache js-tokens@https://registry.npmjs.org/js-tokens/-/js-tokens-4.0.0.tgz 0ms (cache hit)
311 http cache jsc-safe-url@https://registry.npmjs.org/jsc-safe-url/-/jsc-safe-url-0.2.4.tgz 0ms (cache hit)
312 http cache jiti@https://registry.npmjs.org/jiti/-/jiti-1.21.7.tgz 0ms (cache hit)
313 http cache jimp-compact@https://registry.npmjs.org/jimp-compact/-/jimp-compact-0.16.1.tgz 0ms (cache hit)
314 http cache jest-worker@https://registry.npmjs.org/jest-worker/-/jest-worker-29.7.0.tgz 0ms (cache hit)
315 http cache jest-watcher@https://registry.npmjs.org/jest-watcher/-/jest-watcher-29.7.0.tgz 0ms (cache hit)
316 http cache jest-validate@https://registry.npmjs.org/jest-validate/-/jest-validate-29.7.0.tgz 0ms (cache hit)
317 http cache jest-snapshot@https://registry.npmjs.org/jest-snapshot/-/jest-snapshot-29.7.0.tgz 0ms (cache hit)
318 http cache jest-runtime@https://registry.npmjs.org/jest-runtime/-/jest-runtime-29.7.0.tgz 0ms (cache hit)
319 http cache jest-util@https://registry.npmjs.org/jest-util/-/jest-util-29.7.0.tgz 0ms (cache hit)
320 http cache jest-runner@https://registry.npmjs.org/jest-runner/-/jest-runner-29.7.0.tgz 0ms (cache hit)
321 http cache jest-resolve-dependencies@https://registry.npmjs.org/jest-resolve-dependencies/-/jest-resolve-dependencies-29.7.0.tgz 0ms (cache hit)
322 http cache jest-regex-util@https://registry.npmjs.org/jest-regex-util/-/jest-regex-util-29.6.3.tgz 0ms (cache hit)
323 http cache jest-resolve@https://registry.npmjs.org/jest-resolve/-/jest-resolve-29.7.0.tgz 0ms (cache hit)
324 http cache jest-pnp-resolver@https://registry.npmjs.org/jest-pnp-resolver/-/jest-pnp-resolver-1.2.3.tgz 0ms (cache hit)
325 http cache jest-mock@https://registry.npmjs.org/jest-mock/-/jest-mock-29.7.0.tgz 0ms (cache hit)
326 http cache jest-matcher-utils@https://registry.npmjs.org/jest-matcher-utils/-/jest-matcher-utils-29.7.0.tgz 0ms (cache hit)
327 http cache jest-leak-detector@https://registry.npmjs.org/jest-leak-detector/-/jest-leak-detector-29.7.0.tgz 0ms (cache hit)
328 http cache jest-message-util@https://registry.npmjs.org/jest-message-util/-/jest-message-util-29.7.0.tgz 0ms (cache hit)
329 http cache jest-haste-map@https://registry.npmjs.org/jest-haste-map/-/jest-haste-map-29.7.0.tgz 0ms (cache hit)
330 http cache jest-get-type@https://registry.npmjs.org/jest-get-type/-/jest-get-type-29.6.3.tgz 0ms (cache hit)
331 http cache jest-environment-node@https://registry.npmjs.org/jest-environment-node/-/jest-environment-node-29.7.0.tgz 0ms (cache hit)
332 http cache jest-docblock@https://registry.npmjs.org/jest-docblock/-/jest-docblock-29.7.0.tgz 0ms (cache hit)
333 http cache jest-each@https://registry.npmjs.org/jest-each/-/jest-each-29.7.0.tgz 0ms (cache hit)
334 http cache jest-diff@https://registry.npmjs.org/jest-diff/-/jest-diff-29.7.0.tgz 0ms (cache hit)
335 http cache jest-config@https://registry.npmjs.org/jest-config/-/jest-config-29.7.0.tgz 0ms (cache hit)
336 http cache jest-circus@https://registry.npmjs.org/jest-circus/-/jest-circus-29.7.0.tgz 0ms (cache hit)
337 http cache jest-cli@https://registry.npmjs.org/jest-cli/-/jest-cli-29.7.0.tgz 0ms (cache hit)
338 http cache jest-changed-files@https://registry.npmjs.org/jest-changed-files/-/jest-changed-files-29.7.0.tgz 0ms (cache hit)
339 http cache jest@https://registry.npmjs.org/jest/-/jest-29.7.0.tgz 0ms (cache hit)
340 http cache istanbul-reports@https://registry.npmjs.org/istanbul-reports/-/istanbul-reports-3.1.7.tgz 0ms (cache hit)
341 http cache istanbul-lib-source-maps@https://registry.npmjs.org/istanbul-lib-source-maps/-/istanbul-lib-source-maps-4.0.1.tgz 0ms (cache hit)
342 http cache istanbul-lib-report@https://registry.npmjs.org/istanbul-lib-report/-/istanbul-lib-report-3.0.1.tgz 0ms (cache hit)
343 http cache istanbul-lib-coverage@https://registry.npmjs.org/istanbul-lib-coverage/-/istanbul-lib-coverage-3.2.2.tgz 0ms (cache hit)
344 http cache isexe@https://registry.npmjs.org/isexe/-/isexe-2.0.0.tgz 0ms (cache hit)
345 http cache istanbul-lib-instrument@https://registry.npmjs.org/istanbul-lib-instrument/-/istanbul-lib-instrument-6.0.3.tgz 0ms (cache hit)
346 http cache is-wsl@https://registry.npmjs.org/is-wsl/-/is-wsl-2.2.0.tgz 0ms (cache hit)
347 http cache is-plain-obj@https://registry.npmjs.org/is-plain-obj/-/is-plain-obj-2.1.0.tgz 0ms (cache hit)
348 http cache is-number@https://registry.npmjs.org/is-number/-/is-number-7.0.0.tgz 0ms (cache hit)
349 http cache is-glob@https://registry.npmjs.org/is-glob/-/is-glob-4.0.3.tgz 0ms (cache hit)
350 http cache is-generator-fn@https://registry.npmjs.org/is-generator-fn/-/is-generator-fn-2.1.0.tgz 0ms (cache hit)
351 http cache is-extglob@https://registry.npmjs.org/is-extglob/-/is-extglob-2.1.1.tgz 0ms (cache hit)
352 http cache is-fullwidth-code-point@https://registry.npmjs.org/is-fullwidth-code-point/-/is-fullwidth-code-point-3.0.0.tgz 0ms (cache hit)
353 http cache is-docker@https://registry.npmjs.org/is-docker/-/is-docker-2.2.1.tgz 0ms (cache hit)
354 http cache is-core-module@https://registry.npmjs.org/is-core-module/-/is-core-module-2.16.1.tgz 0ms (cache hit)
355 http cache is-binary-path@https://registry.npmjs.org/is-binary-path/-/is-binary-path-2.1.0.tgz 0ms (cache hit)
356 http cache invariant@https://registry.npmjs.org/invariant/-/invariant-2.2.4.tgz 0ms (cache hit)
357 http cache is-arrayish@https://registry.npmjs.org/is-arrayish/-/is-arrayish-0.2.1.tgz 0ms (cache hit)
358 http cache ini@https://registry.npmjs.org/ini/-/ini-1.3.8.tgz 0ms (cache hit)
359 http cache inherits@https://registry.npmjs.org/inherits/-/inherits-2.0.4.tgz 0ms (cache hit)
360 http cache inline-style-prefixer@https://registry.npmjs.org/inline-style-prefixer/-/inline-style-prefixer-7.0.1.tgz 0ms (cache hit)
361 http cache inflight@https://registry.npmjs.org/inflight/-/inflight-1.0.6.tgz 0ms (cache hit)
362 http cache imurmurhash@https://registry.npmjs.org/imurmurhash/-/imurmurhash-0.1.4.tgz 1ms (cache hit)
363 http cache image-size@https://registry.npmjs.org/image-size/-/image-size-1.2.0.tgz 0ms (cache hit)
364 http cache import-local@https://registry.npmjs.org/import-local/-/import-local-3.2.0.tgz 0ms (cache hit)
365 http cache ignore@https://registry.npmjs.org/ignore/-/ignore-5.3.2.tgz 0ms (cache hit)
366 http cache ieee754@https://registry.npmjs.org/ieee754/-/ieee754-1.2.1.tgz 0ms (cache hit)
367 http cache hyphenate-style-name@https://registry.npmjs.org/hyphenate-style-name/-/hyphenate-style-name-1.1.0.tgz 0ms (cache hit)
368 http cache human-signals@https://registry.npmjs.org/human-signals/-/human-signals-2.1.0.tgz 0ms (cache hit)
369 http cache http-errors@https://registry.npmjs.org/http-errors/-/http-errors-2.0.0.tgz 0ms (cache hit)
370 http cache html-escaper@https://registry.npmjs.org/html-escaper/-/html-escaper-2.0.2.tgz 0ms (cache hit)
371 http cache hosted-git-info@https://registry.npmjs.org/hosted-git-info/-/hosted-git-info-7.0.2.tgz 0ms (cache hit)
372 http cache hoist-non-react-statics@https://registry.npmjs.org/hoist-non-react-statics/-/hoist-non-react-statics-3.3.2.tgz 0ms (cache hit)
373 http cache hermes-parser@https://registry.npmjs.org/hermes-parser/-/hermes-parser-0.29.1.tgz 0ms (cache hit)
374 http cache hermes-estree@https://registry.npmjs.org/hermes-estree/-/hermes-estree-0.29.1.tgz 0ms (cache hit)
375 http cache hasown@https://registry.npmjs.org/hasown/-/hasown-2.0.2.tgz 0ms (cache hit)
376 http cache has-symbols@https://registry.npmjs.org/has-symbols/-/has-symbols-1.1.0.tgz 0ms (cache hit)
377 http cache has-tostringtag@https://registry.npmjs.org/has-tostringtag/-/has-tostringtag-1.0.2.tgz 0ms (cache hit)
378 http cache graceful-fs@https://registry.npmjs.org/graceful-fs/-/graceful-fs-4.2.11.tgz 0ms (cache hit)
379 http cache has-flag@https://registry.npmjs.org/has-flag/-/has-flag-4.0.0.tgz 1ms (cache hit)
380 http cache gopd@https://registry.npmjs.org/gopd/-/gopd-1.2.0.tgz 0ms (cache hit)
381 http cache globals@https://registry.npmjs.org/globals/-/globals-11.12.0.tgz 0ms (cache hit)
382 http cache global-dirs@https://registry.npmjs.org/global-dirs/-/global-dirs-0.1.1.tgz 0ms (cache hit)
383 http cache glob@https://registry.npmjs.org/glob/-/glob-13.0.6.tgz 0ms (cache hit)
384 http cache glob-parent@https://registry.npmjs.org/glob-parent/-/glob-parent-6.0.2.tgz 0ms (cache hit)
385 http cache getenv@https://registry.npmjs.org/getenv/-/getenv-2.0.0.tgz 0ms (cache hit)
386 http cache get-proto@https://registry.npmjs.org/get-proto/-/get-proto-1.0.1.tgz 0ms (cache hit)
387 http cache get-package-type@https://registry.npmjs.org/get-package-type/-/get-package-type-0.1.0.tgz 0ms (cache hit)
388 http cache get-nonce@https://registry.npmjs.org/get-nonce/-/get-nonce-1.0.1.tgz 0ms (cache hit)
389 http cache get-intrinsic@https://registry.npmjs.org/get-intrinsic/-/get-intrinsic-1.3.0.tgz 0ms (cache hit)
390 http cache gensync@https://registry.npmjs.org/gensync/-/gensync-1.0.0-beta.2.tgz 0ms (cache hit)
391 http cache get-caller-file@https://registry.npmjs.org/get-caller-file/-/get-caller-file-2.0.5.tgz 0ms (cache hit)
392 http cache function-bind@https://registry.npmjs.org/function-bind/-/function-bind-1.1.2.tgz 0ms (cache hit)
393 http cache fs.realpath@https://registry.npmjs.org/fs.realpath/-/fs.realpath-1.0.0.tgz 0ms (cache hit)
394 http cache freeport-async@https://registry.npmjs.org/freeport-async/-/freeport-async-2.0.0.tgz 0ms (cache hit)
395 http cache fontfaceobserver@https://registry.npmjs.org/fontfaceobserver/-/fontfaceobserver-2.3.0.tgz 0ms (cache hit)
396 http cache fresh@https://registry.npmjs.org/fresh/-/fresh-0.5.2.tgz 0ms (cache hit)
397 http cache follow-redirects@https://registry.npmjs.org/follow-redirects/-/follow-redirects-1.15.9.tgz 0ms (cache hit)
398 http cache flow-enums-runtime@https://registry.npmjs.org/flow-enums-runtime/-/flow-enums-runtime-0.0.6.tgz 0ms (cache hit)
399 http cache finalhandler@https://registry.npmjs.org/finalhandler/-/finalhandler-1.1.2.tgz 0ms (cache hit)
400 http cache filter-obj@https://registry.npmjs.org/filter-obj/-/filter-obj-1.1.0.tgz 0ms (cache hit)
401 http cache fill-range@https://registry.npmjs.org/fill-range/-/fill-range-7.1.1.tgz 0ms (cache hit)
402 http cache fbjs@https://registry.npmjs.org/fbjs/-/fbjs-3.0.5.tgz 0ms (cache hit)
403 http cache fbjs-css-vars@https://registry.npmjs.org/fbjs-css-vars/-/fbjs-css-vars-1.0.2.tgz 0ms (cache hit)
404 http cache fdir@https://registry.npmjs.org/fdir/-/fdir-6.5.0.tgz 0ms (cache hit)
405 http cache fb-watchman@https://registry.npmjs.org/fb-watchman/-/fb-watchman-2.0.2.tgz 0ms (cache hit)
406 http cache fastq@https://registry.npmjs.org/fastq/-/fastq-1.20.1.tgz 0ms (cache hit)
407 http cache fast-uri@https://registry.npmjs.org/fast-uri/-/fast-uri-3.0.6.tgz 0ms (cache hit)
408 http cache fast-json-stable-stringify@https://registry.npmjs.org/fast-json-stable-stringify/-/fast-json-stable-stringify-2.1.0.tgz 0ms (cache hit)
409 http cache fast-glob@https://registry.npmjs.org/fast-glob/-/fast-glob-3.3.3.tgz 0ms (cache hit)
410 http cache fast-deep-equal@https://registry.npmjs.org/fast-deep-equal/-/fast-deep-equal-3.1.3.tgz 0ms (cache hit)
411 http cache exponential-backoff@https://registry.npmjs.org/exponential-backoff/-/exponential-backoff-3.1.2.tgz 0ms (cache hit)
412 http cache expo-web-browser@https://registry.npmjs.org/expo-web-browser/-/expo-web-browser-15.0.10.tgz 0ms (cache hit)
413 http cache expo-system-ui@https://registry.npmjs.org/expo-system-ui/-/expo-system-ui-6.0.9.tgz 0ms (cache hit)
414 http cache expo-updates-interface@https://registry.npmjs.org/expo-updates-interface/-/expo-updates-interface-2.0.0.tgz 0ms (cache hit)
415 http cache expo-symbols@https://registry.npmjs.org/expo-symbols/-/expo-symbols-1.0.8.tgz 0ms (cache hit)
416 http cache expo-splash-screen@https://registry.npmjs.org/expo-splash-screen/-/expo-splash-screen-31.0.13.tgz 0ms (cache hit)
417 http cache expo-status-bar@https://registry.npmjs.org/expo-status-bar/-/expo-status-bar-3.0.9.tgz 0ms (cache hit)
418 http cache expo-server@https://registry.npmjs.org/expo-server/-/expo-server-1.0.7.tgz 0ms (cache hit)
419 http cache expo-secure-store@https://registry.npmjs.org/expo-secure-store/-/expo-secure-store-15.0.8.tgz 0ms (cache hit)
420 http cache expo-router@https://registry.npmjs.org/expo-router/-/expo-router-6.0.21.tgz 0ms (cache hit)
421 http cache expo-modules-core@https://registry.npmjs.org/expo-modules-core/-/expo-modules-core-3.0.30.tgz 0ms (cache hit)
422 http cache expo-modules-autolinking@https://registry.npmjs.org/expo-modules-autolinking/-/expo-modules-autolinking-3.0.26.tgz 0ms (cache hit)
423 http cache expo-manifests@https://registry.npmjs.org/expo-manifests/-/expo-manifests-1.0.10.tgz 0ms (cache hit)
424 http cache expo-keep-awake@https://registry.npmjs.org/expo-keep-awake/-/expo-keep-awake-15.0.8.tgz 0ms (cache hit)
425 http cache expo-linking@https://registry.npmjs.org/expo-linking/-/expo-linking-8.0.11.tgz 0ms (cache hit)
426 http cache expo-json-utils@https://registry.npmjs.org/expo-json-utils/-/expo-json-utils-0.15.0.tgz 0ms (cache hit)
427 http cache expo-image-picker@https://registry.npmjs.org/expo-image-picker/-/expo-image-picker-17.0.10.tgz 0ms (cache hit)
428 http cache expo-haptics@https://registry.npmjs.org/expo-haptics/-/expo-haptics-15.0.8.tgz 0ms (cache hit)
429 http cache expo-image-loader@https://registry.npmjs.org/expo-image-loader/-/expo-image-loader-6.0.0.tgz 0ms (cache hit)
430 http cache expo-font@https://registry.npmjs.org/expo-font/-/expo-font-14.0.10.tgz 0ms (cache hit)
431 http cache expo-dev-menu-interface@https://registry.npmjs.org/expo-dev-menu-interface/-/expo-dev-menu-interface-2.0.0.tgz 0ms (cache hit)
432 http cache expo-dev-launcher@https://registry.npmjs.org/expo-dev-launcher/-/expo-dev-launcher-6.0.20.tgz 0ms (cache hit)
433 http cache expo-dev-menu@https://registry.npmjs.org/expo-dev-menu/-/expo-dev-menu-7.0.18.tgz 0ms (cache hit)
434 http cache expo-dev-client@https://registry.npmjs.org/expo-dev-client/-/expo-dev-client-6.0.20.tgz 0ms (cache hit)
435 http cache expo-constants@https://registry.npmjs.org/expo-constants/-/expo-constants-18.0.13.tgz 0ms (cache hit)
436 http cache expo-blur@https://registry.npmjs.org/expo-blur/-/expo-blur-15.0.8.tgz 0ms (cache hit)
437 http cache expo@https://registry.npmjs.org/expo/-/expo-54.0.36.tgz 0ms (cache hit)
438 http cache expect@https://registry.npmjs.org/expect/-/expect-29.7.0.tgz 0ms (cache hit)
439 http cache etag@https://registry.npmjs.org/etag/-/etag-1.8.1.tgz 0ms (cache hit)
440 http cache event-target-shim@https://registry.npmjs.org/event-target-shim/-/event-target-shim-5.0.1.tgz 0ms (cache hit)
441 http cache exit@https://registry.npmjs.org/exit/-/exit-0.1.2.tgz 0ms (cache hit)
442 http cache esprima@https://registry.npmjs.org/esprima/-/esprima-4.0.1.tgz 1ms (cache hit)
443 http cache escape-string-regexp@https://registry.npmjs.org/escape-string-regexp/-/escape-string-regexp-4.0.0.tgz 0ms (cache hit)
444 http cache escape-html@https://registry.npmjs.org/escape-html/-/escape-html-1.0.3.tgz 0ms (cache hit)
445 http cache escalade@https://registry.npmjs.org/escalade/-/escalade-3.2.0.tgz 0ms (cache hit)
446 http cache es-set-tostringtag@https://registry.npmjs.org/es-set-tostringtag/-/es-set-tostringtag-2.1.0.tgz 0ms (cache hit)
447 http cache es-errors@https://registry.npmjs.org/es-errors/-/es-errors-1.3.0.tgz 0ms (cache hit)
448 http cache es-object-atoms@https://registry.npmjs.org/es-object-atoms/-/es-object-atoms-1.1.1.tgz 0ms (cache hit)
449 http cache es-define-property@https://registry.npmjs.org/es-define-property/-/es-define-property-1.0.1.tgz 0ms (cache hit)
450 http cache error-stack-parser@https://registry.npmjs.org/error-stack-parser/-/error-stack-parser-2.1.4.tgz 0ms (cache hit)
451 http cache env-editor@https://registry.npmjs.org/env-editor/-/env-editor-0.4.2.tgz 0ms (cache hit)
452 http cache error-ex@https://registry.npmjs.org/error-ex/-/error-ex-1.3.2.tgz 0ms (cache hit)
453 http cache encodeurl@https://registry.npmjs.org/encodeurl/-/encodeurl-1.0.2.tgz 0ms (cache hit)
454 http cache electron-to-chromium@https://registry.npmjs.org/electron-to-chromium/-/electron-to-chromium-1.5.267.tgz 0ms (cache hit)
455 http cache ee-first@https://registry.npmjs.org/ee-first/-/ee-first-1.1.1.tgz 0ms (cache hit)
456 http cache emittery@https://registry.npmjs.org/emittery/-/emittery-0.13.1.tgz 0ms (cache hit)
457 http cache dunder-proto@https://registry.npmjs.org/dunder-proto/-/dunder-proto-1.0.1.tgz 0ms (cache hit)
458 http cache dotenv-expand@https://registry.npmjs.org/dotenv-expand/-/dotenv-expand-11.0.7.tgz 0ms (cache hit)
459 http cache dlv@https://registry.npmjs.org/dlv/-/dlv-1.1.3.tgz 0ms (cache hit)
460 http cache dotenv@https://registry.npmjs.org/dotenv/-/dotenv-16.4.7.tgz 0ms (cache hit)
461 http cache diff-sequences@https://registry.npmjs.org/diff-sequences/-/diff-sequences-29.6.3.tgz 0ms (cache hit)
462 http cache didyoumean@https://registry.npmjs.org/didyoumean/-/didyoumean-1.2.2.tgz 0ms (cache hit)
463 http cache detect-node-es@https://registry.npmjs.org/detect-node-es/-/detect-node-es-1.1.0.tgz 0ms (cache hit)
464 http cache detect-libc@https://registry.npmjs.org/detect-libc/-/detect-libc-2.1.2.tgz 0ms (cache hit)
465 http cache detect-newline@https://registry.npmjs.org/detect-newline/-/detect-newline-3.1.0.tgz 0ms (cache hit)
466 http cache destroy@https://registry.npmjs.org/destroy/-/destroy-1.2.0.tgz 0ms (cache hit)
467 http cache depd@https://registry.npmjs.org/depd/-/depd-2.0.0.tgz 0ms (cache hit)
468 http cache delayed-stream@https://registry.npmjs.org/delayed-stream/-/delayed-stream-1.0.0.tgz 0ms (cache hit)
469 http cache define-lazy-prop@https://registry.npmjs.org/define-lazy-prop/-/define-lazy-prop-2.0.0.tgz 0ms (cache hit)
470 http cache defaults@https://registry.npmjs.org/defaults/-/defaults-1.0.4.tgz 0ms (cache hit)
471 http cache deep-extend@https://registry.npmjs.org/deep-extend/-/deep-extend-0.6.0.tgz 0ms (cache hit)
472 http cache deepmerge@https://registry.npmjs.org/deepmerge/-/deepmerge-4.3.1.tgz 0ms (cache hit)
473 http cache dedent@https://registry.npmjs.org/dedent/-/dedent-1.5.3.tgz 0ms (cache hit)
474 http cache decode-uri-component@https://registry.npmjs.org/decode-uri-component/-/decode-uri-component-0.2.2.tgz 0ms (cache hit)
475 http cache debug@https://registry.npmjs.org/debug/-/debug-4.4.3.tgz 0ms (cache hit)
476 http cache csstype@https://registry.npmjs.org/csstype/-/csstype-3.2.3.tgz 0ms (cache hit)
477 http cache cssesc@https://registry.npmjs.org/cssesc/-/cssesc-3.0.0.tgz 0ms (cache hit)
478 http cache crypto-random-string@https://registry.npmjs.org/crypto-random-string/-/crypto-random-string-2.0.0.tgz 0ms (cache hit)
479 http cache cross-spawn@https://registry.npmjs.org/cross-spawn/-/cross-spawn-7.0.6.tgz 0ms (cache hit)
480 http cache css-in-js-utils@https://registry.npmjs.org/css-in-js-utils/-/css-in-js-utils-3.1.0.tgz 0ms (cache hit)
481 http cache cross-fetch@https://registry.npmjs.org/cross-fetch/-/cross-fetch-3.2.0.tgz 0ms (cache hit)
482 http cache create-jest@https://registry.npmjs.org/create-jest/-/create-jest-29.7.0.tgz 0ms (cache hit)
483 http cache core-js-compat@https://registry.npmjs.org/core-js-compat/-/core-js-compat-3.49.0.tgz 0ms (cache hit)
484 http cache connect@https://registry.npmjs.org/connect/-/connect-3.7.0.tgz 0ms (cache hit)
485 http cache convert-source-map@https://registry.npmjs.org/convert-source-map/-/convert-source-map-2.0.0.tgz 0ms (cache hit)
486 http cache concat-map@https://registry.npmjs.org/concat-map/-/concat-map-0.0.1.tgz 0ms (cache hit)
487 http cache compression@https://registry.npmjs.org/compression/-/compression-1.8.1.tgz 0ms (cache hit)
488 http cache compressible@https://registry.npmjs.org/compressible/-/compressible-2.0.18.tgz 0ms (cache hit)
489 http cache comment-json@https://registry.npmjs.org/comment-json/-/comment-json-4.6.2.tgz 0ms (cache hit)
490 http cache commander@https://registry.npmjs.org/commander/-/commander-7.2.0.tgz 0ms (cache hit)
491 http cache combined-stream@https://registry.npmjs.org/combined-stream/-/combined-stream-1.0.8.tgz 0ms (cache hit)
492 http cache color-convert@https://registry.npmjs.org/color-convert/-/color-convert-2.0.1.tgz 0ms (cache hit)
493 http cache color-name@https://registry.npmjs.org/color-name/-/color-name-1.1.4.tgz 0ms (cache hit)
494 http cache color-string@https://registry.npmjs.org/color-string/-/color-string-1.9.1.tgz 0ms (cache hit)
495 http cache color@https://registry.npmjs.org/color/-/color-4.2.3.tgz 0ms (cache hit)
496 http cache collect-v8-coverage@https://registry.npmjs.org/collect-v8-coverage/-/collect-v8-coverage-1.0.2.tgz 0ms (cache hit)
497 http cache co@https://registry.npmjs.org/co/-/co-4.6.0.tgz 0ms (cache hit)
498 http cache clone@https://registry.npmjs.org/clone/-/clone-1.0.4.tgz 0ms (cache hit)
499 http cache cliui@https://registry.npmjs.org/cliui/-/cliui-8.0.1.tgz 0ms (cache hit)
500 http cache client-only@https://registry.npmjs.org/client-only/-/client-only-0.0.1.tgz 0ms (cache hit)
501 http cache cli-spinners@https://registry.npmjs.org/cli-spinners/-/cli-spinners-2.9.2.tgz 0ms (cache hit)
502 http cache cli-cursor@https://registry.npmjs.org/cli-cursor/-/cli-cursor-2.1.0.tgz 0ms (cache hit)
503 http cache cjs-module-lexer@https://registry.npmjs.org/cjs-module-lexer/-/cjs-module-lexer-1.4.3.tgz 0ms (cache hit)
504 http cache ci-info@https://registry.npmjs.org/ci-info/-/ci-info-3.9.0.tgz 0ms (cache hit)
505 http cache chromium-edge-launcher@https://registry.npmjs.org/chromium-edge-launcher/-/chromium-edge-launcher-0.2.0.tgz 0ms (cache hit)
506 http cache chrome-launcher@https://registry.npmjs.org/chrome-launcher/-/chrome-launcher-0.15.2.tgz 0ms (cache hit)
507 http cache chownr@https://registry.npmjs.org/chownr/-/chownr-3.0.0.tgz 0ms (cache hit)
508 http cache chokidar@https://registry.npmjs.org/chokidar/-/chokidar-3.6.0.tgz 0ms (cache hit)
509 http cache char-regex@https://registry.npmjs.org/char-regex/-/char-regex-1.0.2.tgz 0ms (cache hit)
510 http cache chalk@https://registry.npmjs.org/chalk/-/chalk-4.1.2.tgz 0ms (cache hit)
511 http cache caniuse-lite@https://registry.npmjs.org/caniuse-lite/-/caniuse-lite-1.0.30001764.tgz 0ms (cache hit)
512 http cache camelcase-css@https://registry.npmjs.org/camelcase-css/-/camelcase-css-2.0.1.tgz 1ms (cache hit)
513 http cache camelcase@https://registry.npmjs.org/camelcase/-/camelcase-5.3.1.tgz 0ms (cache hit)
514 http cache callsites@https://registry.npmjs.org/callsites/-/callsites-3.1.0.tgz 0ms (cache hit)
515 http cache call-bind-apply-helpers@https://registry.npmjs.org/call-bind-apply-helpers/-/call-bind-apply-helpers-1.0.2.tgz 0ms (cache hit)
516 http cache bytes@https://registry.npmjs.org/bytes/-/bytes-3.1.2.tgz 0ms (cache hit)
517 http cache buffer-from@https://registry.npmjs.org/buffer-from/-/buffer-from-1.1.2.tgz 0ms (cache hit)
518 http cache buffer@https://registry.npmjs.org/buffer/-/buffer-5.7.1.tgz 0ms (cache hit)
519 http cache bser@https://registry.npmjs.org/bser/-/bser-2.1.1.tgz 0ms (cache hit)
520 http cache browserslist@https://registry.npmjs.org/browserslist/-/browserslist-4.28.1.tgz 0ms (cache hit)
521 http cache braces@https://registry.npmjs.org/braces/-/braces-3.0.3.tgz 0ms (cache hit)
522 http cache brace-expansion@https://registry.npmjs.org/brace-expansion/-/brace-expansion-1.1.11.tgz 0ms (cache hit)
523 http cache bplist-parser@https://registry.npmjs.org/bplist-parser/-/bplist-parser-0.3.2.tgz 0ms (cache hit)
524 http cache binary-extensions@https://registry.npmjs.org/binary-extensions/-/binary-extensions-2.3.0.tgz 0ms (cache hit)
525 http cache big-integer@https://registry.npmjs.org/big-integer/-/big-integer-1.6.52.tgz 0ms (cache hit)
526 http cache bplist-creator@https://registry.npmjs.org/bplist-creator/-/bplist-creator-0.1.0.tgz 0ms (cache hit)
527 http cache better-opn@https://registry.npmjs.org/better-opn/-/better-opn-3.0.2.tgz 0ms (cache hit)
528 http cache baseline-browser-mapping@https://registry.npmjs.org/baseline-browser-mapping/-/baseline-browser-mapping-2.9.14.tgz 0ms (cache hit)
529 http cache base64-js@https://registry.npmjs.org/base64-js/-/base64-js-1.5.1.tgz 0ms (cache hit)
530 http cache babel-preset-jest@https://registry.npmjs.org/babel-preset-jest/-/babel-preset-jest-29.6.3.tgz 0ms (cache hit)
531 http cache balanced-match@https://registry.npmjs.org/balanced-match/-/balanced-match-1.0.2.tgz 0ms (cache hit)
532 http cache babel-preset-expo@https://registry.npmjs.org/babel-preset-expo/-/babel-preset-expo-54.0.12.tgz 0ms (cache hit)
533 http cache babel-preset-current-node-syntax@https://registry.npmjs.org/babel-preset-current-node-syntax/-/babel-preset-current-node-syntax-1.1.0.tgz 0ms (cache hit)
534 http cache babel-plugin-transform-flow-enums@https://registry.npmjs.org/babel-plugin-transform-flow-enums/-/babel-plugin-transform-flow-enums-0.0.2.tgz 0ms (cache hit)
535 http cache babel-plugin-syntax-hermes-parser@https://registry.npmjs.org/babel-plugin-syntax-hermes-parser/-/babel-plugin-syntax-hermes-parser-0.29.1.tgz 0ms (cache hit)
536 http cache babel-plugin-react-compiler@https://registry.npmjs.org/babel-plugin-react-compiler/-/babel-plugin-react-compiler-1.0.0.tgz 0ms (cache hit)
537 http cache babel-plugin-react-native-web@https://registry.npmjs.org/babel-plugin-react-native-web/-/babel-plugin-react-native-web-0.21.2.tgz 0ms (cache hit)
538 http cache babel-plugin-polyfill-regenerator@https://registry.npmjs.org/babel-plugin-polyfill-regenerator/-/babel-plugin-polyfill-regenerator-0.6.8.tgz 0ms (cache hit)
539 http cache babel-plugin-polyfill-corejs3@https://registry.npmjs.org/babel-plugin-polyfill-corejs3/-/babel-plugin-polyfill-corejs3-0.13.0.tgz 0ms (cache hit)
540 http cache babel-plugin-polyfill-corejs2@https://registry.npmjs.org/babel-plugin-polyfill-corejs2/-/babel-plugin-polyfill-corejs2-0.4.17.tgz 0ms (cache hit)
541 http cache babel-plugin-jest-hoist@https://registry.npmjs.org/babel-plugin-jest-hoist/-/babel-plugin-jest-hoist-29.6.3.tgz 0ms (cache hit)
542 http cache babel-plugin-istanbul@https://registry.npmjs.org/babel-plugin-istanbul/-/babel-plugin-istanbul-6.1.1.tgz 0ms (cache hit)
543 http cache babel-jest@https://registry.npmjs.org/babel-jest/-/babel-jest-29.7.0.tgz 0ms (cache hit)
544 http cache axios@https://registry.npmjs.org/axios/-/axios-1.8.1.tgz 0ms (cache hit)
545 http cache async-limiter@https://registry.npmjs.org/async-limiter/-/async-limiter-1.0.1.tgz 0ms (cache hit)
546 http cache asynckit@https://registry.npmjs.org/asynckit/-/asynckit-0.4.0.tgz 0ms (cache hit)
547 http cache array-timsort@https://registry.npmjs.org/array-timsort/-/array-timsort-1.0.3.tgz 0ms (cache hit)
548 http cache asap@https://registry.npmjs.org/asap/-/asap-2.0.6.tgz 0ms (cache hit)
549 http cache aria-hidden@https://registry.npmjs.org/aria-hidden/-/aria-hidden-1.2.6.tgz 0ms (cache hit)
550 http cache argparse@https://registry.npmjs.org/argparse/-/argparse-1.0.10.tgz 0ms (cache hit)
551 http cache anymatch@https://registry.npmjs.org/anymatch/-/anymatch-3.1.3.tgz 0ms (cache hit)
552 http cache arg@https://registry.npmjs.org/arg/-/arg-5.0.2.tgz 0ms (cache hit)
553 http cache any-promise@https://registry.npmjs.org/any-promise/-/any-promise-1.3.0.tgz 0ms (cache hit)
554 http cache ansi-styles@https://registry.npmjs.org/ansi-styles/-/ansi-styles-4.3.0.tgz 0ms (cache hit)
555 http cache ansi-regex@https://registry.npmjs.org/ansi-regex/-/ansi-regex-5.0.1.tgz 0ms (cache hit)
556 http cache ansi-escapes@https://registry.npmjs.org/ansi-escapes/-/ansi-escapes-4.3.2.tgz 0ms (cache hit)
557 http cache anser@https://registry.npmjs.org/anser/-/anser-1.4.10.tgz 0ms (cache hit)
558 http cache ajv@https://registry.npmjs.org/ajv/-/ajv-8.17.1.tgz 0ms (cache hit)
559 http cache acorn@https://registry.npmjs.org/acorn/-/acorn-8.14.0.tgz 0ms (cache hit)
560 http cache accepts@https://registry.npmjs.org/accepts/-/accepts-1.3.8.tgz 0ms (cache hit)
561 http cache abort-controller@https://registry.npmjs.org/abort-controller/-/abort-controller-3.0.0.tgz 0ms (cache hit)
562 http cache @xmldom/xmldom@https://registry.npmjs.org/@xmldom/xmldom/-/xmldom-0.8.13.tgz 0ms (cache hit)
563 http cache @urql/exchange-retry@https://registry.npmjs.org/@urql/exchange-retry/-/exchange-retry-1.3.2.tgz 0ms (cache hit)
564 http cache @urql/core@https://registry.npmjs.org/@urql/core/-/core-5.2.0.tgz 0ms (cache hit)
565 http cache @ungap/structured-clone@https://registry.npmjs.org/@ungap/structured-clone/-/structured-clone-1.3.0.tgz 0ms (cache hit)
566 http cache @types/yargs-parser@https://registry.npmjs.org/@types/yargs-parser/-/yargs-parser-21.0.3.tgz 0ms (cache hit)
567 http cache @types/stack-utils@https://registry.npmjs.org/@types/stack-utils/-/stack-utils-2.0.3.tgz 0ms (cache hit)
568 http cache @types/yargs@https://registry.npmjs.org/@types/yargs/-/yargs-17.0.33.tgz 0ms (cache hit)
569 http cache @types/react-test-renderer@https://registry.npmjs.org/@types/react-test-renderer/-/react-test-renderer-18.3.1.tgz 0ms (cache hit)
570 http cache @types/react@https://registry.npmjs.org/@types/react/-/react-19.1.17.tgz 0ms (cache hit)
571 http cache @types/prop-types@https://registry.npmjs.org/@types/prop-types/-/prop-types-15.7.15.tgz 0ms (cache hit)
572 http cache @types/node@https://registry.npmjs.org/@types/node/-/node-22.13.5.tgz 0ms (cache hit)
573 http cache @types/jest@https://registry.npmjs.org/@types/jest/-/jest-29.5.14.tgz 0ms (cache hit)
574 http cache @types/istanbul-lib-report@https://registry.npmjs.org/@types/istanbul-lib-report/-/istanbul-lib-report-3.0.3.tgz 0ms (cache hit)
575 http cache @types/istanbul-reports@https://registry.npmjs.org/@types/istanbul-reports/-/istanbul-reports-3.0.4.tgz 0ms (cache hit)
576 http cache @types/istanbul-lib-coverage@https://registry.npmjs.org/@types/istanbul-lib-coverage/-/istanbul-lib-coverage-2.0.6.tgz 0ms (cache hit)
577 http cache @types/hammerjs@https://registry.npmjs.org/@types/hammerjs/-/hammerjs-2.0.46.tgz 0ms (cache hit)
578 http cache @types/graceful-fs@https://registry.npmjs.org/@types/graceful-fs/-/graceful-fs-4.1.9.tgz 0ms (cache hit)
579 http cache @types/babel__traverse@https://registry.npmjs.org/@types/babel__traverse/-/babel__traverse-7.20.6.tgz 0ms (cache hit)
580 http cache @types/babel__template@https://registry.npmjs.org/@types/babel__template/-/babel__template-7.4.4.tgz 0ms (cache hit)
581 http cache @types/babel__core@https://registry.npmjs.org/@types/babel__core/-/babel__core-7.20.5.tgz 0ms (cache hit)
582 http cache @types/babel__generator@https://registry.npmjs.org/@types/babel__generator/-/babel__generator-7.6.8.tgz 0ms (cache hit)
583 http cache @types/axios@https://registry.npmjs.org/@types/axios/-/axios-0.9.36.tgz 0ms (cache hit)
584 http cache @sinonjs/fake-timers@https://registry.npmjs.org/@sinonjs/fake-timers/-/fake-timers-10.3.0.tgz 0ms (cache hit)
585 http cache @sinonjs/commons@https://registry.npmjs.org/@sinonjs/commons/-/commons-3.0.1.tgz 0ms (cache hit)
586 http cache @sinclair/typebox@https://registry.npmjs.org/@sinclair/typebox/-/typebox-0.27.8.tgz 0ms (cache hit)
587 http cache @react-navigation/routers@https://registry.npmjs.org/@react-navigation/routers/-/routers-7.5.3.tgz 0ms (cache hit)
588 http cache @react-navigation/native@https://registry.npmjs.org/@react-navigation/native/-/native-7.1.26.tgz 0ms (cache hit)
589 http cache @react-navigation/native-stack@https://registry.npmjs.org/@react-navigation/native-stack/-/native-stack-7.9.0.tgz 0ms (cache hit)
590 http cache @react-navigation/elements@https://registry.npmjs.org/@react-navigation/elements/-/elements-2.9.3.tgz 0ms (cache hit)
591 http cache @react-navigation/core@https://registry.npmjs.org/@react-navigation/core/-/core-7.13.7.tgz 0ms (cache hit)
592 http cache @react-navigation/bottom-tabs@https://registry.npmjs.org/@react-navigation/bottom-tabs/-/bottom-tabs-7.9.0.tgz 0ms (cache hit)
593 http cache @react-native/normalize-colors@https://registry.npmjs.org/@react-native/normalize-colors/-/normalize-colors-0.81.5.tgz 0ms (cache hit)
594 http cache @react-native/virtualized-lists@https://registry.npmjs.org/@react-native/virtualized-lists/-/virtualized-lists-0.81.5.tgz 0ms (cache hit)
595 http cache @react-native/js-polyfills@https://registry.npmjs.org/@react-native/js-polyfills/-/js-polyfills-0.81.5.tgz 0ms (cache hit)
596 http cache @react-native/gradle-plugin@https://registry.npmjs.org/@react-native/gradle-plugin/-/gradle-plugin-0.81.5.tgz 0ms (cache hit)
597 http cache @react-native/dev-middleware@https://registry.npmjs.org/@react-native/dev-middleware/-/dev-middleware-0.81.5.tgz 0ms (cache hit)
598 http cache @react-native/debugger-frontend@https://registry.npmjs.org/@react-native/debugger-frontend/-/debugger-frontend-0.81.5.tgz 0ms (cache hit)
599 http cache @react-native/community-cli-plugin@https://registry.npmjs.org/@react-native/community-cli-plugin/-/community-cli-plugin-0.81.5.tgz 0ms (cache hit)
600 http cache @react-native/codegen@https://registry.npmjs.org/@react-native/codegen/-/codegen-0.81.5.tgz 0ms (cache hit)
601 http cache @react-native/babel-preset@https://registry.npmjs.org/@react-native/babel-preset/-/babel-preset-0.81.5.tgz 0ms (cache hit)
602 http cache @react-native/babel-plugin-codegen@https://registry.npmjs.org/@react-native/babel-plugin-codegen/-/babel-plugin-codegen-0.81.5.tgz 0ms (cache hit)
603 http cache @react-native/assets-registry@https://registry.npmjs.org/@react-native/assets-registry/-/assets-registry-0.81.5.tgz 0ms (cache hit)
604 http cache @react-native-google-signin/google-signin@https://registry.npmjs.org/@react-native-google-signin/google-signin/-/google-signin-13.2.0.tgz 0ms (cache hit)
605 http cache @react-native-async-storage/async-storage@https://registry.npmjs.org/@react-native-async-storage/async-storage/-/async-storage-2.2.0.tgz 0ms (cache hit)
606 http cache @radix-ui/react-use-layout-effect@https://registry.npmjs.org/@radix-ui/react-use-layout-effect/-/react-use-layout-effect-1.1.1.tgz 0ms (cache hit)
607 http cache @radix-ui/react-use-escape-keydown@https://registry.npmjs.org/@radix-ui/react-use-escape-keydown/-/react-use-escape-keydown-1.1.1.tgz 0ms (cache hit)
608 http cache @radix-ui/react-use-effect-event@https://registry.npmjs.org/@radix-ui/react-use-effect-event/-/react-use-effect-event-0.0.2.tgz 0ms (cache hit)
609 http cache @radix-ui/react-use-controllable-state@https://registry.npmjs.org/@radix-ui/react-use-controllable-state/-/react-use-controllable-state-1.2.2.tgz 0ms (cache hit)
610 http cache @radix-ui/react-use-callback-ref@https://registry.npmjs.org/@radix-ui/react-use-callback-ref/-/react-use-callback-ref-1.1.1.tgz 1ms (cache hit)
611 http cache @radix-ui/react-tabs@https://registry.npmjs.org/@radix-ui/react-tabs/-/react-tabs-1.1.13.tgz 0ms (cache hit)
612 http cache @radix-ui/react-slot@https://registry.npmjs.org/@radix-ui/react-slot/-/react-slot-1.2.0.tgz 0ms (cache hit)
613 http cache @radix-ui/react-roving-focus@https://registry.npmjs.org/@radix-ui/react-roving-focus/-/react-roving-focus-1.1.11.tgz 0ms (cache hit)
614 http cache @radix-ui/react-primitive@https://registry.npmjs.org/@radix-ui/react-primitive/-/react-primitive-2.1.3.tgz 0ms (cache hit)
615 http cache @radix-ui/react-presence@https://registry.npmjs.org/@radix-ui/react-presence/-/react-presence-1.1.5.tgz 0ms (cache hit)
616 http cache @radix-ui/react-portal@https://registry.npmjs.org/@radix-ui/react-portal/-/react-portal-1.1.9.tgz 0ms (cache hit)
617 http cache @radix-ui/react-id@https://registry.npmjs.org/@radix-ui/react-id/-/react-id-1.1.1.tgz 0ms (cache hit)
618 http cache @radix-ui/react-focus-scope@https://registry.npmjs.org/@radix-ui/react-focus-scope/-/react-focus-scope-1.1.7.tgz 0ms (cache hit)
619 http cache @radix-ui/react-focus-guards@https://registry.npmjs.org/@radix-ui/react-focus-guards/-/react-focus-guards-1.1.3.tgz 0ms (cache hit)
620 http cache @radix-ui/react-dismissable-layer@https://registry.npmjs.org/@radix-ui/react-dismissable-layer/-/react-dismissable-layer-1.1.11.tgz 0ms (cache hit)
621 http cache @radix-ui/react-direction@https://registry.npmjs.org/@radix-ui/react-direction/-/react-direction-1.1.1.tgz 0ms (cache hit)
622 http cache @radix-ui/react-dialog@https://registry.npmjs.org/@radix-ui/react-dialog/-/react-dialog-1.1.15.tgz 0ms (cache hit)
623 http cache @radix-ui/react-compose-refs@https://registry.npmjs.org/@radix-ui/react-compose-refs/-/react-compose-refs-1.1.2.tgz 0ms (cache hit)
624 http cache @radix-ui/react-context@https://registry.npmjs.org/@radix-ui/react-context/-/react-context-1.1.2.tgz 0ms (cache hit)
625 http cache @radix-ui/react-collection@https://registry.npmjs.org/@radix-ui/react-collection/-/react-collection-1.1.7.tgz 0ms (cache hit)
626 http cache @radix-ui/primitive@https://registry.npmjs.org/@radix-ui/primitive/-/primitive-1.1.3.tgz 0ms (cache hit)
627 http cache @nodelib/fs.walk@https://registry.npmjs.org/@nodelib/fs.walk/-/fs.walk-1.2.8.tgz 0ms (cache hit)
628 http cache @nodelib/fs.stat@https://registry.npmjs.org/@nodelib/fs.stat/-/fs.stat-2.0.5.tgz 0ms (cache hit)
629 http cache @jridgewell/trace-mapping@https://registry.npmjs.org/@jridgewell/trace-mapping/-/trace-mapping-0.3.31.tgz 0ms (cache hit)
630 http cache @nodelib/fs.scandir@https://registry.npmjs.org/@nodelib/fs.scandir/-/fs.scandir-2.1.5.tgz 0ms (cache hit)
631 http cache @jridgewell/sourcemap-codec@https://registry.npmjs.org/@jridgewell/sourcemap-codec/-/sourcemap-codec-1.5.0.tgz 0ms (cache hit)
632 http cache @jridgewell/source-map@https://registry.npmjs.org/@jridgewell/source-map/-/source-map-0.3.6.tgz 0ms (cache hit)
633 http cache @jridgewell/gen-mapping@https://registry.npmjs.org/@jridgewell/gen-mapping/-/gen-mapping-0.3.13.tgz 0ms (cache hit)
634 http cache @jridgewell/resolve-uri@https://registry.npmjs.org/@jridgewell/resolve-uri/-/resolve-uri-3.1.2.tgz 0ms (cache hit)
635 http cache @jest/types@https://registry.npmjs.org/@jest/types/-/types-29.6.3.tgz 0ms (cache hit)
636 http cache @jest/transform@https://registry.npmjs.org/@jest/transform/-/transform-29.7.0.tgz 0ms (cache hit)
637 http cache @jest/test-result@https://registry.npmjs.org/@jest/test-result/-/test-result-29.7.0.tgz 0ms (cache hit)
638 http cache @jest/test-sequencer@https://registry.npmjs.org/@jest/test-sequencer/-/test-sequencer-29.7.0.tgz 0ms (cache hit)
639 http cache @jest/reporters@https://registry.npmjs.org/@jest/reporters/-/reporters-29.7.0.tgz 0ms (cache hit)
640 http cache @jest/schemas@https://registry.npmjs.org/@jest/schemas/-/schemas-29.6.3.tgz 0ms (cache hit)
641 http cache @jest/source-map@https://registry.npmjs.org/@jest/source-map/-/source-map-29.6.3.tgz 0ms (cache hit)
642 http cache @jest/globals@https://registry.npmjs.org/@jest/globals/-/globals-29.7.0.tgz 0ms (cache hit)
643 http cache @jest/fake-timers@https://registry.npmjs.org/@jest/fake-timers/-/fake-timers-29.7.0.tgz 0ms (cache hit)
644 http cache @jest/expect@https://registry.npmjs.org/@jest/expect/-/expect-29.7.0.tgz 0ms (cache hit)
645 http cache @jest/expect-utils@https://registry.npmjs.org/@jest/expect-utils/-/expect-utils-29.7.0.tgz 0ms (cache hit)
646 http cache @jest/create-cache-key-function@https://registry.npmjs.org/@jest/create-cache-key-function/-/create-cache-key-function-29.7.0.tgz 0ms (cache hit)
647 http cache @jest/environment@https://registry.npmjs.org/@jest/environment/-/environment-29.7.0.tgz 0ms (cache hit)
648 http cache @jest/console@https://registry.npmjs.org/@jest/console/-/console-29.7.0.tgz 0ms (cache hit)
649 http cache @jest/core@https://registry.npmjs.org/@jest/core/-/core-29.7.0.tgz 0ms (cache hit)
650 http cache @istanbuljs/schema@https://registry.npmjs.org/@istanbuljs/schema/-/schema-0.1.3.tgz 0ms (cache hit)
651 http cache @isaacs/ttlcache@https://registry.npmjs.org/@isaacs/ttlcache/-/ttlcache-1.4.1.tgz 0ms (cache hit)
652 http cache @istanbuljs/load-nyc-config@https://registry.npmjs.org/@istanbuljs/load-nyc-config/-/load-nyc-config-1.1.0.tgz 0ms (cache hit)
653 http cache @isaacs/fs-minipass@https://registry.npmjs.org/@isaacs/fs-minipass/-/fs-minipass-4.0.1.tgz 0ms (cache hit)
654 http cache @expo/xcpretty@https://registry.npmjs.org/@expo/xcpretty/-/xcpretty-4.4.4.tgz 0ms (cache hit)
655 http cache @expo/ws-tunnel@https://registry.npmjs.org/@expo/ws-tunnel/-/ws-tunnel-1.0.6.tgz 0ms (cache hit)
656 http cache @expo/sudo-prompt@https://registry.npmjs.org/@expo/sudo-prompt/-/sudo-prompt-9.3.2.tgz 0ms (cache hit)
657 http cache @expo/vector-icons@https://registry.npmjs.org/@expo/vector-icons/-/vector-icons-15.0.3.tgz 0ms (cache hit)
658 http cache @expo/sdk-runtime-versions@https://registry.npmjs.org/@expo/sdk-runtime-versions/-/sdk-runtime-versions-1.0.0.tgz 0ms (cache hit)
659 http cache @expo/schema-utils@https://registry.npmjs.org/@expo/schema-utils/-/schema-utils-0.1.9.tgz 0ms (cache hit)
660 http cache @expo/spawn-async@https://registry.npmjs.org/@expo/spawn-async/-/spawn-async-1.8.0.tgz 0ms (cache hit)
661 http cache @expo/prebuild-config@https://registry.npmjs.org/@expo/prebuild-config/-/prebuild-config-54.0.8.tgz 0ms (cache hit)
662 http cache @expo/plist@https://registry.npmjs.org/@expo/plist/-/plist-0.4.9.tgz 0ms (cache hit)
663 http cache @expo/package-manager@https://registry.npmjs.org/@expo/package-manager/-/package-manager-1.13.1.tgz 0ms (cache hit)
664 http cache @expo/osascript@https://registry.npmjs.org/@expo/osascript/-/osascript-2.7.1.tgz 1ms (cache hit)
665 http cache @expo/metro-runtime@https://registry.npmjs.org/@expo/metro-runtime/-/metro-runtime-6.1.2.tgz 0ms (cache hit)
666 http cache @expo/json-file@https://registry.npmjs.org/@expo/json-file/-/json-file-10.2.0.tgz 0ms (cache hit)
667 http cache @expo/metro@https://registry.npmjs.org/@expo/metro/-/metro-54.2.0.tgz 0ms (cache hit)
668 http cache @expo/image-utils@https://registry.npmjs.org/@expo/image-utils/-/image-utils-0.8.8.tgz 0ms (cache hit)
669 http cache @expo/fingerprint@https://registry.npmjs.org/@expo/fingerprint/-/fingerprint-0.15.5.tgz 0ms (cache hit)
670 http cache @expo/devtools@https://registry.npmjs.org/@expo/devtools/-/devtools-0.1.8.tgz 0ms (cache hit)
671 http cache @expo/env@https://registry.npmjs.org/@expo/env/-/env-2.0.12.tgz 0ms (cache hit)
672 http cache @expo/devcert@https://registry.npmjs.org/@expo/devcert/-/devcert-1.2.1.tgz 0ms (cache hit)
673 http cache @expo/config-plugins@https://registry.npmjs.org/@expo/config-plugins/-/config-plugins-54.0.5.tgz 0ms (cache hit)
674 http cache @expo/config-types@https://registry.npmjs.org/@expo/config-types/-/config-types-54.0.10.tgz 0ms (cache hit)
675 http cache @expo/config@https://registry.npmjs.org/@expo/config/-/config-12.0.14.tgz 0ms (cache hit)
676 http cache @expo/code-signing-certificates@https://registry.npmjs.org/@expo/code-signing-certificates/-/code-signing-certificates-0.0.6.tgz 0ms (cache hit)
677 http cache @egjs/hammerjs@https://registry.npmjs.org/@egjs/hammerjs/-/hammerjs-2.0.17.tgz 0ms (cache hit)
678 http cache @callstack/react-theme-provider@https://registry.npmjs.org/@callstack/react-theme-provider/-/react-theme-provider-3.0.9.tgz 0ms (cache hit)
679 http cache @bcoe/v8-coverage@https://registry.npmjs.org/@bcoe/v8-coverage/-/v8-coverage-0.2.3.tgz 0ms (cache hit)
680 http cache @babel/types@https://registry.npmjs.org/@babel/types/-/types-7.29.8.tgz 0ms (cache hit)
681 http cache @babel/traverse--for-generate-function-map@https://registry.npmjs.org/@babel/traverse/-/traverse-7.26.9.tgz 0ms (cache hit)
682 http cache @babel/traverse@https://registry.npmjs.org/@babel/traverse/-/traverse-7.29.8.tgz 0ms (cache hit)
683 http cache @babel/template@https://registry.npmjs.org/@babel/template/-/template-7.29.7.tgz 0ms (cache hit)
684 http cache @babel/runtime@https://registry.npmjs.org/@babel/runtime/-/runtime-7.26.9.tgz 0ms (cache hit)
685 http cache @babel/preset-react@https://registry.npmjs.org/@babel/preset-react/-/preset-react-7.29.7.tgz 0ms (cache hit)
686 http cache @babel/preset-typescript@https://registry.npmjs.org/@babel/preset-typescript/-/preset-typescript-7.27.1.tgz 0ms (cache hit)
687 http cache @babel/plugin-transform-unicode-regex@https://registry.npmjs.org/@babel/plugin-transform-unicode-regex/-/plugin-transform-unicode-regex-7.27.1.tgz 0ms (cache hit)
688 http cache @babel/plugin-transform-typescript@https://registry.npmjs.org/@babel/plugin-transform-typescript/-/plugin-transform-typescript-7.28.5.tgz 0ms (cache hit)
689 http cache @babel/plugin-transform-template-literals@https://registry.npmjs.org/@babel/plugin-transform-template-literals/-/plugin-transform-template-literals-7.27.1.tgz 0ms (cache hit)
690 http cache @babel/plugin-transform-sticky-regex@https://registry.npmjs.org/@babel/plugin-transform-sticky-regex/-/plugin-transform-sticky-regex-7.29.7.tgz 0ms (cache hit)
691 http cache @babel/plugin-transform-spread@https://registry.npmjs.org/@babel/plugin-transform-spread/-/plugin-transform-spread-7.29.8.tgz 0ms (cache hit)
692 http cache @babel/plugin-transform-shorthand-properties@https://registry.npmjs.org/@babel/plugin-transform-shorthand-properties/-/plugin-transform-shorthand-properties-7.27.1.tgz 0ms (cache hit)
693 http cache @babel/plugin-transform-runtime@https://registry.npmjs.org/@babel/plugin-transform-runtime/-/plugin-transform-runtime-7.29.7.tgz 0ms (cache hit)
694 http cache @babel/plugin-transform-regenerator@https://registry.npmjs.org/@babel/plugin-transform-regenerator/-/plugin-transform-regenerator-7.29.8.tgz 0ms (cache hit)
695 http cache @babel/plugin-transform-react-pure-annotations@https://registry.npmjs.org/@babel/plugin-transform-react-pure-annotations/-/plugin-transform-react-pure-annotations-7.29.7.tgz 0ms (cache hit)
696 http cache @babel/plugin-transform-react-jsx-self@https://registry.npmjs.org/@babel/plugin-transform-react-jsx-self/-/plugin-transform-react-jsx-self-7.29.7.tgz 0ms (cache hit)
697 http cache @babel/plugin-transform-react-jsx-source@https://registry.npmjs.org/@babel/plugin-transform-react-jsx-source/-/plugin-transform-react-jsx-source-7.29.7.tgz 0ms (cache hit)
698 http cache @babel/plugin-transform-react-jsx-development@https://registry.npmjs.org/@babel/plugin-transform-react-jsx-development/-/plugin-transform-react-jsx-development-7.29.7.tgz 0ms (cache hit)
699 http cache @babel/plugin-transform-react-jsx@https://registry.npmjs.org/@babel/plugin-transform-react-jsx/-/plugin-transform-react-jsx-7.29.7.tgz 0ms (cache hit)
700 http cache @babel/plugin-transform-react-display-name@https://registry.npmjs.org/@babel/plugin-transform-react-display-name/-/plugin-transform-react-display-name-7.29.7.tgz 0ms (cache hit)
701 http cache @babel/plugin-transform-private-methods@https://registry.npmjs.org/@babel/plugin-transform-private-methods/-/plugin-transform-private-methods-7.29.7.tgz 0ms (cache hit)
702 http cache @babel/plugin-transform-private-property-in-object@https://registry.npmjs.org/@babel/plugin-transform-private-property-in-object/-/plugin-transform-private-property-in-object-7.29.7.tgz 0ms (cache hit)
703 http cache @babel/plugin-transform-parameters@https://registry.npmjs.org/@babel/plugin-transform-parameters/-/plugin-transform-parameters-7.29.7.tgz 0ms (cache hit)
704 http cache @babel/plugin-transform-optional-chaining@https://registry.npmjs.org/@babel/plugin-transform-optional-chaining/-/plugin-transform-optional-chaining-7.27.1.tgz 0ms (cache hit)
705 http cache @babel/plugin-transform-optional-catch-binding@https://registry.npmjs.org/@babel/plugin-transform-optional-catch-binding/-/plugin-transform-optional-catch-binding-7.29.7.tgz 0ms (cache hit)
706 http cache @babel/plugin-transform-numeric-separator@https://registry.npmjs.org/@babel/plugin-transform-numeric-separator/-/plugin-transform-numeric-separator-7.29.7.tgz 0ms (cache hit)
707 http cache @babel/plugin-transform-object-rest-spread@https://registry.npmjs.org/@babel/plugin-transform-object-rest-spread/-/plugin-transform-object-rest-spread-7.29.7.tgz 0ms (cache hit)
708 http cache @babel/plugin-transform-nullish-coalescing-operator@https://registry.npmjs.org/@babel/plugin-transform-nullish-coalescing-operator/-/plugin-transform-nullish-coalescing-operator-7.27.1.tgz 0ms (cache hit)
709 http cache @babel/plugin-transform-named-capturing-groups-regex@https://registry.npmjs.org/@babel/plugin-transform-named-capturing-groups-regex/-/plugin-transform-named-capturing-groups-regex-7.29.7.tgz 0ms (cache hit)
710 http cache @babel/plugin-transform-modules-commonjs@https://registry.npmjs.org/@babel/plugin-transform-modules-commonjs/-/plugin-transform-modules-commonjs-7.27.1.tgz 0ms (cache hit)
711 http cache @babel/plugin-transform-literals@https://registry.npmjs.org/@babel/plugin-transform-literals/-/plugin-transform-literals-7.29.7.tgz 0ms (cache hit)
712 http cache @babel/plugin-transform-logical-assignment-operators@https://registry.npmjs.org/@babel/plugin-transform-logical-assignment-operators/-/plugin-transform-logical-assignment-operators-7.29.7.tgz 0ms (cache hit)
713 http cache @babel/plugin-transform-for-of@https://registry.npmjs.org/@babel/plugin-transform-for-of/-/plugin-transform-for-of-7.29.7.tgz 0ms (cache hit)
714 http cache @babel/plugin-transform-function-name@https://registry.npmjs.org/@babel/plugin-transform-function-name/-/plugin-transform-function-name-7.29.7.tgz 0ms (cache hit)
715 http cache @babel/plugin-transform-flow-strip-types@https://registry.npmjs.org/@babel/plugin-transform-flow-strip-types/-/plugin-transform-flow-strip-types-7.29.7.tgz 0ms (cache hit)
716 http cache @babel/plugin-transform-export-namespace-from@https://registry.npmjs.org/@babel/plugin-transform-export-namespace-from/-/plugin-transform-export-namespace-from-7.29.7.tgz 0ms (cache hit)
717 http cache @babel/plugin-transform-computed-properties@https://registry.npmjs.org/@babel/plugin-transform-computed-properties/-/plugin-transform-computed-properties-7.29.7.tgz 0ms (cache hit)
718 http cache @babel/plugin-transform-destructuring@https://registry.npmjs.org/@babel/plugin-transform-destructuring/-/plugin-transform-destructuring-7.29.7.tgz 0ms (cache hit)
719 http cache @babel/plugin-transform-classes@https://registry.npmjs.org/@babel/plugin-transform-classes/-/plugin-transform-classes-7.28.4.tgz 0ms (cache hit)
720 http cache @babel/plugin-transform-class-static-block@https://registry.npmjs.org/@babel/plugin-transform-class-static-block/-/plugin-transform-class-static-block-7.29.7.tgz 0ms (cache hit)
721 http cache @babel/plugin-transform-class-properties@https://registry.npmjs.org/@babel/plugin-transform-class-properties/-/plugin-transform-class-properties-7.27.1.tgz 0ms (cache hit)
722 http cache @babel/plugin-transform-block-scoping@https://registry.npmjs.org/@babel/plugin-transform-block-scoping/-/plugin-transform-block-scoping-7.29.7.tgz 0ms (cache hit)
723 http cache @babel/plugin-transform-async-to-generator@https://registry.npmjs.org/@babel/plugin-transform-async-to-generator/-/plugin-transform-async-to-generator-7.29.7.tgz 0ms (cache hit)
724 http cache @babel/plugin-transform-arrow-functions@https://registry.npmjs.org/@babel/plugin-transform-arrow-functions/-/plugin-transform-arrow-functions-7.27.1.tgz 0ms (cache hit)
725 http cache @babel/plugin-syntax-typescript@https://registry.npmjs.org/@babel/plugin-syntax-typescript/-/plugin-syntax-typescript-7.27.1.tgz 0ms (cache hit)
726 http cache @babel/plugin-syntax-top-level-await@https://registry.npmjs.org/@babel/plugin-syntax-top-level-await/-/plugin-syntax-top-level-await-7.14.5.tgz 0ms (cache hit)
727 http cache @babel/plugin-syntax-optional-chaining@https://registry.npmjs.org/@babel/plugin-syntax-optional-chaining/-/plugin-syntax-optional-chaining-7.8.3.tgz 0ms (cache hit)
728 http cache @babel/plugin-syntax-private-property-in-object@https://registry.npmjs.org/@babel/plugin-syntax-private-property-in-object/-/plugin-syntax-private-property-in-object-7.14.5.tgz 0ms (cache hit)
729 http cache @babel/plugin-syntax-optional-catch-binding@https://registry.npmjs.org/@babel/plugin-syntax-optional-catch-binding/-/plugin-syntax-optional-catch-binding-7.8.3.tgz 0ms (cache hit)
730 http cache @babel/plugin-syntax-object-rest-spread@https://registry.npmjs.org/@babel/plugin-syntax-object-rest-spread/-/plugin-syntax-object-rest-spread-7.8.3.tgz 0ms (cache hit)
731 http cache @babel/plugin-syntax-numeric-separator@https://registry.npmjs.org/@babel/plugin-syntax-numeric-separator/-/plugin-syntax-numeric-separator-7.10.4.tgz 0ms (cache hit)
732 http cache @babel/plugin-syntax-nullish-coalescing-operator@https://registry.npmjs.org/@babel/plugin-syntax-nullish-coalescing-operator/-/plugin-syntax-nullish-coalescing-operator-7.8.3.tgz 0ms (cache hit)
733 http cache @babel/plugin-syntax-logical-assignment-operators@https://registry.npmjs.org/@babel/plugin-syntax-logical-assignment-operators/-/plugin-syntax-logical-assignment-operators-7.10.4.tgz 0ms (cache hit)
734 http cache @babel/plugin-syntax-json-strings@https://registry.npmjs.org/@babel/plugin-syntax-json-strings/-/plugin-syntax-json-strings-7.8.3.tgz 0ms (cache hit)
735 http cache @babel/plugin-syntax-jsx@https://registry.npmjs.org/@babel/plugin-syntax-jsx/-/plugin-syntax-jsx-7.29.7.tgz 0ms (cache hit)
736 http cache @babel/plugin-syntax-import-meta@https://registry.npmjs.org/@babel/plugin-syntax-import-meta/-/plugin-syntax-import-meta-7.10.4.tgz 0ms (cache hit)
737 http cache @babel/plugin-syntax-import-attributes@https://registry.npmjs.org/@babel/plugin-syntax-import-attributes/-/plugin-syntax-import-attributes-7.26.0.tgz 0ms (cache hit)
738 http cache @babel/plugin-syntax-flow@https://registry.npmjs.org/@babel/plugin-syntax-flow/-/plugin-syntax-flow-7.29.7.tgz 0ms (cache hit)
739 http cache @babel/plugin-syntax-export-default-from@https://registry.npmjs.org/@babel/plugin-syntax-export-default-from/-/plugin-syntax-export-default-from-7.29.7.tgz 0ms (cache hit)
740 http cache @babel/plugin-syntax-dynamic-import@https://registry.npmjs.org/@babel/plugin-syntax-dynamic-import/-/plugin-syntax-dynamic-import-7.8.3.tgz 0ms (cache hit)
741 http cache @babel/plugin-syntax-decorators@https://registry.npmjs.org/@babel/plugin-syntax-decorators/-/plugin-syntax-decorators-7.29.7.tgz 0ms (cache hit)
742 http cache @babel/plugin-syntax-class-static-block@https://registry.npmjs.org/@babel/plugin-syntax-class-static-block/-/plugin-syntax-class-static-block-7.14.5.tgz 0ms (cache hit)
743 http cache @babel/plugin-syntax-class-properties@https://registry.npmjs.org/@babel/plugin-syntax-class-properties/-/plugin-syntax-class-properties-7.12.13.tgz 0ms (cache hit)
744 http cache @babel/plugin-syntax-bigint@https://registry.npmjs.org/@babel/plugin-syntax-bigint/-/plugin-syntax-bigint-7.8.3.tgz 0ms (cache hit)
745 http cache @babel/plugin-syntax-async-generators@https://registry.npmjs.org/@babel/plugin-syntax-async-generators/-/plugin-syntax-async-generators-7.8.4.tgz 0ms (cache hit)
746 http cache @babel/plugin-proposal-export-default-from@https://registry.npmjs.org/@babel/plugin-proposal-export-default-from/-/plugin-proposal-export-default-from-7.29.7.tgz 0ms (cache hit)
747 http cache @babel/parser@https://registry.npmjs.org/@babel/parser/-/parser-7.29.8.tgz 0ms (cache hit)
748 http cache @babel/plugin-proposal-decorators@https://registry.npmjs.org/@babel/plugin-proposal-decorators/-/plugin-proposal-decorators-7.29.7.tgz 0ms (cache hit)
749 http cache @babel/highlight@https://registry.npmjs.org/@babel/highlight/-/highlight-7.25.9.tgz 0ms (cache hit)
750 http cache @babel/helpers@https://registry.npmjs.org/@babel/helpers/-/helpers-7.26.9.tgz 0ms (cache hit)
751 http cache @babel/helper-wrap-function@https://registry.npmjs.org/@babel/helper-wrap-function/-/helper-wrap-function-7.29.7.tgz 0ms (cache hit)
752 http cache @babel/helper-validator-option@https://registry.npmjs.org/@babel/helper-validator-option/-/helper-validator-option-7.29.7.tgz 0ms (cache hit)
753 http cache @babel/helper-validator-identifier@https://registry.npmjs.org/@babel/helper-validator-identifier/-/helper-validator-identifier-7.29.7.tgz 0ms (cache hit)
754 http cache @babel/helper-string-parser@https://registry.npmjs.org/@babel/helper-string-parser/-/helper-string-parser-7.29.7.tgz 0ms (cache hit)
755 http cache @babel/helper-replace-supers@https://registry.npmjs.org/@babel/helper-replace-supers/-/helper-replace-supers-7.29.7.tgz 0ms (cache hit)
756 http cache @babel/helper-remap-async-to-generator@https://registry.npmjs.org/@babel/helper-remap-async-to-generator/-/helper-remap-async-to-generator-7.29.7.tgz 0ms (cache hit)
757 http cache @babel/helper-skip-transparent-expression-wrappers@https://registry.npmjs.org/@babel/helper-skip-transparent-expression-wrappers/-/helper-skip-transparent-expression-wrappers-7.29.7.tgz 0ms (cache hit)
758 http cache @babel/helper-plugin-utils@https://registry.npmjs.org/@babel/helper-plugin-utils/-/helper-plugin-utils-7.29.7.tgz 0ms (cache hit)
759 http cache @babel/helper-optimise-call-expression@https://registry.npmjs.org/@babel/helper-optimise-call-expression/-/helper-optimise-call-expression-7.29.7.tgz 0ms (cache hit)
760 http cache @babel/helper-module-imports@https://registry.npmjs.org/@babel/helper-module-imports/-/helper-module-imports-7.29.7.tgz 0ms (cache hit)
761 http cache @babel/helper-module-transforms@https://registry.npmjs.org/@babel/helper-module-transforms/-/helper-module-transforms-7.28.3.tgz 0ms (cache hit)
762 http cache @babel/helper-globals@https://registry.npmjs.org/@babel/helper-globals/-/helper-globals-7.29.7.tgz 0ms (cache hit)
763 http cache @babel/helper-member-expression-to-functions@https://registry.npmjs.org/@babel/helper-member-expression-to-functions/-/helper-member-expression-to-functions-7.29.7.tgz 0ms (cache hit)
764 http cache @babel/helper-define-polyfill-provider@https://registry.npmjs.org/@babel/helper-define-polyfill-provider/-/helper-define-polyfill-provider-0.6.8.tgz 0ms (cache hit)
765 http cache @babel/helper-create-regexp-features-plugin@https://registry.npmjs.org/@babel/helper-create-regexp-features-plugin/-/helper-create-regexp-features-plugin-7.29.7.tgz 0ms (cache hit)
766 http cache @babel/helper-create-class-features-plugin@https://registry.npmjs.org/@babel/helper-create-class-features-plugin/-/helper-create-class-features-plugin-7.29.7.tgz 0ms (cache hit)
767 http cache @babel/helper-compilation-targets@https://registry.npmjs.org/@babel/helper-compilation-targets/-/helper-compilation-targets-7.29.7.tgz 0ms (cache hit)
768 http cache @babel/helper-annotate-as-pure@https://registry.npmjs.org/@babel/helper-annotate-as-pure/-/helper-annotate-as-pure-7.29.7.tgz 0ms (cache hit)
769 http cache @babel/generator@https://registry.npmjs.org/@babel/generator/-/generator-7.29.8.tgz 0ms (cache hit)
770 http cache @babel/compat-data@https://registry.npmjs.org/@babel/compat-data/-/compat-data-7.29.7.tgz 0ms (cache hit)
771 http cache @babel/core@https://registry.npmjs.org/@babel/core/-/core-7.26.9.tgz 0ms (cache hit)
772 http cache @babel/code-frame@https://registry.npmjs.org/@babel/code-frame/-/code-frame-7.29.7.tgz 0ms (cache hit)
773 http cache @ampproject/remapping@https://registry.npmjs.org/@ampproject/remapping/-/remapping-2.3.0.tgz 0ms (cache hit)
774 http cache @alloc/quick-lru@https://registry.npmjs.org/@alloc/quick-lru/-/quick-lru-5.2.0.tgz 0ms (cache hit)
775 http cache @0no-co/graphql.web@https://registry.npmjs.org/@0no-co/graphql.web/-/graphql.web-1.3.3.tgz 0ms (cache hit)
776 http cache @babel/plugin-transform-async-generator-functions@https://registry.npmjs.org/@babel/plugin-transform-async-generator-functions/-/plugin-transform-async-generator-functions-7.29.7.tgz 0ms (cache hit)
777 http cache strip-ansi@https://registry.npmjs.org/strip-ansi/-/strip-ansi-6.0.1.tgz 0ms (cache hit)
778 http cache emoji-regex@https://registry.npmjs.org/emoji-regex/-/emoji-regex-8.0.0.tgz 0ms (cache hit)
779 http cache uuid@https://registry.npmjs.org/uuid/-/uuid-7.0.3.tgz 0ms (cache hit)
780 http cache xmlbuilder@https://registry.npmjs.org/xmlbuilder/-/xmlbuilder-11.0.1.tgz 0ms (cache hit)
781 http cache strip-ansi@https://registry.npmjs.org/strip-ansi/-/strip-ansi-6.0.1.tgz 0ms (cache hit)
782 http cache emoji-regex@https://registry.npmjs.org/emoji-regex/-/emoji-regex-8.0.0.tgz 0ms (cache hit)
783 http cache string-width@https://registry.npmjs.org/string-width/-/string-width-4.2.3.tgz 0ms (cache hit)
784 http cache webidl-conversions@https://registry.npmjs.org/webidl-conversions/-/webidl-conversions-5.0.0.tgz 0ms (cache hit)
785 http cache glob@https://registry.npmjs.org/glob/-/glob-7.2.3.tgz 0ms (cache hit)
786 http cache commander@https://registry.npmjs.org/commander/-/commander-2.20.3.tgz 0ms (cache hit)
787 http cache yallist@https://registry.npmjs.org/yallist/-/yallist-5.0.0.tgz 0ms (cache hit)
788 http cache commander@https://registry.npmjs.org/commander/-/commander-4.1.1.tgz 0ms (cache hit)
789 http cache strip-ansi@https://registry.npmjs.org/strip-ansi/-/strip-ansi-6.0.1.tgz 0ms (cache hit)
790 http cache type-fest@https://registry.npmjs.org/type-fest/-/type-fest-0.7.1.tgz 0ms (cache hit)
791 http cache ansi-regex@https://registry.npmjs.org/ansi-regex/-/ansi-regex-4.1.1.tgz 0ms (cache hit)
792 http cache escape-string-regexp@https://registry.npmjs.org/escape-string-regexp/-/escape-string-regexp-2.0.0.tgz 0ms (cache hit)
793 http cache source-map@https://registry.npmjs.org/source-map/-/source-map-0.6.1.tgz 0ms (cache hit)
794 http cache is-arrayish@https://registry.npmjs.org/is-arrayish/-/is-arrayish-0.3.2.tgz 0ms (cache hit)
795 http cache statuses@https://registry.npmjs.org/statuses/-/statuses-2.0.1.tgz 0ms (cache hit)
796 http cache bplist-parser@https://registry.npmjs.org/bplist-parser/-/bplist-parser-0.3.1.tgz 0ms (cache hit)
797 http cache encodeurl@https://registry.npmjs.org/encodeurl/-/encodeurl-1.0.2.tgz 0ms (cache hit)
798 http cache send@https://registry.npmjs.org/send/-/send-0.19.0.tgz 0ms (cache hit)
799 http cache on-finished@https://registry.npmjs.org/on-finished/-/on-finished-2.4.1.tgz 0ms (cache hit)
800 http cache encodeurl@https://registry.npmjs.org/encodeurl/-/encodeurl-2.0.0.tgz 0ms (cache hit)
801 http cache debug@https://registry.npmjs.org/debug/-/debug-2.6.9.tgz 0ms (cache hit)
802 http cache ms@https://registry.npmjs.org/ms/-/ms-2.0.0.tgz 0ms (cache hit)
803 http cache statuses@https://registry.npmjs.org/statuses/-/statuses-2.0.2.tgz 0ms (cache hit)
804 http cache on-finished@https://registry.npmjs.org/on-finished/-/on-finished-2.4.1.tgz 0ms (cache hit)
805 http cache http-errors@https://registry.npmjs.org/http-errors/-/http-errors-2.0.1.tgz 0ms (cache hit)
806 http cache debug@https://registry.npmjs.org/debug/-/debug-2.6.9.tgz 0ms (cache hit)
807 http cache encodeurl@https://registry.npmjs.org/encodeurl/-/encodeurl-2.0.0.tgz 0ms (cache hit)
808 http cache ms@https://registry.npmjs.org/ms/-/ms-2.0.0.tgz 0ms (cache hit)
809 http cache glob@https://registry.npmjs.org/glob/-/glob-7.2.3.tgz 0ms (cache hit)
810 http cache resolve@https://registry.npmjs.org/resolve/-/resolve-1.7.1.tgz 0ms (cache hit)
811 http cache picomatch@https://registry.npmjs.org/picomatch/-/picomatch-2.3.2.tgz 0ms (cache hit)
812 http cache semver@https://registry.npmjs.org/semver/-/semver-7.7.2.tgz 0ms (cache hit)
813 http cache memoize-one@https://registry.npmjs.org/memoize-one/-/memoize-one-6.0.0.tgz 0ms (cache hit)
814 http cache @react-native/normalize-colors@https://registry.npmjs.org/@react-native/normalize-colors/-/normalize-colors-0.74.89.tgz 0ms (cache hit)
815 http cache semver@https://registry.npmjs.org/semver/-/semver-7.7.2.tgz 0ms (cache hit)
816 http cache color-name@https://registry.npmjs.org/color-name/-/color-name-1.1.3.tgz 0ms (cache hit)
817 http cache color@https://registry.npmjs.org/color/-/color-3.2.1.tgz 0ms (cache hit)
818 http cache color-convert@https://registry.npmjs.org/color-convert/-/color-convert-1.9.3.tgz 0ms (cache hit)
819 http cache semver@https://registry.npmjs.org/semver/-/semver-7.8.5.tgz 0ms (cache hit)
820 http cache lightningcss-linux-x64-gnu@https://registry.npmjs.org/lightningcss-linux-x64-gnu/-/lightningcss-linux-x64-gnu-1.27.0.tgz 0ms (cache hit)
821 http cache lightningcss@https://registry.npmjs.org/lightningcss/-/lightningcss-1.27.0.tgz 0ms (cache hit)
822 http cache detect-libc@https://registry.npmjs.org/detect-libc/-/detect-libc-1.0.3.tgz 0ms (cache hit)
823 http cache lightningcss-linux-x64-musl@https://registry.npmjs.org/lightningcss-linux-x64-musl/-/lightningcss-linux-x64-musl-1.27.0.tgz 0ms (cache hit)
824 http cache ws@https://registry.npmjs.org/ws/-/ws-6.2.3.tgz 0ms (cache hit)
825 http cache semver@https://registry.npmjs.org/semver/-/semver-7.7.1.tgz 0ms (cache hit)
826 http cache scheduler@https://registry.npmjs.org/scheduler/-/scheduler-0.26.0.tgz 0ms (cache hit)
827 http cache regenerator-runtime@https://registry.npmjs.org/regenerator-runtime/-/regenerator-runtime-0.13.11.tgz 0ms (cache hit)
828 http cache promise@https://registry.npmjs.org/promise/-/promise-8.3.0.tgz 0ms (cache hit)
829 http cache commander@https://registry.npmjs.org/commander/-/commander-12.1.0.tgz 0ms (cache hit)
830 http cache glob@https://registry.npmjs.org/glob/-/glob-7.2.3.tgz 0ms (cache hit)
831 http cache scheduler@https://registry.npmjs.org/scheduler/-/scheduler-0.26.0.tgz 0ms (cache hit)
832 http cache ws@https://registry.npmjs.org/ws/-/ws-7.5.10.tgz 0ms (cache hit)
833 http cache ansi-styles@https://registry.npmjs.org/ansi-styles/-/ansi-styles-5.2.0.tgz 0ms (cache hit)
834 http cache strip-json-comments@https://registry.npmjs.org/strip-json-comments/-/strip-json-comments-2.0.1.tgz 0ms (cache hit)
835 http cache p-locate@https://registry.npmjs.org/p-locate/-/p-locate-4.1.0.tgz 0ms (cache hit)
836 http cache p-limit@https://registry.npmjs.org/p-limit/-/p-limit-2.3.0.tgz 0ms (cache hit)
837 http cache locate-path@https://registry.npmjs.org/locate-path/-/locate-path-5.0.0.tgz 0ms (cache hit)
838 http cache find-up@https://registry.npmjs.org/find-up/-/find-up-4.1.0.tgz 0ms (cache hit)
839 http cache lru-cache@https://registry.npmjs.org/lru-cache/-/lru-cache-11.5.2.tgz 0ms (cache hit)
840 http cache supports-color@https://registry.npmjs.org/supports-color/-/supports-color-5.5.0.tgz 0ms (cache hit)
841 http cache has-flag@https://registry.npmjs.org/has-flag/-/has-flag-3.0.0.tgz 0ms (cache hit)
842 http cache escape-string-regexp@https://registry.npmjs.org/escape-string-regexp/-/escape-string-regexp-1.0.5.tgz 0ms (cache hit)
843 http cache color-convert@https://registry.npmjs.org/color-convert/-/color-convert-1.9.3.tgz 0ms (cache hit)
844 http cache color-name@https://registry.npmjs.org/color-name/-/color-name-1.1.3.tgz 0ms (cache hit)
845 http cache chalk@https://registry.npmjs.org/chalk/-/chalk-2.4.2.tgz 0ms (cache hit)
846 http cache ansi-styles@https://registry.npmjs.org/ansi-styles/-/ansi-styles-3.2.1.tgz 0ms (cache hit)
847 http cache semver@https://registry.npmjs.org/semver/-/semver-7.8.5.tgz 0ms (cache hit)
848 http cache whatwg-url@https://registry.npmjs.org/whatwg-url/-/whatwg-url-5.0.0.tgz 0ms (cache hit)
849 http cache webidl-conversions@https://registry.npmjs.org/webidl-conversions/-/webidl-conversions-3.0.1.tgz 0ms (cache hit)
850 http cache tr46@https://registry.npmjs.org/tr46/-/tr46-0.0.3.tgz 0ms (cache hit)
851 http cache mime-db@https://registry.npmjs.org/mime-db/-/mime-db-1.52.0.tgz 0ms (cache hit)
852 http cache picomatch@https://registry.npmjs.org/picomatch/-/picomatch-2.3.1.tgz 0ms (cache hit)
853 http cache https-proxy-agent@https://registry.npmjs.org/https-proxy-agent/-/https-proxy-agent-7.0.6.tgz 0ms (cache hit)
854 http cache agent-base@https://registry.npmjs.org/agent-base/-/agent-base-7.1.4.tgz 0ms (cache hit)
855 http cache hermes-estree@https://registry.npmjs.org/hermes-estree/-/hermes-estree-0.32.0.tgz 0ms (cache hit)
856 http cache hermes-parser@https://registry.npmjs.org/hermes-parser/-/hermes-parser-0.32.0.tgz 0ms (cache hit)
857 http cache ws@https://registry.npmjs.org/ws/-/ws-7.5.10.tgz 0ms (cache hit)
858 http cache hermes-estree@https://registry.npmjs.org/hermes-estree/-/hermes-estree-0.32.0.tgz 0ms (cache hit)
859 http cache hermes-parser@https://registry.npmjs.org/hermes-parser/-/hermes-parser-0.32.0.tgz 0ms (cache hit)
860 http cache ci-info@https://registry.npmjs.org/ci-info/-/ci-info-2.0.0.tgz 0ms (cache hit)
861 http cache semver@https://registry.npmjs.org/semver/-/semver-7.7.1.tgz 0ms (cache hit)
862 http cache supports-color@https://registry.npmjs.org/supports-color/-/supports-color-5.5.0.tgz 0ms (cache hit)
863 http cache has-flag@https://registry.npmjs.org/has-flag/-/has-flag-3.0.0.tgz 0ms (cache hit)
864 http cache color-name@https://registry.npmjs.org/color-name/-/color-name-1.1.3.tgz 0ms (cache hit)
865 http cache escape-string-regexp@https://registry.npmjs.org/escape-string-regexp/-/escape-string-regexp-1.0.5.tgz 0ms (cache hit)
866 http cache color-convert@https://registry.npmjs.org/color-convert/-/color-convert-1.9.3.tgz 0ms (cache hit)
867 http cache chalk@https://registry.npmjs.org/chalk/-/chalk-2.4.2.tgz 0ms (cache hit)
868 http cache ansi-styles@https://registry.npmjs.org/ansi-styles/-/ansi-styles-3.2.1.tgz 0ms (cache hit)
869 http cache ms@https://registry.npmjs.org/ms/-/ms-2.0.0.tgz 0ms (cache hit)
870 http cache debug@https://registry.npmjs.org/debug/-/debug-2.6.9.tgz 0ms (cache hit)
871 http cache supports-color@https://registry.npmjs.org/supports-color/-/supports-color-8.1.1.tgz 0ms (cache hit)
872 http cache camelcase@https://registry.npmjs.org/camelcase/-/camelcase-6.3.0.tgz 0ms (cache hit)
873 http cache picomatch@https://registry.npmjs.org/picomatch/-/picomatch-2.3.1.tgz 0ms (cache hit)
874 http cache semver@https://registry.npmjs.org/semver/-/semver-7.7.1.tgz 0ms (cache hit)
875 http cache glob@https://registry.npmjs.org/glob/-/glob-7.2.3.tgz 0ms (cache hit)
876 http cache source-map-support@https://registry.npmjs.org/source-map-support/-/source-map-support-0.5.13.tgz 0ms (cache hit)
877 http cache source-map@https://registry.npmjs.org/source-map/-/source-map-0.6.1.tgz 0ms (cache hit)
878 http cache glob@https://registry.npmjs.org/glob/-/glob-7.2.3.tgz 0ms (cache hit)
879 http cache npm-run-path@https://registry.npmjs.org/npm-run-path/-/npm-run-path-4.0.1.tgz 0ms (cache hit)
880 http cache onetime@https://registry.npmjs.org/onetime/-/onetime-5.1.2.tgz 0ms (cache hit)
881 http cache mimic-fn@https://registry.npmjs.org/mimic-fn/-/mimic-fn-2.1.0.tgz 0ms (cache hit)
882 http cache is-stream@https://registry.npmjs.org/is-stream/-/is-stream-2.0.1.tgz 0ms (cache hit)
883 http cache get-stream@https://registry.npmjs.org/get-stream/-/get-stream-6.0.1.tgz 0ms (cache hit)
884 http cache execa@https://registry.npmjs.org/execa/-/execa-5.1.1.tgz 0ms (cache hit)
885 http cache source-map@https://registry.npmjs.org/source-map/-/source-map-0.6.1.tgz 0ms (cache hit)
886 http cache semver@https://registry.npmjs.org/semver/-/semver-7.7.1.tgz 0ms (cache hit)
887 http cache statuses@https://registry.npmjs.org/statuses/-/statuses-2.0.1.tgz 0ms (cache hit)
888 http cache react-is@https://registry.npmjs.org/react-is/-/react-is-16.13.1.tgz 0ms (cache hit)
889 http cache lru-cache@https://registry.npmjs.org/lru-cache/-/lru-cache-10.4.3.tgz 0ms (cache hit)
890 http cache brace-expansion@https://registry.npmjs.org/brace-expansion/-/brace-expansion-5.0.9.tgz 0ms (cache hit)
891 http cache balanced-match@https://registry.npmjs.org/balanced-match/-/balanced-match-4.0.4.tgz 0ms (cache hit)
892 http cache minimatch@https://registry.npmjs.org/minimatch/-/minimatch-10.2.6.tgz 0ms (cache hit)
893 http cache ms@https://registry.npmjs.org/ms/-/ms-2.0.0.tgz 0ms (cache hit)
894 http cache debug@https://registry.npmjs.org/debug/-/debug-2.6.9.tgz 0ms (cache hit)
895 http cache glob-parent@https://registry.npmjs.org/glob-parent/-/glob-parent-5.1.2.tgz 0ms (cache hit)
896 http cache semver@https://registry.npmjs.org/semver/-/semver-7.6.3.tgz 0ms (cache hit)
897 http cache minimatch@https://registry.npmjs.org/minimatch/-/minimatch-9.0.9.tgz 0ms (cache hit)
898 http cache semver@https://registry.npmjs.org/semver/-/semver-7.8.5.tgz 0ms (cache hit)
899 http cache expo-font@https://registry.npmjs.org/expo-font/-/expo-font-14.0.12.tgz 0ms (cache hit)
900 http cache expo-asset@https://registry.npmjs.org/expo-asset/-/expo-asset-12.0.13.tgz 0ms (cache hit)
901 http cache expo-file-system@https://registry.npmjs.org/expo-file-system/-/expo-file-system-19.0.23.tgz 0ms (cache hit)
902 http cache brace-expansion@https://registry.npmjs.org/brace-expansion/-/brace-expansion-2.1.4.tgz 0ms (cache hit)
903 http cache @expo/json-file@https://registry.npmjs.org/@expo/json-file/-/json-file-10.0.16.tgz 0ms (cache hit)
904 http cache @expo/metro-config@https://registry.npmjs.org/@expo/metro-config/-/metro-config-54.0.17.tgz 0ms (cache hit)
905 http cache @babel/code-frame@https://registry.npmjs.org/@babel/code-frame/-/code-frame-7.10.4.tgz 0ms (cache hit)
906 http cache @expo/cli@https://registry.npmjs.org/@expo/cli/-/cli-54.0.26.tgz 0ms (cache hit)
907 http cache @expo/prebuild-config@https://registry.npmjs.org/@expo/prebuild-config/-/prebuild-config-54.0.9.tgz 0ms (cache hit)
908 http cache debug@https://registry.npmjs.org/debug/-/debug-2.6.9.tgz 0ms (cache hit)
909 http cache ms@https://registry.npmjs.org/ms/-/ms-2.0.0.tgz 0ms (cache hit)
910 http cache negotiator@https://registry.npmjs.org/negotiator/-/negotiator-0.6.4.tgz 0ms (cache hit)
911 http cache ms@https://registry.npmjs.org/ms/-/ms-2.0.0.tgz 0ms (cache hit)
912 http cache debug@https://registry.npmjs.org/debug/-/debug-2.6.9.tgz 0ms (cache hit)
913 http cache strip-ansi@https://registry.npmjs.org/strip-ansi/-/strip-ansi-6.0.1.tgz 0ms (cache hit)
914 http cache emoji-regex@https://registry.npmjs.org/emoji-regex/-/emoji-regex-8.0.0.tgz 0ms (cache hit)
915 http cache mkdirp@https://registry.npmjs.org/mkdirp/-/mkdirp-1.0.4.tgz 0ms (cache hit)
916 http cache glob-parent@https://registry.npmjs.org/glob-parent/-/glob-parent-5.1.2.tgz 0ms (cache hit)
917 http cache open@https://registry.npmjs.org/open/-/open-8.4.2.tgz 0ms (cache hit)
918 http cache istanbul-lib-instrument@https://registry.npmjs.org/istanbul-lib-instrument/-/istanbul-lib-instrument-5.2.1.tgz 0ms (cache hit)
919 http cache form-data@https://registry.npmjs.org/form-data/-/form-data-4.0.2.tgz 0ms (cache hit)
920 http cache picomatch@https://registry.npmjs.org/picomatch/-/picomatch-2.3.1.tgz 0ms (cache hit)
921 http cache @types/react@https://registry.npmjs.org/@types/react/-/react-18.3.27.tgz 0ms (cache hit)
922 http cache ws@https://registry.npmjs.org/ws/-/ws-6.2.3.tgz 0ms (cache hit)
923 http cache react-is@https://registry.npmjs.org/react-is/-/react-is-19.2.3.tgz 0ms (cache hit)
924 http cache semver@https://registry.npmjs.org/semver/-/semver-7.7.3.tgz 0ms (cache hit)
925 http cache glob@https://registry.npmjs.org/glob/-/glob-7.2.3.tgz 0ms (cache hit)
926 http cache @radix-ui/react-slot@https://registry.npmjs.org/@radix-ui/react-slot/-/react-slot-1.2.3.tgz 0ms (cache hit)
927 http cache @radix-ui/react-slot@https://registry.npmjs.org/@radix-ui/react-slot/-/react-slot-1.2.3.tgz 0ms (cache hit)
928 http cache @radix-ui/react-slot@https://registry.npmjs.org/@radix-ui/react-slot/-/react-slot-1.2.3.tgz 0ms (cache hit)
929 http cache write-file-atomic@https://registry.npmjs.org/write-file-atomic/-/write-file-atomic-4.0.2.tgz 0ms (cache hit)
930 http cache strip-ansi@https://registry.npmjs.org/strip-ansi/-/strip-ansi-6.0.1.tgz 0ms (cache hit)
931 http cache glob@https://registry.npmjs.org/glob/-/glob-7.2.3.tgz 0ms (cache hit)
932 http cache strip-ansi@https://registry.npmjs.org/strip-ansi/-/strip-ansi-6.0.1.tgz 0ms (cache hit)
933 http cache locate-path@https://registry.npmjs.org/locate-path/-/locate-path-5.0.0.tgz 0ms (cache hit)
934 http cache p-locate@https://registry.npmjs.org/p-locate/-/p-locate-4.1.0.tgz 0ms (cache hit)
935 http cache p-limit@https://registry.npmjs.org/p-limit/-/p-limit-2.3.0.tgz 0ms (cache hit)
936 http cache find-up@https://registry.npmjs.org/find-up/-/find-up-4.1.0.tgz 0ms (cache hit)
937 http cache js-yaml@https://registry.npmjs.org/js-yaml/-/js-yaml-4.3.1.tgz 0ms (cache hit)
938 http cache argparse@https://registry.npmjs.org/argparse/-/argparse-2.0.1.tgz 0ms (cache hit)
939 http cache semver@https://registry.npmjs.org/semver/-/semver-7.7.3.tgz 0ms (cache hit)
940 http cache @expo/json-file@https://registry.npmjs.org/@expo/json-file/-/json-file-11.0.1.tgz 0ms (cache hit)
941 http cache semver@https://registry.npmjs.org/semver/-/semver-7.7.3.tgz 0ms (cache hit)
942 http cache semver@https://registry.npmjs.org/semver/-/semver-7.8.5.tgz 0ms (cache hit)
943 http cache minimatch@https://registry.npmjs.org/minimatch/-/minimatch-10.2.6.tgz 0ms (cache hit)
944 http cache brace-expansion@https://registry.npmjs.org/brace-expansion/-/brace-expansion-5.0.9.tgz 0ms (cache hit)
945 http cache debug@https://registry.npmjs.org/debug/-/debug-3.2.7.tgz 0ms (cache hit)
946 http cache balanced-match@https://registry.npmjs.org/balanced-match/-/balanced-match-4.0.4.tgz 0ms (cache hit)
947 http cache semver@https://registry.npmjs.org/semver/-/semver-7.8.5.tgz 0ms (cache hit)
948 http cache @expo/json-file@https://registry.npmjs.org/@expo/json-file/-/json-file-10.0.16.tgz 0ms (cache hit)
949 http cache @babel/code-frame@https://registry.npmjs.org/@babel/code-frame/-/code-frame-7.10.4.tgz 0ms (cache hit)
950 http cache @babel/code-frame@https://registry.npmjs.org/@babel/code-frame/-/code-frame-7.10.4.tgz 0ms (cache hit)
951 http cache semver@https://registry.npmjs.org/semver/-/semver-7.8.5.tgz 0ms (cache hit)
952 http cache deepmerge@https://registry.npmjs.org/deepmerge/-/deepmerge-3.3.0.tgz 0ms (cache hit)
953 http cache supports-color@https://registry.npmjs.org/supports-color/-/supports-color-5.5.0.tgz 0ms (cache hit)
954 http cache escape-string-regexp@https://registry.npmjs.org/escape-string-regexp/-/escape-string-regexp-1.0.5.tgz 0ms (cache hit)
955 http cache has-flag@https://registry.npmjs.org/has-flag/-/has-flag-3.0.0.tgz 0ms (cache hit)
956 http cache color-name@https://registry.npmjs.org/color-name/-/color-name-1.1.3.tgz 0ms (cache hit)
957 http cache color-convert@https://registry.npmjs.org/color-convert/-/color-convert-1.9.3.tgz 0ms (cache hit)
958 http cache chalk@https://registry.npmjs.org/chalk/-/chalk-2.4.2.tgz 0ms (cache hit)
959 http cache ansi-styles@https://registry.npmjs.org/ansi-styles/-/ansi-styles-3.2.1.tgz 0ms (cache hit)
960 http cache string-width@https://registry.npmjs.org/string-width/-/string-width-4.2.3.tgz 0ms (cache hit)
961 http cache string-width@https://registry.npmjs.org/string-width/-/string-width-4.2.3.tgz 0ms (cache hit)
962 silly tarball no local data for util-deprecate@https://registry.npmjs.org/util-deprecate/-/util-deprecate-1.0.2.tgz. Extracting by manifest.
963 silly tarball no local data for tailwindcss@https://registry.npmjs.org/tailwindcss/-/tailwindcss-3.4.19.tgz. Extracting by manifest.
964 silly tarball no local data for reusify@https://registry.npmjs.org/reusify/-/reusify-1.1.0.tgz. Extracting by manifest.
965 silly tarball no local data for run-parallel@https://registry.npmjs.org/run-parallel/-/run-parallel-1.2.0.tgz. Extracting by manifest.
966 silly tarball no local data for readdirp@https://registry.npmjs.org/readdirp/-/readdirp-3.6.0.tgz. Extracting by manifest.
967 silly tarball no local data for read-cache@https://registry.npmjs.org/read-cache/-/read-cache-1.0.0.tgz. Extracting by manifest.
968 silly tarball no local data for react-native-css-interop@https://registry.npmjs.org/react-native-css-interop/-/react-native-css-interop-0.2.6.tgz. Extracting by manifest.
969 silly tarball no local data for queue-microtask@https://registry.npmjs.org/queue-microtask/-/queue-microtask-1.2.3.tgz. Extracting by manifest.
970 silly tarball no local data for postcss-selector-parser@https://registry.npmjs.org/postcss-selector-parser/-/postcss-selector-parser-6.1.4.tgz. Extracting by manifest.
971 silly tarball no local data for postcss-nested@https://registry.npmjs.org/postcss-nested/-/postcss-nested-6.2.0.tgz. Extracting by manifest.
972 silly tarball no local data for postcss-load-config@https://registry.npmjs.org/postcss-load-config/-/postcss-load-config-6.0.1.tgz. Extracting by manifest.
973 silly tarball no local data for postcss-js@https://registry.npmjs.org/postcss-js/-/postcss-js-4.1.0.tgz. Extracting by manifest.
974 silly tarball no local data for postcss-import@https://registry.npmjs.org/postcss-import/-/postcss-import-15.1.0.tgz. Extracting by manifest.
975 silly tarball no local data for pify@https://registry.npmjs.org/pify/-/pify-2.3.0.tgz. Extracting by manifest.
976 silly tarball no local data for object-hash@https://registry.npmjs.org/object-hash/-/object-hash-3.0.0.tgz. Extracting by manifest.
977 silly tarball no local data for nativewind@https://registry.npmjs.org/nativewind/-/nativewind-4.2.6.tgz. Extracting by manifest.
978 silly tarball no local data for merge2@https://registry.npmjs.org/merge2/-/merge2-1.4.1.tgz. Extracting by manifest.
979 silly tarball no local data for lilconfig@https://registry.npmjs.org/lilconfig/-/lilconfig-3.1.3.tgz. Extracting by manifest.
980 silly tarball no local data for jiti@https://registry.npmjs.org/jiti/-/jiti-1.21.7.tgz. Extracting by manifest.
981 silly tarball no local data for is-glob@https://registry.npmjs.org/is-glob/-/is-glob-4.0.3.tgz. Extracting by manifest.
982 silly tarball no local data for is-extglob@https://registry.npmjs.org/is-extglob/-/is-extglob-2.1.1.tgz. Extracting by manifest.
983 silly tarball no local data for is-binary-path@https://registry.npmjs.org/is-binary-path/-/is-binary-path-2.1.0.tgz. Extracting by manifest.
984 silly tarball no local data for glob-parent@https://registry.npmjs.org/glob-parent/-/glob-parent-6.0.2.tgz. Extracting by manifest.
985 silly tarball no local data for fastq@https://registry.npmjs.org/fastq/-/fastq-1.20.1.tgz. Extracting by manifest.
986 silly tarball no local data for fast-glob@https://registry.npmjs.org/fast-glob/-/fast-glob-3.3.3.tgz. Extracting by manifest.
987 silly tarball no local data for dlv@https://registry.npmjs.org/dlv/-/dlv-1.1.3.tgz. Extracting by manifest.
988 silly tarball no local data for didyoumean@https://registry.npmjs.org/didyoumean/-/didyoumean-1.2.2.tgz. Extracting by manifest.
989 silly tarball no local data for cssesc@https://registry.npmjs.org/cssesc/-/cssesc-3.0.0.tgz. Extracting by manifest.
990 silly tarball no local data for comment-json@https://registry.npmjs.org/comment-json/-/comment-json-4.6.2.tgz. Extracting by manifest.
991 silly tarball no local data for chokidar@https://registry.npmjs.org/chokidar/-/chokidar-3.6.0.tgz. Extracting by manifest.
992 silly tarball no local data for camelcase-css@https://registry.npmjs.org/camelcase-css/-/camelcase-css-2.0.1.tgz. Extracting by manifest.
993 silly tarball no local data for binary-extensions@https://registry.npmjs.org/binary-extensions/-/binary-extensions-2.3.0.tgz. Extracting by manifest.
994 silly tarball no local data for array-timsort@https://registry.npmjs.org/array-timsort/-/array-timsort-1.0.3.tgz. Extracting by manifest.
995 silly tarball no local data for @nodelib/fs.walk@https://registry.npmjs.org/@nodelib/fs.walk/-/fs.walk-1.2.8.tgz. Extracting by manifest.
996 silly tarball no local data for @nodelib/fs.stat@https://registry.npmjs.org/@nodelib/fs.stat/-/fs.stat-2.0.5.tgz. Extracting by manifest.
997 silly tarball no local data for @nodelib/fs.scandir@https://registry.npmjs.org/@nodelib/fs.scandir/-/fs.scandir-2.1.5.tgz. Extracting by manifest.
998 silly tarball no local data for @alloc/quick-lru@https://registry.npmjs.org/@alloc/quick-lru/-/quick-lru-5.2.0.tgz. Extracting by manifest.
999 silly tarball no local data for picomatch@https://registry.npmjs.org/picomatch/-/picomatch-2.3.2.tgz. Extracting by manifest.
1000 silly tarball no local data for lightningcss-linux-x64-gnu@https://registry.npmjs.org/lightningcss-linux-x64-gnu/-/lightningcss-linux-x64-gnu-1.27.0.tgz. Extracting by manifest.
1001 silly tarball no local data for lightningcss@https://registry.npmjs.org/lightningcss/-/lightningcss-1.27.0.tgz. Extracting by manifest.
1002 silly tarball no local data for detect-libc@https://registry.npmjs.org/detect-libc/-/detect-libc-1.0.3.tgz. Extracting by manifest.
1003 silly tarball no local data for lightningcss-linux-x64-musl@https://registry.npmjs.org/lightningcss-linux-x64-musl/-/lightningcss-linux-x64-musl-1.27.0.tgz. Extracting by manifest.
1004 silly tarball no local data for glob-parent@https://registry.npmjs.org/glob-parent/-/glob-parent-5.1.2.tgz. Extracting by manifest.
1005 silly tarball no local data for glob-parent@https://registry.npmjs.org/glob-parent/-/glob-parent-5.1.2.tgz. Extracting by manifest.
1006 http fetch POST 200 https://registry.npmjs.org/-/npm/v1/security/advisories/bulk 3384ms
1007 silly audit report {
1007 silly audit report   '@babel/core': [
1007 silly audit report     {
1007 silly audit report       id: 1123528,
1007 silly audit report       url: 'https://github.com/advisories/GHSA-4x5r-pxfx-6jf8',
1007 silly audit report       title: '@babel/core: Arbitrary File Read via sourceMappingURL Comment',
1007 silly audit report       severity: 'low',
1007 silly audit report       vulnerable_versions: '<=7.29.0',
1007 silly audit report       cwe: [Array],
1007 silly audit report       cvss: [Object]
1007 silly audit report     }
1007 silly audit report   ],
1007 silly audit report   '@babel/helpers': [
1007 silly audit report     {
1007 silly audit report       id: 1104001,
1007 silly audit report       url: 'https://github.com/advisories/GHSA-968p-4wvh-cqc8',
1007 silly audit report       title: 'Babel has inefficient RegExp complexity in generated code with .replace when transpiling named capturing groups',
1007 silly audit report       severity: 'moderate',
1007 silly audit report       vulnerable_versions: '<7.26.10',
1007 silly audit report       cwe: [Array],
1007 silly audit report       cvss: [Object]
1007 silly audit report     }
1007 silly audit report   ],
1007 silly audit report   '@babel/runtime': [
1007 silly audit report     {
1007 silly audit report       id: 1104000,
1007 silly audit report       url: 'https://github.com/advisories/GHSA-968p-4wvh-cqc8',
1007 silly audit report       title: 'Babel has inefficient RegExp complexity in generated code with .replace when transpiling named capturing groups',
1007 silly audit report       severity: 'moderate',
1007 silly audit report       vulnerable_versions: '<7.26.10',
1007 silly audit report       cwe: [Array],
1007 silly audit report       cvss: [Object]
1007 silly audit report     }
1007 silly audit report   ],
1007 silly audit report   'brace-expansion': [
1007 silly audit report     {
1007 silly audit report       id: 1105443,
1007 silly audit report       url: 'https://github.com/advisories/GHSA-v6h2-p8h4-qcjw',
1007 silly audit report       title: 'brace-expansion Regular Expression Denial of Service vulnerability',
1007 silly audit report       severity: 'low',
1007 silly audit report       vulnerable_versions: '>=1.0.0 <=1.1.11',
1007 silly audit report       cwe: [Array],
1007 silly audit report       cvss: [Object]
1007 silly audit report     },
1007 silly audit report     {
1007 silly audit report       id: 1130588,
1007 silly audit report       url: 'https://github.com/advisories/GHSA-mh99-v99m-4gvg',
1007 silly audit report       title: 'brace-expansion: DoS via unbounded expansion length causing an out-of-memory process crash',
1007 silly audit report       severity: 'high',
1007 silly audit report       vulnerable_versions: '<1.1.17',
1007 silly audit report       cwe: [Array],
1007 silly audit report       cvss: [Object]
1007 silly audit report     },
1007 silly audit report     {
1007 silly audit report       id: 1130737,
1007 silly audit report       url: 'https://github.com/advisories/GHSA-rgw5-rvv9-x895',
1007 silly audit report       title: 'brace-expansion: DoS via unbounded intermediate arrays, bypassing the CVE-2026-14257 mitigation',
1007 silly audit report       severity: 'high',
1007 silly audit report       vulnerable_versions: '<1.1.18',
1007 silly audit report       cwe: [Array],
1007 silly audit report       cvss: [Object]
1007 silly audit report     },
1007 silly audit report     {
1007 silly audit report       id: 1115540,
1007 silly audit report       url: 'https://github.com/advisories/GHSA-f886-m6hf-6m8v',
1007 silly audit report       title: 'brace-expansion: Zero-step sequence causes process hang and memory exhaustion',
1007 silly audit report       severity: 'moderate',
1007 silly audit report       vulnerable_versions: '<1.1.13',
1007 silly audit report       cwe: [Array],
1007 silly audit report       cvss: [Object]
1007 silly audit report     },
1007 silly audit report     {
1007 silly audit report       id: 1123897,
1007 silly audit report       url: 'https://github.com/advisories/GHSA-3jxr-9vmj-r5cp',
1007 silly audit report       title: 'brace-expansion: DoS via exponential-time expansion of consecutive non-expanding {} groups',
1007 silly audit report       severity: 'high',
1007 silly audit report       vulnerable_versions: '<1.1.16',
1007 silly audit report       cwe: [Array],
1007 silly audit report       cvss: [Object]
1007 silly audit report     }
1007 silly audit report   ],
1007 silly audit report   minimatch: [
1007 silly audit report     {
1007 silly audit report       id: 1113459,
1007 silly audit report       url: 'https://github.com/advisories/GHSA-3ppc-4f35-3m26',
1007 silly audit report       title: 'minimatch has a ReDoS via repeated wildcards with non-matching literal in pattern',
1007 silly audit report       severity: 'high',
1007 silly audit report       vulnerable_versions: '<3.1.3',
1007 silly audit report       cwe: [Array],
1007 silly audit report       cvss: [Object]
1007 silly audit report     },
1007 silly audit report     {
1007 silly audit report       id: 1113538,
1007 silly audit report       url: 'https://github.com/advisories/GHSA-7r86-cg39-jmmj',
1007 silly audit report       title: 'minimatch has ReDoS: matchOne() combinatorial backtracking via multiple non-adjacent GLOBSTAR segments',
1007 silly audit report       severity: 'high',
1007 silly audit report       vulnerable_versions: '<3.1.3',
1007 silly audit report       cwe: [Array],
1007 silly audit report       cvss: [Object]
1007 silly audit report     },
1007 silly audit report     {
1007 silly audit report       id: 1113546,
1007 silly audit report       url: 'https://github.com/advisories/GHSA-23c5-xmqv-rm74',
1007 silly audit report       title: 'minimatch ReDoS: nested *() extglobs generate catastrophically backtracking regular expressions',
1007 silly audit report       severity: 'high',
1007 silly audit report       vulnerable_versions: '<3.1.4',
1007 silly audit report       cwe: [Array],
1007 silly audit report       cvss: [Object]
1007 silly audit report     }
1007 silly audit report   ],
1007 silly audit report   'js-yaml': [
1007 silly audit report     {
1007 silly audit report       id: 1112714,
1007 silly audit report       url: 'https://github.com/advisories/GHSA-mh29-5h37-fv8m',
1007 silly audit report       title: 'js-yaml has prototype pollution in merge (<<)',
1007 silly audit report       severity: 'moderate',
1007 silly audit report       vulnerable_versions: '<3.14.2',
1007 silly audit report       cwe: [Array],
1007 silly audit report       cvss: [Object]
1007 silly audit report     },
1007 silly audit report     {
1007 silly audit report       id: 1121859,
1007 silly audit report       url: 'https://github.com/advisories/GHSA-h67p-54hq-rp68',
1007 silly audit report       title: 'JS-YAML: Quadratic-complexity DoS in merge key handling via repeated aliases',
1007 silly audit report       severity: 'moderate',
1007 silly audit report       vulnerable_versions: '<3.15.0',
1007 silly audit report       cwe: [Array],
1007 silly audit report       cvss: [Object]
1007 silly audit report     },
1007 silly audit report     {
1007 silly audit report       id: 1123912,
1007 silly audit report       url: 'https://github.com/advisories/GHSA-52cp-r559-cp3m',
1007 silly audit report       title: 'js-yaml: YAML merge-key chains can force quadratic CPU consumption',
1007 silly audit report       severity: 'high',
1007 silly audit report       vulnerable_versions: '>=3.0.0 <3.15.0',
1007 silly audit report       cwe: [Array],
1007 silly audit report       cvss: [Object]
1007 silly audit report     }
1007 silly audit report   ],
1007 silly audit report   ws: [
1007 silly audit report     {
1007 silly audit report       id: 1123260,
1007 silly audit report       url: 'https://github.com/advisories/GHSA-96hv-2xvq-fx4p',
1007 silly audit report       title: 'ws: Memory exhaustion DoS from tiny fragments and data chunks',
1007 silly audit report       severity: 'high',
1007 silly audit report       vulnerable_versions: '>=7.0.0 <7.5.11',
1007 silly audit report       cwe: [Array],
1007 silly audit report       cvss: [Object]
1007 silly audit report     },
1007 silly audit report     {
1007 silly audit report       id: 1123261,
1007 silly audit report       url: 'https://github.com/advisories/GHSA-96hv-2xvq-fx4p',
1007 silly audit report       title: 'ws: Memory exhaustion DoS from tiny fragments and data chunks',
1007 silly audit report       severity: 'high',
1007 silly audit report       vulnerable_versions: '>=6.0.0 <6.2.4',
1007 silly audit report       cwe: [Array],
1007 silly audit report       cvss: [Object]
1007 silly audit report     }
1007 silly audit report   ],
1007 silly audit report   ajv: [
1007 silly audit report     {
1007 silly audit report       id: 1113715,
1007 silly audit report       url: 'https://github.com/advisories/GHSA-2g4f-4pwh-qvx6',
1007 silly audit report       title: 'ajv has ReDoS when using `$data` option',
1007 silly audit report       severity: 'moderate',
1007 silly audit report       vulnerable_versions: '>=7.0.0-alpha.0 <8.18.0',
1007 silly audit report       cwe: [Array],
1007 silly audit report       cvss: [Object]
1007 silly audit report     }
1007 silly audit report   ],
1007 silly audit report   picomatch: [
1007 silly audit report     {
1007 silly audit report       id: 1115549,
1007 silly audit report       url: 'https://github.com/advisories/GHSA-3v7f-55p6-f55p',
1007 silly audit report       title: 'Picomatch: Method Injection in POSIX Character Classes causes incorrect Glob Matching',
1007 silly audit report       severity: 'moderate',
1007 silly audit report       vulnerable_versions: '<2.3.2',
1007 silly audit report       cwe: [Array],
1007 silly audit report       cvss: [Object]
1007 silly audit report     },
1007 silly audit report     {
1007 silly audit report       id: 1115552,
1007 silly audit report       url: 'https://github.com/advisories/GHSA-c2c7-rcm5-vvqj',
1007 silly audit report       title: 'Picomatch has a ReDoS vulnerability via extglob quantifiers',
1007 silly audit report       severity: 'high',
1007 silly audit report       vulnerable_versions: '<2.3.2',
1007 silly audit report       cwe: [Array],
1007 silly audit report       cvss: [Object]
1007 silly audit report     }
1007 silly audit report   ],
1007 silly audit report   axios: [
1007 silly audit report     {
1007 silly audit report       id: 1111035,
1007 silly audit report       url: 'https://github.com/advisories/GHSA-jr5f-v2jv-69x6',
1007 silly audit report       title: 'axios Requests Vulnerable To Possible SSRF and Credential Leakage via Absolute URL',
1007 silly audit report       severity: 'high',
1007 silly audit report       vulnerable_versions: '>=1.0.0 <1.8.2',
1007 silly audit report       cwe: [Array],
1007 silly audit report       cvss: [Object]
1007 silly audit report     },
1007 silly audit report     {
1007 silly audit report       id: 1118607,
1007 silly audit report       url: 'https://github.com/advisories/GHSA-q8qp-cvcw-x6jj',
1007 silly audit report       title: 'Axios has prototype pollution read-side gadgets in HTTP adapter that allow credential injection and request hijacking',
1007 silly audit report       severity: 'high',
1007 silly audit report       vulnerable_versions: '>=1.0.0 <1.15.2',
1007 silly audit report       cwe: [Array],
1007 silly audit report       cvss: [Object]
1007 silly audit report     },
1007 silly audit report     {
1007 silly audit report       id: 1112195,
1007 silly audit report       url: 'https://github.com/advisories/GHSA-4hjh-wcwx-xvwj',
1007 silly audit report       title: 'Axios is vulnerable to DoS attack through lack of data size check',
1007 silly audit report       severity: 'high',
1007 silly audit report       vulnerable_versions: '>=1.0.0 <1.12.0',
1007 silly audit report       cwe: [Array],
1007 silly audit report       cvss: [Object]
1007 silly audit report     },
1007 silly audit report     {
1007 silly audit report       id: 1119404,
1007 silly audit report       url: 'https://github.com/advisories/GHSA-fvcv-3m26-pcqx',
1007 silly audit report       title: 'Axios has Unrestricted Cloud Metadata Exfiltration via Header Injection Chain',
1007 silly audit report       severity: 'moderate',
1007 silly audit report       vulnerable_versions: '>=1.0.0 <1.15.0',
1007 silly audit report       cwe: [Array],
1007 silly audit report       cvss: [Object]
1007 silly audit report     },
1007 silly audit report     {
1007 silly audit report       id: 1120125,
1007 silly audit report       url: 'https://github.com/advisories/GHSA-62hf-57xw-28j9',
1007 silly audit report       title: 'Axios: unbounded recursion in toFormData causes DoS via deeply nested request data',
1007 silly audit report       severity: 'moderate',
1007 silly audit report       vulnerable_versions: '>=1.0.0 <1.15.1',
1007 silly audit report       cwe: [Array],
1007 silly audit report       cvss: [Object]
1007 silly audit report     },
1007 silly audit report     {
1007 silly audit report       id: 1120547,
1007 silly audit report       url: 'https://github.com/advisories/GHSA-hfxv-24rg-xrqf',
1007 silly audit report       title: 'Axios: Regular Expression Denial of Service (ReDoS) via Cookie Name Injection',
1007 silly audit report       severity: 'high',
1007 silly audit report       vulnerable_versions: '>=1.0.0 <1.16.0',
1007 silly audit report       cwe: [Array],
1007 silly audit report       cvss: [Object]
1007 silly audit report     },
1007 silly audit report     {
1007 silly audit report       id: 1120643,
1007 silly audit report       url: 'https://github.com/advisories/GHSA-777c-7fjr-54vf',
1007 silly audit report       title: 'Allocation of Resources Without Limits or Throttling in Axios',
1007 silly audit report       severity: 'high',
1007 silly audit report       vulnerable_versions: '>=1.7.0 <1.16.0',
1007 silly audit report       cwe: [Array],
1007 silly audit report       cvss: [Object]
1007 silly audit report     },
1007 silly audit report     {
1007 silly audit report       id: 1120645,
1007 silly audit report       url: 'https://github.com/advisories/GHSA-p92q-9vqr-4j8v',
1007 silly audit report       title: 'Axios: Proxy-Authorization Credential Leak to Origin Server Across HTTP-to-HTTPS Redirect in Axios Node.js HTTP Adapter',
1007 silly audit report       severity: 'high',
1007 silly audit report       vulnerable_versions: '>=1.0.0 <1.16.0',
1007 silly audit report       cwe: [Array],
1007 silly audit report       cvss: [Object]
1007 silly audit report     },
1007 silly audit report     {
1007 silly audit report       id: 1120647,
1007 silly audit report       url: 'https://github.com/advisories/GHSA-j5f8-grm9-p9fc',
1007 silly audit report       title: 'Axios: Proxy-Authorization header leaks to redirect target when proxy is re-evaluated to direct connection',
1007 silly audit report       severity: 'high',
1007 silly audit report       vulnerable_versions: '>=1.0.0 <1.16.0',
1007 silly audit report       cwe: [Array],
1007 silly audit report       cvss: [Object]
1007 silly audit report     },
1007 silly audit report     {
1007 silly audit report       id: 1120649,
1007 silly audit report       url: 'https://github.com/advisories/GHSA-3g43-6gmg-66jw',
1007 silly audit report       title: 'axios Vulnerable to Credential Theft and Response Hijacking via Prototype Pollution Gadget in Config Merge',
1007 silly audit report       severity: 'high',
1007 silly audit report       vulnerable_versions: '>=1.0.0 <1.15.2',
1007 silly audit report       cwe: [Array],
1007 silly audit report       cvss: [Object]
1007 silly audit report     },
1007 silly audit report     {
1007 silly audit report       id: 1120650,
1007 silly audit report       url: 'https://github.com/advisories/GHSA-35jp-ww65-95wh',
1007 silly audit report       title: 'axios Vulnerable to Full Man-in-the-Middle via Prototype Pollution Gadget in `config.proxy`',
1007 silly audit report       severity: 'high',
1007 silly audit report       vulnerable_versions: '>=1.0.0 <1.16.0',
1007 silly audit report       cwe: [Array],
1007 silly audit report       cvss: [Object]
1007 silly audit report     },
1007 silly audit report     {
1007 silly audit report       id: 1120652,
1007 silly audit report       url: 'https://github.com/advisories/GHSA-898c-q2cr-xwhg',
1007 silly audit report       title: 'axios has DoS & Header Injection via Prototype Pollution Read-Side Gadgets in axios merge functions',
1007 silly audit report       severity: 'moderate',
1007 silly audit report       vulnerable_versions: '>=1.0.0 <1.16.0',
1007 silly audit report       cwe: [Array],
1007 silly audit report       cvss: [Object]
1007 silly audit report     },
1007 silly audit report     {
1007 silly audit report       id: 1116673,
1007 silly audit report       url: 'https://github.com/advisories/GHSA-3p68-rc4w-qgx5',
1007 silly audit report       title: 'Axios has a NO_PROXY Hostname Normalization Bypass that Leads to SSRF',
1007 silly audit report       severity: 'moderate',
1007 silly audit report       vulnerable_versions: '>=1.0.0 <1.15.0',
1007 silly audit report       cwe: [Array],
1007 silly audit report       cvss: [Object]
1007 silly audit report     },
1007 silly audit report     {
1007 silly audit report       id: 1117574,
1007 silly audit report       url: 'https://github.com/advisories/GHSA-w9j2-pvgh-6h63',
1007 silly audit report       title: 'Axios: Authentication Bypass via Prototype Pollution Gadget in `validateStatus` Merge Strategy',
1007 silly audit report       severity: 'moderate',
1007 silly audit report       vulnerable_versions: '>=1.0.0 <1.15.1',
1007 silly audit report       cwe: [Array],
1007 silly audit report       cvss: [Object]
1007 silly audit report     },
1007 silly audit report     {
1007 silly audit report       id: 1117576,
1007 silly audit report       url: 'https://github.com/advisories/GHSA-pmwg-cvhr-8vh7',
1007 silly audit report       title: 'Axios: Incomplete Fix for CVE-2025-62718 — NO_PROXY Protection Bypassed via RFC 1122 Loopback Subnet (127.0.0.0/8) in Axios 1.15.0',
1007 silly audit report       severity: 'high',
1007 silly audit report       vulnerable_versions: '>=1.0.0 <1.15.1',
1007 silly audit report       cwe: [Array],
1007 silly audit report       cvss: [Object]
1007 silly audit report     },
1007 silly audit report     {
1007 silly audit report       id: 1117577,
1007 silly audit report       url: 'https://github.com/advisories/GHSA-3w6x-2g7m-8v23',
1007 silly audit report       title: 'Axios: Invisible JSON Response Tampering via Prototype Pollution Gadget in `parseReviver`',
1007 silly audit report       severity: 'moderate',
1007 silly audit report       vulnerable_versions: '>=1.0.0 <1.15.2',
1007 silly audit report       cwe: [Array],
1007 silly audit report       cvss: [Object]
1007 silly audit report     },
1007 silly audit report     {
1007 silly audit report       id: 1117580,
1007 silly audit report       url: 'https://github.com/advisories/GHSA-xhjh-pmcv-23jw',
1007 silly audit report       title: 'Axios: Null Byte Injection via Reverse-Encoding in AxiosURLSearchParams',
1007 silly audit report       severity: 'low',
1007 silly audit report       vulnerable_versions: '>=1.0.0 <1.15.1',
1007 silly audit report       cwe: [Array],
1007 silly audit report       cvss: [Object]
1007 silly audit report     },
1007 silly audit report     {
1007 silly audit report       id: 1117581,
1007 silly audit report       url: 'https://github.com/advisories/GHSA-445q-vr5w-6q77',
1007 silly audit report       title: 'Axios: CRLF Injection in multipart/form-data body via unsanitized blob.type in formDataToStream',
1007 silly audit report       severity: 'moderate',
1007 silly audit report       vulnerable_versions: '>=1.0.0 <1.15.1',
1007 silly audit report       cwe: [Array],
1007 silly audit report       cvss: [Object]
1007 silly audit report     },
1007 silly audit report     {
1007 silly audit report       id: 1117583,
1007 silly audit report       url: 'https://github.com/advisories/GHSA-m7pr-hjqh-92cm',
1007 silly audit report       title: 'Axios: no_proxy bypass via IP alias allows SSRF',
1007 silly audit report       severity: 'moderate',
1007 silly audit report       vulnerable_versions: '>=1.0.0 <1.15.1',
1007 silly audit report       cwe: [Array],
1007 silly audit report       cvss: [Object]
1007 silly audit report     },
1007 silly audit report     {
1007 silly audit report       id: 1117587,
1007 silly audit report       url: 'https://github.com/advisories/GHSA-5c9x-8gcm-mpgx',
1007 silly audit report       title: "Axios' HTTP adapter-streamed uploads bypass maxBodyLength when maxRedirects: 0",
1007 silly audit report       severity: 'moderate',
1007 silly audit report       vulnerable_versions: '>=1.0.0 <1.15.1',
1007 silly audit report       cwe: [Array],
1007 silly audit report       cvss: [Object]
1007 silly audit report     },
1007 silly audit report     {
1007 silly audit report       id: 1117589,
1007 silly audit report       url: 'https://github.com/advisories/GHSA-vf2m-468p-8v99',
1007 silly audit report       title: 'Axios: HTTP adapter streamed responses bypass maxContentLength',
1007 silly audit report       severity: 'moderate',
1007 silly audit report       vulnerable_versions: '>=1.0.0 <1.15.1',
1007 silly audit report       cwe: [Array],
1007 silly audit report       cvss: [Object]
1007 silly audit report     },
1007 silly audit report     {
1007 silly audit report       id: 1117591,
1007 silly audit report       url: 'https://github.com/advisories/GHSA-pf86-5x62-jrwf',
1007 silly audit report       title: 'Axios: Prototype Pollution Gadgets - Response Tampering, Data Exfiltration, and Request Hijacking',
1007 silly audit report       severity: 'high',
1007 silly audit report       vulnerable_versions: '>=1.0.0 <1.15.1',
1007 silly audit report       cwe: [Array],
1007 silly audit report       cvss: [Object]
1007 silly audit report     },
1007 silly audit report     {
1007 silly audit report       id: 1117593,
1007 silly audit report       url: 'https://github.com/advisories/GHSA-6chq-wfr3-2hj9',
1007 silly audit report       title: 'Axios: Header Injection via Prototype Pollution',
1007 silly audit report       severity: 'high',
1007 silly audit report       vulnerable_versions: '>=1.0.0 <1.15.1',
1007 silly audit report       cwe: [Array],
1007 silly audit report       cvss: [Object]
1007 silly audit report     },
1007 silly audit report     {
1007 silly audit report       id: 1117595,
1007 silly audit report       url: 'https://github.com/advisories/GHSA-xx6v-rp6x-q39c',
1007 silly audit report       title: 'Axios: XSRF Token Cross-Origin Leakage via Prototype Pollution Gadget in `withXSRFToken` Boolean Coercion',
1007 silly audit report       severity: 'moderate',
1007 silly audit report       vulnerable_versions: '>=1.0.0 <1.15.1',
1007 silly audit report       cwe: [Array],
1007 silly audit report       cvss: [Object]
1007 silly audit report     },
1007 silly audit report     {
1007 silly audit report       id: 1117858,
1007 silly audit report       url: 'https://github.com/advisories/GHSA-43fc-jf86-j433',
1007 silly audit report       title: 'Axios is Vulnerable to Denial of Service via __proto__ Key in mergeConfig',
1007 silly audit report       severity: 'high',
1007 silly audit report       vulnerable_versions: '>=1.0.0 <=1.13.4',
1007 silly audit report       cwe: [Array],
1007 silly audit report       cvss: [Object]
1007 silly audit report     },
1007 silly audit report     {
1007 silly audit report       id: 1123882,
1007 silly audit report       url: 'https://github.com/advisories/GHSA-42h9-826w-cgv3',
1007 silly audit report       title: 'Axios: Excessive recursion in formDataToJSON can cause denial of service',
1007 silly audit report       severity: 'moderate',
1007 silly audit report       vulnerable_versions: '>=1.0.0 <1.18.0',
1007 silly audit report       cwe: [Array],
1007 silly audit report       cvss: [Object]
1007 silly audit report     },
1007 silly audit report     {
1007 silly audit report       id: 1123885,
1007 silly audit report       url: 'https://github.com/advisories/GHSA-pmv8-rq9r-6j72',
1007 silly audit report       title: 'Axios: Deep formToJSON Key Recursion Can Cause Denial of Service',
1007 silly audit report       severity: 'moderate',
1007 silly audit report       vulnerable_versions: '>=1.0.0 <1.18.0',
1007 silly audit report       cwe: [Array],
1007 silly audit report       cvss: [Object]
1007 silly audit report     },
1007 silly audit report     {
1007 silly audit report       id: 1123957,
1007 silly audit report       url: 'https://github.com/advisories/GHSA-jqh4-m9w3-8hp9',
1007 silly audit report       title: 'Axios: Fetch adapter `ReadableStream` uploads bypass `maxBodyLength`',
1007 silly audit report       severity: 'moderate',
1007 silly audit report       vulnerable_versions: '>=1.7.0 <1.18.0',
1007 silly audit report       cwe: [Array],
1007 silly audit report       cvss: [Object]
1007 silly audit report     },
1007 silly audit report     {
1007 silly audit report       id: 1123959,
1007 silly audit report       url: 'https://github.com/advisories/GHSA-mmx7-hfxf-jppx',
1007 silly audit report       title: 'Axios: Prototype pollution gadgets can alter axios request construction',
1007 silly audit report       severity: 'moderate',
1007 silly audit report       vulnerable_versions: '>=1.0.0 <1.18.0',
1007 silly audit report       cwe: [Array],
1007 silly audit report       cvss: [Object]
1007 silly audit report     },
1007 silly audit report     {
1007 silly audit report       id: 1123971,
1007 silly audit report       url: 'https://github.com/advisories/GHSA-7q8q-rj6j-mhjq',
1007 silly audit report       title: 'Axios: Nested axios option objects can consume polluted prototype values',
1007 silly audit report       severity: 'moderate',
1007 silly audit report       vulnerable_versions: '>=1.0.0 <1.18.0',
1007 silly audit report       cwe: [Array],
1007 silly audit report       cvss: [Object]
1007 silly audit report     }
1007 silly audit report   ],
1007 silly audit report   'form-data': [
1007 silly audit report     {
1007 silly audit report       id: 1109538,
1007 silly audit report       url: 'https://github.com/advisories/GHSA-fjxv-7rqg-78g4',
1007 silly audit report       title: 'form-data uses unsafe random function in form-data for choosing boundary',
1007 silly audit report       severity: 'critical',
1007 silly audit report       vulnerable_versions: '>=4.0.0 <4.0.4',
1007 silly audit report       cwe: [Array],
1007 silly audit report       cvss: [Object]
1007 silly audit report     },
1007 silly audit report     {
1007 silly audit report       id: 1120743,
1007 silly audit report       url: 'https://github.com/advisories/GHSA-hmw2-7cc7-3qxx',
1007 silly audit report       title: 'form-data: CRLF injection in form-data via unescaped multipart field names and filenames',
1007 silly audit report       severity: 'high',
1007 silly audit report       vulnerable_versions: '>=4.0.0 <4.0.6',
1007 silly audit report       cwe: [Array],
1007 silly audit report       cvss: [Object]
1007 silly audit report     }
1007 silly audit report   ],
1007 silly audit report   'fast-uri': [
1007 silly audit report     {
1007 silly audit report       id: 1130720,
1007 silly audit report       url: 'https://github.com/advisories/GHSA-7p8r-x3mc-p8w7',
1007 silly audit report       title: 'fast-uri vulnerable to host confusion via backslash authority introducer',
1007 silly audit report       severity: 'high',
1007 silly audit report       vulnerable_versions: '>=3.0.0 <3.1.5',
1007 silly audit report       cwe: [Array],
1007 silly audit report       cvss: [Object]
1007 silly audit report     },
1007 silly audit report     {
1007 silly audit report       id: 1117884,
1007 silly audit report       url: 'https://github.com/advisories/GHSA-v39h-62p7-jpjc',
1007 silly audit report       title: 'fast-uri vulnerable to host confusion via percent-encoded authority delimiters',
1007 silly audit report       severity: 'high',
1007 silly audit report       vulnerable_versions: '<=3.1.1',
1007 silly audit report       cwe: [Array],
1007 silly audit report       cvss: [Object]
1007 silly audit report     },
1007 silly audit report     {
1007 silly audit report       id: 1117870,
1007 silly audit report       url: 'https://github.com/advisories/GHSA-q3j6-qgpj-74h6',
1007 silly audit report       title: 'fast-uri vulnerable to path traversal via percent-encoded dot segments',
1007 silly audit report       severity: 'high',
1007 silly audit report       vulnerable_versions: '<=3.1.0',
1007 silly audit report       cwe: [Array],
1007 silly audit report       cvss: [Object]
1007 silly audit report     },
1007 silly audit report     {
1007 silly audit report       id: 1124064,
1007 silly audit report       url: 'https://github.com/advisories/GHSA-v2hh-gcrm-f6hx',
1007 silly audit report       title: 'fast-uri vulnerable to host confusion via literal backslash authority delimiter',
1007 silly audit report       severity: 'high',
1007 silly audit report       vulnerable_versions: '>=3.0.0 <=3.1.3',
1007 silly audit report       cwe: [Array],
1007 silly audit report       cvss: [Object]
1007 silly audit report     },
1007 silly audit report     {
1007 silly audit report       id: 1132817,
1007 silly audit report       url: 'https://github.com/advisories/GHSA-4c8g-83qw-93j6',
1007 silly audit report       title: 'fast-uri vulnerable to host confusion via failed IDN canonicalization',
1007 silly audit report       severity: 'high',
1007 silly audit report       vulnerable_versions: '>=3.0.0 <3.1.3',
1007 silly audit report       cwe: [Array],
1007 silly audit report       cvss: [Object]
1007 silly audit report     }
1007 silly audit report   ],
1007 silly audit report   'follow-redirects': [
1007 silly audit report     {
1007 silly audit report       id: 1116560,
1007 silly audit report       url: 'https://github.com/advisories/GHSA-r4q5-vmmm-2653',
1007 silly audit report       title: 'follow-redirects leaks Custom Authentication Headers to Cross-Domain Redirect Targets',
1007 silly audit report       severity: 'moderate',
1007 silly audit report       vulnerable_versions: '<=1.15.11',
1007 silly audit report       cwe: [Array],
1007 silly audit report       cvss: [Object]
1007 silly audit report     }
1007 silly audit report   ],
1007 silly audit report   'image-size': [
1007 silly audit report     {
1007 silly audit report       id: 1120504,
1007 silly audit report       url: 'https://github.com/advisories/GHSA-m5qc-5hw7-8vg7',
1007 silly audit report       title: 'image-size Denial of Service via Infinite Loop during Image Processing',
1007 silly audit report       severity: 'high',
1007 silly audit report       vulnerable_versions: '>=1.1.0 <1.2.1',
1007 silly audit report       cwe: [Array],
1007 silly audit report       cvss: [Object]
1007 silly audit report     }
1007 silly audit report   ],
1007 silly audit report   postcss: [
1007 silly audit report     {
1007 silly audit report       id: 1130709,
1007 silly audit report       url: 'https://github.com/advisories/GHSA-fxqj-rqcc-2cmp',
1007 silly audit report       title: 'PostCSS: incomplete fix of GHSA-6g55-p6wh-862q — attacker-controlled sourceMappingURL reads arbitrary .map files when `from` is unset',
1007 silly audit report       severity: 'moderate',
1007 silly audit report       vulnerable_versions: '<=8.5.22',
1007 silly audit report       cwe: [Array],
1007 silly audit report       cvss: [Object]
1007 silly audit report     },
1007 silly audit report     {
1007 silly audit report       id: 1117015,
1007 silly audit report       url: 'https://github.com/advisories/GHSA-qx2v-qp2m-jg93',
1007 silly audit report       title: 'PostCSS has XSS via Unescaped </style> in its CSS Stringify Output',
1007 silly audit report       severity: 'moderate',
1007 silly audit report       vulnerable_versions: '<8.5.10',
1007 silly audit report       cwe: [Array],
1007 silly audit report       cvss: [Object]
1007 silly audit report     },
1007 silly audit report     {
1007 silly audit report       id: 1124252,
1007 silly audit report       url: 'https://github.com/advisories/GHSA-6g55-p6wh-862q',
1007 silly audit report       title: 'PostCSS: Arbitrary file read and information disclosure via attacker-controlled sourceMappingURL in CSS comments',
1007 silly audit report       severity: 'high',
1007 silly audit report       vulnerable_versions: '<=8.5.11',
1007 silly audit report       cwe: [Array],
1007 silly audit report       cvss: [Object]
1007 silly audit report     },
1007 silly audit report     {
1007 silly audit report       id: 1124288,
1007 silly audit report       url: 'https://github.com/advisories/GHSA-r28c-9q8g-f849',
1007 silly audit report       title: 'PostCSS: Path Traversal in Previous Source Map Auto-Loading (sourceMappingURL) leads to Arbitrary .map File Disclosure',
1007 silly audit report       severity: 'high',
1007 silly audit report       vulnerable_versions: '<=8.5.17',
1007 silly audit report       cwe: [Array],
1007 silly audit report       cvss: [Object]
1007 silly audit report     }
1007 silly audit report   ],
1007 silly audit report   'shell-quote': [
1007 silly audit report     {
1007 silly audit report       id: 1120422,
1007 silly audit report       url: 'https://github.com/advisories/GHSA-w7jw-789q-3m8p',
1007 silly audit report       title: 'shell-quote quote() does not escape newlines in object .op values',
1007 silly audit report       severity: 'critical',
1007 silly audit report       vulnerable_versions: '>=1.1.0 <=1.8.3',
1007 silly audit report       cwe: [Array],
1007 silly audit report       cvss: [Object]
1007 silly audit report     },
1007 silly audit report     {
1007 silly audit report       id: 1123944,
1007 silly audit report       url: 'https://github.com/advisories/GHSA-395f-4hp3-45gv',
1007 silly audit report       title: 'shell-quote: Quadratic-complexity Denial of Service in `parse()` (CWE-407)',
1007 silly audit report       severity: 'high',
1007 silly audit report       vulnerable_versions: '<=1.8.4',
1007 silly audit report       cwe: [Array],
1007 silly audit report       cvss: [Object]
1007 silly audit report     }
1007 silly audit report   ],
1007 silly audit report   uuid: [
1007 silly audit report     {
1007 silly audit report       id: 1119441,
1007 silly audit report       url: 'https://github.com/advisories/GHSA-w5hq-g745-h8pq',
1007 silly audit report       title: 'uuid: Missing buffer bounds check in v3/v5/v6 when buf is provided',
1007 silly audit report       severity: 'moderate',
1007 silly audit report       vulnerable_versions: '<11.1.1',
1007 silly audit report       cwe: [Array],
1007 silly audit report       cvss: [Object]
1007 silly audit report     }
1007 silly audit report   ],
1007 silly audit report   yaml: [
1007 silly audit report     {
1007 silly audit report       id: 1115556,
1007 silly audit report       url: 'https://github.com/advisories/GHSA-48c2-rrv3-qjmp',
1007 silly audit report       title: 'yaml is vulnerable to Stack Overflow via deeply nested YAML collections',
1007 silly audit report       severity: 'moderate',
1007 silly audit report       vulnerable_versions: '>=2.0.0 <2.8.3',
1007 silly audit report       cwe: [Array],
1007 silly audit report       cvss: [Object]
1007 silly audit report     }
1007 silly audit report   ]
1007 silly audit report }
1008 silly packumentCache corgi:https://registry.npmjs.org/@babel%2fcore cache-miss
1009 silly packumentCache corgi:https://registry.npmjs.org/@babel%2fhelpers cache-miss
1010 silly packumentCache corgi:https://registry.npmjs.org/@babel%2fruntime cache-miss
1011 silly packumentCache corgi:https://registry.npmjs.org/brace-expansion cache-miss
1012 silly packumentCache corgi:https://registry.npmjs.org/minimatch cache-miss
1013 silly packumentCache corgi:https://registry.npmjs.org/js-yaml cache-miss
1014 silly packumentCache corgi:https://registry.npmjs.org/ws cache-miss
1015 silly packumentCache corgi:https://registry.npmjs.org/ajv cache-miss
1016 silly packumentCache corgi:https://registry.npmjs.org/picomatch cache-miss
1017 silly packumentCache corgi:https://registry.npmjs.org/axios cache-miss
1018 silly packumentCache corgi:https://registry.npmjs.org/form-data cache-miss
1019 silly packumentCache corgi:https://registry.npmjs.org/fast-uri cache-miss
1020 silly packumentCache corgi:https://registry.npmjs.org/follow-redirects cache-miss
1021 silly packumentCache corgi:https://registry.npmjs.org/image-size cache-miss
1022 silly packumentCache corgi:https://registry.npmjs.org/postcss cache-miss
1023 silly packumentCache corgi:https://registry.npmjs.org/shell-quote cache-miss
1024 silly packumentCache corgi:https://registry.npmjs.org/uuid cache-miss
1025 silly packumentCache corgi:https://registry.npmjs.org/yaml cache-miss
1026 warn deprecated inflight@1.0.6: This module is not supported, and leaks memory. Do not use it. Check out lru-cache if you want a good and tested way to coalesce async requests by a key value, which is much more comprehensive and powerful.
1027 warn deprecated rimraf@3.0.2: Rimraf versions prior to v4 are no longer supported
1028 warn deprecated glob@7.2.3: Glob versions prior to v9 are no longer supported
1029 warn deprecated glob@7.2.3: Glob versions prior to v9 are no longer supported
1030 warn deprecated glob@7.2.3: Glob versions prior to v9 are no longer supported
1031 warn deprecated glob@7.2.3: Glob versions prior to v9 are no longer supported
1032 warn deprecated glob@7.2.3: Glob versions prior to v9 are no longer supported
1033 warn deprecated glob@7.2.3: Glob versions prior to v9 are no longer supported
1034 warn deprecated glob@7.2.3: Glob versions prior to v9 are no longer supported
1035 http fetch GET 200 https://registry.npmjs.org/run-parallel/-/run-parallel-1.2.0.tgz 3943ms (cache miss)
1036 http fetch GET 200 https://registry.npmjs.org/util-deprecate/-/util-deprecate-1.0.2.tgz 3951ms (cache miss)
1037 http fetch GET 200 https://registry.npmjs.org/is-binary-path/-/is-binary-path-2.1.0.tgz 3924ms (cache miss)
1038 http fetch GET 200 https://registry.npmjs.org/read-cache/-/read-cache-1.0.0.tgz 3945ms (cache miss)
1039 http fetch GET 200 https://registry.npmjs.org/pify/-/pify-2.3.0.tgz 3961ms (cache miss)
1040 http fetch GET 200 https://registry.npmjs.org/queue-microtask/-/queue-microtask-1.2.3.tgz 3984ms (cache miss)
1041 http fetch GET 200 https://registry.npmjs.org/merge2/-/merge2-1.4.1.tgz 3977ms (cache miss)
1042 http fetch GET 200 https://registry.npmjs.org/postcss-js/-/postcss-js-4.1.0.tgz 3981ms (cache miss)
1043 http fetch GET 200 https://registry.npmjs.org/lilconfig/-/lilconfig-3.1.3.tgz 3995ms (cache miss)
1044 http fetch GET 200 https://registry.npmjs.org/postcss-nested/-/postcss-nested-6.2.0.tgz 4003ms (cache miss)
1045 http fetch GET 200 https://registry.npmjs.org/glob-parent/-/glob-parent-6.0.2.tgz 3989ms (cache miss)
1046 http fetch GET 200 https://registry.npmjs.org/is-extglob/-/is-extglob-2.1.1.tgz 3992ms (cache miss)
1047 http fetch GET 200 https://registry.npmjs.org/is-glob/-/is-glob-4.0.3.tgz 3994ms (cache miss)
1048 http fetch GET 200 https://registry.npmjs.org/array-timsort/-/array-timsort-1.0.3.tgz 3978ms (cache miss)
1049 http fetch GET 200 https://registry.npmjs.org/camelcase-css/-/camelcase-css-2.0.1.tgz 3982ms (cache miss)
1050 http fetch GET 200 https://registry.npmjs.org/binary-extensions/-/binary-extensions-2.3.0.tgz 3981ms (cache miss)
1051 http fetch GET 200 https://registry.npmjs.org/detect-libc/-/detect-libc-1.0.3.tgz 3954ms (cache miss)
1052 http fetch GET 200 https://registry.npmjs.org/didyoumean/-/didyoumean-1.2.2.tgz 4008ms (cache miss)
1053 http fetch GET 200 https://registry.npmjs.org/readdirp/-/readdirp-3.6.0.tgz 4056ms (cache miss)
1054 http fetch GET 200 https://registry.npmjs.org/cssesc/-/cssesc-3.0.0.tgz 4052ms (cache miss)
1055 http fetch GET 200 https://registry.npmjs.org/glob-parent/-/glob-parent-5.1.2.tgz 4034ms (cache miss)
1056 http fetch GET 200 https://registry.npmjs.org/postcss-load-config/-/postcss-load-config-6.0.1.tgz 4104ms (cache miss)
1057 http fetch GET 200 https://registry.npmjs.org/dlv/-/dlv-1.1.3.tgz 4087ms (cache miss)
1058 http fetch GET 200 https://registry.npmjs.org/brace-expansion 1094ms (cache revalidated)
1059 silly packumentCache corgi:https://registry.npmjs.org/brace-expansion set size:34964 disposed:false
1060 http fetch GET 200 https://registry.npmjs.org/image-size 1090ms (cache revalidated)
1061 silly packumentCache corgi:https://registry.npmjs.org/image-size set size:76086 disposed:false
1062 http fetch GET 200 https://registry.npmjs.org/minimatch 1100ms (cache revalidated)
1063 silly packumentCache corgi:https://registry.npmjs.org/minimatch set size:169442 disposed:false
1064 http fetch GET 200 https://registry.npmjs.org/ws 1103ms (cache revalidated)
1065 silly packumentCache corgi:https://registry.npmjs.org/ws set size:206839 disposed:false
1066 http fetch GET 200 https://registry.npmjs.org/@babel%2fhelpers 1116ms (cache revalidated)
1067 silly packumentCache corgi:https://registry.npmjs.org/@babel%2fhelpers set size:212239 disposed:false
1068 http fetch GET 200 https://registry.npmjs.org/fast-uri 1112ms (cache revalidated)
1069 silly packumentCache corgi:https://registry.npmjs.org/fast-uri set size:30599 disposed:false
1070 http fetch GET 200 https://registry.npmjs.org/axios 1118ms (cache revalidated)
1071 silly packumentCache corgi:https://registry.npmjs.org/axios set size:299759 disposed:false
1072 http fetch GET 200 https://registry.npmjs.org/ajv 1148ms (cache revalidated)
1073 silly packumentCache corgi:https://registry.npmjs.org/ajv set size:467559 disposed:false
1074 http fetch GET 200 https://registry.npmjs.org/picomatch 1153ms (cache revalidated)
1075 silly packumentCache corgi:https://registry.npmjs.org/picomatch set size:45123 disposed:false
1076 http fetch GET 200 https://registry.npmjs.org/postcss 1151ms (cache revalidated)
1077 silly packumentCache corgi:https://registry.npmjs.org/postcss set size:354683 disposed:false
1078 http fetch GET 200 https://registry.npmjs.org/@alloc/quick-lru/-/quick-lru-5.2.0.tgz 4167ms (cache miss)
1079 http fetch GET 200 https://registry.npmjs.org/shell-quote 1193ms (cache revalidated)
1080 silly packumentCache corgi:https://registry.npmjs.org/shell-quote set size:29234 disposed:false
1081 http fetch GET 200 https://registry.npmjs.org/uuid 1194ms (cache revalidated)
1082 silly packumentCache corgi:https://registry.npmjs.org/uuid set size:82973 disposed:false
1083 http fetch GET 200 https://registry.npmjs.org/follow-redirects 1199ms (cache revalidated)
1084 silly packumentCache corgi:https://registry.npmjs.org/follow-redirects set size:88479 disposed:false
1085 http fetch GET 200 https://registry.npmjs.org/glob-parent/-/glob-parent-5.1.2.tgz 4183ms (cache miss)
1086 http fetch GET 200 https://registry.npmjs.org/reusify/-/reusify-1.1.0.tgz 4283ms (cache miss)
1087 http fetch GET 200 https://registry.npmjs.org/object-hash/-/object-hash-3.0.0.tgz 4299ms (cache miss)
1088 http fetch GET 200 https://registry.npmjs.org/form-data 1302ms (cache revalidated)
1089 silly packumentCache corgi:https://registry.npmjs.org/form-data set size:55002 disposed:false
1090 http fetch GET 200 https://registry.npmjs.org/js-yaml 1309ms (cache revalidated)
1091 silly packumentCache corgi:https://registry.npmjs.org/js-yaml set size:70542 disposed:false
1092 http fetch GET 200 https://registry.npmjs.org/@babel%2fruntime 1315ms (cache revalidated)
1093 silly packumentCache corgi:https://registry.npmjs.org/@babel%2fruntime set size:225384 disposed:false
1094 http fetch GET 200 https://registry.npmjs.org/@babel%2fcore 1322ms (cache revalidated)
1095 silly packumentCache corgi:https://registry.npmjs.org/@babel%2fcore set size:422446 disposed:false
1096 http fetch GET 200 https://registry.npmjs.org/yaml 1382ms (cache revalidated)
1097 silly packumentCache corgi:https://registry.npmjs.org/yaml set size:163878 disposed:false
1098 silly packumentCache corgi:https://registry.npmjs.org/@babel%2fhelper-create-class-features-plugin cache-miss
1099 silly packumentCache corgi:https://registry.npmjs.org/@babel%2fhelper-create-regexp-features-plugin cache-miss
1100 silly packumentCache corgi:https://registry.npmjs.org/@babel%2fhelper-define-polyfill-provider cache-miss
1101 silly packumentCache corgi:https://registry.npmjs.org/@babel%2fhelper-module-transforms cache-miss
1102 silly packumentCache corgi:https://registry.npmjs.org/@babel%2fhelper-remap-async-to-generator cache-miss
1103 silly packumentCache corgi:https://registry.npmjs.org/@babel%2fhelper-replace-supers cache-miss
1104 silly packumentCache corgi:https://registry.npmjs.org/@babel%2fplugin-proposal-decorators cache-miss
1105 silly packumentCache corgi:https://registry.npmjs.org/@babel%2fplugin-proposal-export-default-from cache-miss
1106 silly packumentCache corgi:https://registry.npmjs.org/@babel%2fplugin-syntax-async-generators cache-miss
1107 silly packumentCache corgi:https://registry.npmjs.org/@babel%2fplugin-syntax-bigint cache-miss
1108 silly packumentCache corgi:https://registry.npmjs.org/@babel%2fplugin-syntax-class-properties cache-miss
1109 silly packumentCache corgi:https://registry.npmjs.org/@babel%2fplugin-syntax-class-static-block cache-miss
1110 silly packumentCache corgi:https://registry.npmjs.org/@babel%2fplugin-syntax-decorators cache-miss
1111 silly packumentCache corgi:https://registry.npmjs.org/@babel%2fplugin-syntax-dynamic-import cache-miss
1112 silly packumentCache corgi:https://registry.npmjs.org/@babel%2fplugin-syntax-export-default-from cache-miss
1113 silly packumentCache corgi:https://registry.npmjs.org/@babel%2fplugin-syntax-flow cache-miss
1114 silly packumentCache corgi:https://registry.npmjs.org/@babel%2fplugin-syntax-import-attributes cache-miss
1115 silly packumentCache corgi:https://registry.npmjs.org/@babel%2fplugin-syntax-import-meta cache-miss
1116 silly packumentCache corgi:https://registry.npmjs.org/@babel%2fplugin-syntax-json-strings cache-miss
1117 silly packumentCache corgi:https://registry.npmjs.org/@babel%2fplugin-syntax-jsx cache-miss
1118 silly packumentCache corgi:https://registry.npmjs.org/@babel%2fplugin-syntax-logical-assignment-operators cache-miss
1119 silly packumentCache corgi:https://registry.npmjs.org/@babel%2fplugin-syntax-nullish-coalescing-operator cache-miss
1120 silly packumentCache corgi:https://registry.npmjs.org/@babel%2fplugin-syntax-numeric-separator cache-miss
1121 silly packumentCache corgi:https://registry.npmjs.org/@babel%2fplugin-syntax-object-rest-spread cache-miss
1122 silly packumentCache corgi:https://registry.npmjs.org/@babel%2fplugin-syntax-optional-catch-binding cache-miss
1123 silly packumentCache corgi:https://registry.npmjs.org/@babel%2fplugin-syntax-optional-chaining cache-miss
1124 silly packumentCache corgi:https://registry.npmjs.org/@babel%2fplugin-syntax-private-property-in-object cache-miss
1125 silly packumentCache corgi:https://registry.npmjs.org/@babel%2fplugin-syntax-top-level-await cache-miss
1126 silly packumentCache corgi:https://registry.npmjs.org/@babel%2fplugin-syntax-typescript cache-miss
1127 silly packumentCache corgi:https://registry.npmjs.org/@babel%2fplugin-transform-arrow-functions cache-miss
1128 silly packumentCache corgi:https://registry.npmjs.org/@babel%2fplugin-transform-async-generator-functions cache-miss
1129 silly packumentCache corgi:https://registry.npmjs.org/@babel%2fplugin-transform-async-to-generator cache-miss
1130 silly packumentCache corgi:https://registry.npmjs.org/@babel%2fplugin-transform-block-scoping cache-miss
1131 silly packumentCache corgi:https://registry.npmjs.org/@babel%2fplugin-transform-class-properties cache-miss
1132 silly packumentCache corgi:https://registry.npmjs.org/@babel%2fplugin-transform-class-static-block cache-miss
1133 silly packumentCache corgi:https://registry.npmjs.org/@babel%2fplugin-transform-classes cache-miss
1134 silly packumentCache corgi:https://registry.npmjs.org/@babel%2fplugin-transform-computed-properties cache-miss
1135 silly packumentCache corgi:https://registry.npmjs.org/@babel%2fplugin-transform-destructuring cache-miss
1136 silly packumentCache corgi:https://registry.npmjs.org/@babel%2fplugin-transform-export-namespace-from cache-miss
1137 silly packumentCache corgi:https://registry.npmjs.org/@babel%2fplugin-transform-flow-strip-types cache-miss
1138 silly packumentCache corgi:https://registry.npmjs.org/@babel%2fplugin-transform-for-of cache-miss
1139 silly packumentCache corgi:https://registry.npmjs.org/@babel%2fplugin-transform-function-name cache-miss
1140 silly packumentCache corgi:https://registry.npmjs.org/@babel%2fplugin-transform-literals cache-miss
1141 silly packumentCache corgi:https://registry.npmjs.org/@babel%2fplugin-transform-logical-assignment-operators cache-miss
1142 silly packumentCache corgi:https://registry.npmjs.org/@babel%2fplugin-transform-modules-commonjs cache-miss
1143 silly packumentCache corgi:https://registry.npmjs.org/@babel%2fplugin-transform-named-capturing-groups-regex cache-miss
1144 silly packumentCache corgi:https://registry.npmjs.org/@babel%2fplugin-transform-nullish-coalescing-operator cache-miss
1145 silly packumentCache corgi:https://registry.npmjs.org/@babel%2fplugin-transform-numeric-separator cache-miss
1146 silly packumentCache corgi:https://registry.npmjs.org/@babel%2fplugin-transform-object-rest-spread cache-miss
1147 silly packumentCache corgi:https://registry.npmjs.org/@babel%2fplugin-transform-optional-catch-binding cache-miss
1148 silly packumentCache corgi:https://registry.npmjs.org/@babel%2fplugin-transform-optional-chaining cache-miss
1149 silly packumentCache corgi:https://registry.npmjs.org/@babel%2fplugin-transform-parameters cache-miss
1150 silly packumentCache corgi:https://registry.npmjs.org/@babel%2fplugin-transform-private-methods cache-miss
1151 silly packumentCache corgi:https://registry.npmjs.org/@babel%2fplugin-transform-private-property-in-object cache-miss
1152 silly packumentCache corgi:https://registry.npmjs.org/@babel%2fplugin-transform-react-display-name cache-miss
1153 silly packumentCache corgi:https://registry.npmjs.org/@babel%2fplugin-transform-react-jsx cache-miss
1154 silly packumentCache corgi:https://registry.npmjs.org/@babel%2fplugin-transform-react-jsx-development cache-miss
1155 silly packumentCache corgi:https://registry.npmjs.org/@babel%2fplugin-transform-react-jsx-self cache-miss
1156 silly packumentCache corgi:https://registry.npmjs.org/@babel%2fplugin-transform-react-jsx-source cache-miss
1157 silly packumentCache corgi:https://registry.npmjs.org/@babel%2fplugin-transform-react-pure-annotations cache-miss
1158 silly packumentCache corgi:https://registry.npmjs.org/@babel%2fplugin-transform-regenerator cache-miss
1159 silly packumentCache corgi:https://registry.npmjs.org/@babel%2fplugin-transform-runtime cache-miss
1160 silly packumentCache corgi:https://registry.npmjs.org/@babel%2fplugin-transform-shorthand-properties cache-miss
1161 silly packumentCache corgi:https://registry.npmjs.org/@babel%2fplugin-transform-spread cache-miss
1162 silly packumentCache corgi:https://registry.npmjs.org/@babel%2fplugin-transform-sticky-regex cache-miss
1163 silly packumentCache corgi:https://registry.npmjs.org/@babel%2fplugin-transform-template-literals cache-miss
1164 silly packumentCache corgi:https://registry.npmjs.org/@babel%2fplugin-transform-typescript cache-miss
1165 silly packumentCache corgi:https://registry.npmjs.org/@babel%2fplugin-transform-unicode-regex cache-miss
1166 silly packumentCache corgi:https://registry.npmjs.org/@babel%2fpreset-react cache-miss
1167 silly packumentCache corgi:https://registry.npmjs.org/@babel%2fpreset-typescript cache-miss
1168 silly packumentCache corgi:https://registry.npmjs.org/@jest%2ftransform cache-miss
1169 silly packumentCache corgi:https://registry.npmjs.org/@react-native%2fbabel-preset cache-miss
1170 silly packumentCache corgi:https://registry.npmjs.org/@react-native%2fcodegen cache-miss
1171 silly packumentCache corgi:https://registry.npmjs.org/babel-jest cache-miss
1172 silly packumentCache corgi:https://registry.npmjs.org/istanbul-lib-instrument cache-miss
1173 silly packumentCache corgi:https://registry.npmjs.org/babel-plugin-polyfill-corejs2 cache-miss
1174 silly packumentCache corgi:https://registry.npmjs.org/babel-plugin-polyfill-corejs3 cache-miss
1175 silly packumentCache corgi:https://registry.npmjs.org/babel-plugin-polyfill-regenerator cache-miss
1176 silly packumentCache corgi:https://registry.npmjs.org/babel-preset-current-node-syntax cache-miss
1177 silly packumentCache corgi:https://registry.npmjs.org/babel-preset-jest cache-miss
1178 silly packumentCache corgi:https://registry.npmjs.org/@expo%2fmetro-config cache-miss
1179 silly packumentCache corgi:https://registry.npmjs.org/jest-config cache-miss
1180 silly packumentCache corgi:https://registry.npmjs.org/jest-snapshot cache-miss
1181 silly packumentCache corgi:https://registry.npmjs.org/metro cache-miss
1182 silly packumentCache corgi:https://registry.npmjs.org/metro-babel-transformer cache-miss
1183 silly packumentCache corgi:https://registry.npmjs.org/metro-transform-plugins cache-miss
1184 silly packumentCache corgi:https://registry.npmjs.org/metro-transform-worker cache-miss
1185 silly packumentCache corgi:https://registry.npmjs.org/react-native-reanimated cache-miss
1186 silly packumentCache corgi:https://registry.npmjs.org/react-native-worklets cache-miss
1187 http fetch GET 200 https://registry.npmjs.org/fastq/-/fastq-1.20.1.tgz 4455ms (cache miss)
1188 http fetch GET 200 https://registry.npmjs.org/postcss-import/-/postcss-import-15.1.0.tgz 4651ms (cache miss)
1189 http fetch GET 200 https://registry.npmjs.org/comment-json/-/comment-json-4.6.2.tgz 4632ms (cache miss)
1190 http fetch GET 200 https://registry.npmjs.org/picomatch/-/picomatch-2.3.2.tgz 4606ms (cache miss)
1191 http fetch GET 200 https://registry.npmjs.org/chokidar/-/chokidar-3.6.0.tgz 4689ms (cache miss)
1192 http fetch GET 200 https://registry.npmjs.org/@babel%2fplugin-syntax-dynamic-import 706ms (cache revalidated)
1193 silly packumentCache corgi:https://registry.npmjs.org/@babel%2fplugin-syntax-dynamic-import set size:42216 disposed:false
1194 http fetch GET 200 https://registry.npmjs.org/@babel%2fplugin-syntax-async-generators 714ms (cache revalidated)
1195 silly packumentCache corgi:https://registry.npmjs.org/@babel%2fplugin-syntax-async-generators set size:42446 disposed:false
1196 http fetch GET 200 https://registry.npmjs.org/@babel%2fplugin-syntax-flow 713ms (cache revalidated)
1197 silly packumentCache corgi:https://registry.npmjs.org/@babel%2fplugin-syntax-flow set size:101426 disposed:false
1198 http fetch GET 200 https://registry.npmjs.org/@babel%2fplugin-syntax-import-attributes 717ms (cache revalidated)
1199 silly packumentCache corgi:https://registry.npmjs.org/@babel%2fplugin-syntax-import-attributes set size:31768 disposed:false
1200 http fetch GET 200 https://registry.npmjs.org/@babel%2fplugin-syntax-import-meta 719ms (cache revalidated)
1201 silly packumentCache corgi:https://registry.npmjs.org/@babel%2fplugin-syntax-import-meta set size:40725 disposed:false
1202 http fetch GET 200 https://registry.npmjs.org/@babel%2fhelper-remap-async-to-generator 725ms (cache revalidated)
1203 silly packumentCache corgi:https://registry.npmjs.org/@babel%2fhelper-remap-async-to-generator set size:121738 disposed:false
1204 http fetch GET 200 https://registry.npmjs.org/@babel%2fplugin-proposal-export-default-from 745ms (cache revalidated)
1205 silly packumentCache corgi:https://registry.npmjs.org/@babel%2fplugin-proposal-export-default-from set size:114484 disposed:false
1206 http fetch GET 200 https://registry.npmjs.org/@babel%2fhelper-module-transforms 751ms (cache revalidated)
1207 silly packumentCache corgi:https://registry.npmjs.org/@babel%2fhelper-module-transforms set size:187739 disposed:false
1208 http fetch GET 200 https://registry.npmjs.org/@babel%2fplugin-syntax-bigint 767ms (cache revalidated)
1209 silly packumentCache corgi:https://registry.npmjs.org/@babel%2fplugin-syntax-bigint set size:29044 disposed:false
1210 http fetch GET 200 https://registry.npmjs.org/@babel%2fplugin-syntax-class-static-block 768ms (cache revalidated)
1211 silly packumentCache corgi:https://registry.npmjs.org/@babel%2fplugin-syntax-class-static-block set size:6594 disposed:false
1212 http fetch GET 200 https://registry.npmjs.org/@babel%2fhelper-create-regexp-features-plugin 773ms (cache revalidated)
1213 silly packumentCache corgi:https://registry.npmjs.org/@babel%2fhelper-create-regexp-features-plugin set size:102509 disposed:false
1214 http fetch GET 200 https://registry.npmjs.org/@babel%2fplugin-syntax-decorators 770ms (cache revalidated)
1215 silly packumentCache corgi:https://registry.npmjs.org/@babel%2fplugin-syntax-decorators set size:108833 disposed:false
1216 http fetch GET 200 https://registry.npmjs.org/@babel%2fplugin-syntax-jsx 770ms (cache revalidated)
1217 silly packumentCache corgi:https://registry.npmjs.org/@babel%2fplugin-syntax-jsx set size:98808 disposed:false
1218 http fetch GET 200 https://registry.npmjs.org/@babel%2fplugin-syntax-logical-assignment-operators 773ms (cache revalidated)
1219 silly packumentCache corgi:https://registry.npmjs.org/@babel%2fplugin-syntax-logical-assignment-operators set size:38841 disposed:false
1220 http fetch GET 200 https://registry.npmjs.org/@babel%2fplugin-syntax-object-rest-spread 773ms (cache revalidated)
1221 silly packumentCache corgi:https://registry.npmjs.org/@babel%2fplugin-syntax-object-rest-spread set size:42672 disposed:false
1222 http fetch GET 200 https://registry.npmjs.org/@babel%2fhelper-create-class-features-plugin 785ms (cache revalidated)
1223 silly packumentCache corgi:https://registry.npmjs.org/@babel%2fhelper-create-class-features-plugin set size:225140 disposed:false
1224 http fetch GET 200 https://registry.npmjs.org/@babel%2fplugin-proposal-decorators 785ms (cache revalidated)
1225 silly packumentCache corgi:https://registry.npmjs.org/@babel%2fplugin-proposal-decorators set size:216432 disposed:false
1226 http fetch GET 200 https://registry.npmjs.org/@babel%2fplugin-syntax-export-default-from 794ms (cache revalidated)
1227 silly packumentCache corgi:https://registry.npmjs.org/@babel%2fplugin-syntax-export-default-from set size:97439 disposed:false
1228 http fetch GET 200 https://registry.npmjs.org/@babel%2fplugin-syntax-json-strings 807ms (cache revalidated)
1229 silly packumentCache corgi:https://registry.npmjs.org/@babel%2fplugin-syntax-json-strings set size:26174 disposed:false
1230 http fetch GET 200 https://registry.npmjs.org/@babel%2fplugin-transform-arrow-functions 804ms (cache revalidated)
1231 silly packumentCache corgi:https://registry.npmjs.org/@babel%2fplugin-transform-arrow-functions set size:115260 disposed:false
1232 http fetch GET 200 https://registry.npmjs.org/@babel%2fplugin-syntax-typescript 809ms (cache revalidated)
1233 silly packumentCache corgi:https://registry.npmjs.org/@babel%2fplugin-syntax-typescript set size:111918 disposed:false
1234 http fetch GET 200 https://registry.npmjs.org/@babel%2fplugin-syntax-private-property-in-object 813ms (cache revalidated)
1235 silly packumentCache corgi:https://registry.npmjs.org/@babel%2fplugin-syntax-private-property-in-object set size:3432 disposed:false
1236 http fetch GET 200 https://registry.npmjs.org/@babel%2fplugin-syntax-nullish-coalescing-operator 817ms (cache revalidated)
1237 silly packumentCache corgi:https://registry.npmjs.org/@babel%2fplugin-syntax-nullish-coalescing-operator set size:43711 disposed:false
1238 http fetch GET 200 https://registry.npmjs.org/@babel%2fplugin-transform-async-generator-functions 857ms (cache revalidated)
1239 silly packumentCache corgi:https://registry.npmjs.org/@babel%2fplugin-transform-async-generator-functions set size:62140 disposed:false
1240 http fetch GET 200 https://registry.npmjs.org/@babel%2fplugin-transform-class-static-block 858ms (cache revalidated)
1241 silly packumentCache corgi:https://registry.npmjs.org/@babel%2fplugin-transform-class-static-block set size:52503 disposed:false
1242 http fetch GET 200 https://registry.npmjs.org/@babel%2fplugin-transform-class-properties 863ms (cache revalidated)
1243 silly packumentCache corgi:https://registry.npmjs.org/@babel%2fplugin-transform-class-properties set size:41273 disposed:false
1244 http fetch GET 200 https://registry.npmjs.org/@babel%2fplugin-transform-async-to-generator 867ms (cache revalidated)
1245 silly packumentCache corgi:https://registry.npmjs.org/@babel%2fplugin-transform-async-to-generator set size:132919 disposed:false
1246 http fetch GET 200 https://registry.npmjs.org/@babel%2fplugin-syntax-optional-catch-binding 875ms (cache revalidated)
1247 silly packumentCache corgi:https://registry.npmjs.org/@babel%2fplugin-syntax-optional-catch-binding set size:43136 disposed:false
1248 http fetch GET 200 https://registry.npmjs.org/@nodelib/fs.stat/-/fs.stat-2.0.5.tgz 5284ms (cache miss)
1249 http fetch GET 200 https://registry.npmjs.org/@babel%2fhelper-define-polyfill-provider 907ms (cache revalidated)
1250 silly packumentCache corgi:https://registry.npmjs.org/@babel%2fhelper-define-polyfill-provider set size:62899 disposed:false
1251 http fetch GET 200 https://registry.npmjs.org/@babel%2fplugin-transform-flow-strip-types 908ms (cache revalidated)
1252 silly packumentCache corgi:https://registry.npmjs.org/@babel%2fplugin-transform-flow-strip-types set size:132587 disposed:false
1253 http fetch GET 200 https://registry.npmjs.org/@babel%2fplugin-transform-export-namespace-from 921ms (cache revalidated)
1254 silly packumentCache corgi:https://registry.npmjs.org/@babel%2fplugin-transform-export-namespace-from set size:40837 disposed:false
1255 http fetch GET 200 https://registry.npmjs.org/@babel%2fplugin-transform-logical-assignment-operators 922ms (cache revalidated)
1256 silly packumentCache corgi:https://registry.npmjs.org/@babel%2fplugin-transform-logical-assignment-operators set size:47110 disposed:false
1257 http fetch GET 200 https://registry.npmjs.org/@babel%2fplugin-syntax-class-properties 937ms (cache revalidated)
1258 silly packumentCache corgi:https://registry.npmjs.org/@babel%2fplugin-syntax-class-properties set size:49030 disposed:false
1259 http fetch GET 200 https://registry.npmjs.org/@babel%2fplugin-transform-named-capturing-groups-regex 932ms (cache revalidated)
1260 silly packumentCache corgi:https://registry.npmjs.org/@babel%2fplugin-transform-named-capturing-groups-regex set size:100168 disposed:false
1261 http fetch GET 200 https://registry.npmjs.org/@babel%2fplugin-transform-for-of 953ms (cache revalidated)
1262 silly packumentCache corgi:https://registry.npmjs.org/@babel%2fplugin-transform-for-of set size:129658 disposed:false
1263 http fetch GET 200 https://registry.npmjs.org/@babel%2fplugin-transform-optional-catch-binding 986ms (cache revalidated)
1264 silly packumentCache corgi:https://registry.npmjs.org/@babel%2fplugin-transform-optional-catch-binding set size:41822 disposed:false
1265 http fetch GET 200 https://registry.npmjs.org/@babel%2fplugin-syntax-numeric-separator 1010ms (cache revalidated)
1266 silly packumentCache corgi:https://registry.npmjs.org/@babel%2fplugin-syntax-numeric-separator set size:45856 disposed:false
1267 http fetch GET 200 https://registry.npmjs.org/@babel%2fplugin-syntax-optional-chaining 1011ms (cache revalidated)
1268 silly packumentCache corgi:https://registry.npmjs.org/@babel%2fplugin-syntax-optional-chaining set size:42557 disposed:false
1269 http fetch GET 200 https://registry.npmjs.org/@babel%2fplugin-transform-parameters 1001ms (cache revalidated)
1270 silly packumentCache corgi:https://registry.npmjs.org/@babel%2fplugin-transform-parameters set size:149698 disposed:false
1271 http fetch GET 200 https://registry.npmjs.org/@babel%2fplugin-transform-block-scoping 1037ms (cache revalidated)
1272 silly packumentCache corgi:https://registry.npmjs.org/@babel%2fplugin-transform-block-scoping set size:173595 disposed:false
1273 http fetch GET 200 https://registry.npmjs.org/@babel%2fplugin-transform-react-display-name 1031ms (cache revalidated)
1274 silly packumentCache corgi:https://registry.npmjs.org/@babel%2fplugin-transform-react-display-name set size:112167 disposed:false
1275 http fetch GET 200 https://registry.npmjs.org/@babel%2fplugin-syntax-top-level-await 1048ms (cache revalidated)
1276 silly packumentCache corgi:https://registry.npmjs.org/@babel%2fplugin-syntax-top-level-await set size:14914 disposed:false
1277 http fetch GET 200 https://registry.npmjs.org/@babel%2fplugin-transform-computed-properties 1066ms (cache revalidated)
1278 silly packumentCache corgi:https://registry.npmjs.org/@babel%2fplugin-transform-computed-properties set size:117599 disposed:false
1279 http fetch GET 200 https://registry.npmjs.org/@babel%2fplugin-transform-private-property-in-object 1060ms (cache revalidated)
1280 silly packumentCache corgi:https://registry.npmjs.org/@babel%2fplugin-transform-private-property-in-object set size:48379 disposed:false
1281 http fetch GET 200 https://registry.npmjs.org/@babel%2fplugin-transform-react-jsx-source 1061ms (cache revalidated)
1282 silly packumentCache corgi:https://registry.npmjs.org/@babel%2fplugin-transform-react-jsx-source set size:109784 disposed:false
1283 http fetch GET 200 https://registry.npmjs.org/@babel%2fplugin-transform-destructuring 1075ms (cache revalidated)
1284 silly packumentCache corgi:https://registry.npmjs.org/@babel%2fplugin-transform-destructuring set size:158732 disposed:false
1285 http fetch GET 200 https://registry.npmjs.org/@babel%2fplugin-transform-react-pure-annotations 1087ms (cache revalidated)
1286 silly packumentCache corgi:https://registry.npmjs.org/@babel%2fplugin-transform-react-pure-annotations set size:66307 disposed:false
1287 http fetch GET 200 https://registry.npmjs.org/@babel%2fplugin-transform-optional-chaining 1092ms (cache revalidated)
1288 silly packumentCache corgi:https://registry.npmjs.org/@babel%2fplugin-transform-optional-chaining set size:56190 disposed:false
1289 http fetch GET 200 https://registry.npmjs.org/@babel%2fplugin-transform-modules-commonjs 1098ms (cache revalidated)
1290 silly packumentCache corgi:https://registry.npmjs.org/@babel%2fplugin-transform-modules-commonjs set size:174466 disposed:false
1291 http fetch GET 200 https://registry.npmjs.org/@babel%2fplugin-transform-runtime 1095ms (cache revalidated)
1292 silly packumentCache corgi:https://registry.npmjs.org/@babel%2fplugin-transform-runtime set size:256527 disposed:false
1293 http fetch GET 200 https://registry.npmjs.org/@babel%2fplugin-transform-private-methods 1135ms (cache revalidated)
1294 silly packumentCache corgi:https://registry.npmjs.org/@babel%2fplugin-transform-private-methods set size:41140 disposed:false
1295 http fetch GET 200 https://registry.npmjs.org/@babel%2fplugin-transform-object-rest-spread 1139ms (cache revalidated)
1296 silly packumentCache corgi:https://registry.npmjs.org/@babel%2fplugin-transform-object-rest-spread set size:56819 disposed:false
1297 http fetch GET 200 https://registry.npmjs.org/@babel%2fplugin-transform-regenerator 1138ms (cache revalidated)
1298 silly packumentCache corgi:https://registry.npmjs.org/@babel%2fplugin-transform-regenerator set size:150138 disposed:false
1299 http fetch GET 200 https://registry.npmjs.org/@babel%2fhelper-replace-supers 1167ms (cache revalidated)
1300 silly packumentCache corgi:https://registry.npmjs.org/@babel%2fhelper-replace-supers set size:146043 disposed:false
1301 http fetch GET 200 https://registry.npmjs.org/@babel%2fplugin-transform-sticky-regex 1196ms (cache revalidated)
1302 silly packumentCache corgi:https://registry.npmjs.org/@babel%2fplugin-transform-sticky-regex set size:106218 disposed:false
1303 http fetch GET 200 https://registry.npmjs.org/@babel%2fplugin-transform-template-literals 1199ms (cache revalidated)
1304 silly packumentCache corgi:https://registry.npmjs.org/@babel%2fplugin-transform-template-literals set size:119408 disposed:false
1305 http fetch GET 200 https://registry.npmjs.org/@babel%2fplugin-transform-shorthand-properties 1204ms (cache revalidated)
1306 silly packumentCache corgi:https://registry.npmjs.org/@babel%2fplugin-transform-shorthand-properties set size:105139 disposed:false
1307 http fetch GET 200 https://registry.npmjs.org/@babel%2fplugin-transform-classes 1251ms (cache revalidated)
1308 silly packumentCache corgi:https://registry.npmjs.org/@babel%2fplugin-transform-classes set size:196090 disposed:false
1309 http fetch GET 200 https://registry.npmjs.org/@babel%2fplugin-transform-function-name 1270ms (cache revalidated)
1310 silly packumentCache corgi:https://registry.npmjs.org/@babel%2fplugin-transform-function-name set size:119337 disposed:false
1311 http fetch GET 200 https://registry.npmjs.org/@babel%2fpreset-typescript 1261ms (cache revalidated)
1312 silly packumentCache corgi:https://registry.npmjs.org/@babel%2fpreset-typescript set size:144596 disposed:false
1313 http fetch GET 200 https://registry.npmjs.org/babel-jest 1270ms (cache revalidated)
1314 silly packumentCache corgi:https://registry.npmjs.org/babel-jest set size:369532 disposed:false
1315 http fetch GET 200 https://registry.npmjs.org/@babel%2fplugin-transform-react-jsx-self 1309ms (cache revalidated)
1316 silly packumentCache corgi:https://registry.npmjs.org/@babel%2fplugin-transform-react-jsx-self set size:106765 disposed:false
1317 http fetch GET 200 https://registry.npmjs.org/@babel%2fplugin-transform-react-jsx 1329ms (cache revalidated)
1318 silly packumentCache corgi:https://registry.npmjs.org/@babel%2fplugin-transform-react-jsx set size:167859 disposed:false
1319 http fetch GET 200 https://registry.npmjs.org/@babel%2fplugin-transform-nullish-coalescing-operator 1351ms (cache revalidated)
1320 silly packumentCache corgi:https://registry.npmjs.org/@babel%2fplugin-transform-nullish-coalescing-operator set size:44314 disposed:false
1321 http fetch GET 200 https://registry.npmjs.org/babel-preset-jest 1342ms (cache revalidated)
1322 silly packumentCache corgi:https://registry.npmjs.org/babel-preset-jest set size:206711 disposed:false
1323 http fetch GET 200 https://registry.npmjs.org/istanbul-lib-instrument 1351ms (cache revalidated)
1324 silly packumentCache corgi:https://registry.npmjs.org/istanbul-lib-instrument set size:100602 disposed:false
1325 http fetch GET 200 https://registry.npmjs.org/@babel%2fplugin-transform-literals 1398ms (cache revalidated)
1326 silly packumentCache corgi:https://registry.npmjs.org/@babel%2fplugin-transform-literals set size:105944 disposed:false
1327 http fetch GET 200 https://registry.npmjs.org/babel-plugin-polyfill-regenerator 1386ms (cache revalidated)
1328 silly packumentCache corgi:https://registry.npmjs.org/babel-plugin-polyfill-regenerator set size:55469 disposed:false
1329 http fetch GET 200 https://registry.npmjs.org/@babel%2fplugin-transform-spread 1394ms (cache revalidated)
1330 silly packumentCache corgi:https://registry.npmjs.org/@babel%2fplugin-transform-spread set size:124964 disposed:false
1331 http fetch GET 200 https://registry.npmjs.org/jest-config 1412ms (cache revalidated)
1332 silly packumentCache corgi:https://registry.npmjs.org/jest-config set size:529999 disposed:false
1333 http fetch GET 200 https://registry.npmjs.org/metro-babel-transformer 1425ms (cache revalidated)
1334 silly packumentCache corgi:https://registry.npmjs.org/metro-babel-transformer set size:137885 disposed:false
1335 http fetch GET 200 https://registry.npmjs.org/babel-plugin-polyfill-corejs3 1435ms (cache revalidated)
1336 silly packumentCache corgi:https://registry.npmjs.org/babel-plugin-polyfill-corejs3 set size:90382 disposed:false
1337 http fetch GET 200 https://registry.npmjs.org/@react-native%2fbabel-preset 1455ms (cache revalidated)
1338 silly packumentCache corgi:https://registry.npmjs.org/@react-native%2fbabel-preset set size:3216698 disposed:false
1339 http fetch GET 200 https://registry.npmjs.org/metro-transform-plugins 1509ms (cache revalidated)
1340 silly packumentCache corgi:https://registry.npmjs.org/metro-transform-plugins set size:146333 disposed:false
1341 http fetch GET 200 https://registry.npmjs.org/metro-transform-worker 1514ms (cache revalidated)
1342 silly packumentCache corgi:https://registry.npmjs.org/metro-transform-worker set size:154090 disposed:false
1343 http fetch GET 200 https://registry.npmjs.org/@babel%2fplugin-transform-unicode-regex 1525ms (cache revalidated)
1344 silly packumentCache corgi:https://registry.npmjs.org/@babel%2fplugin-transform-unicode-regex set size:115729 disposed:false
1345 http fetch GET 200 https://registry.npmjs.org/@jest%2ftransform 1544ms (cache revalidated)
1346 silly packumentCache corgi:https://registry.npmjs.org/@jest%2ftransform set size:292241 disposed:false
1347 http fetch GET 200 https://registry.npmjs.org/@babel%2fplugin-transform-typescript 1554ms (cache revalidated)
1348 silly packumentCache corgi:https://registry.npmjs.org/@babel%2fplugin-transform-typescript set size:226588 disposed:false
1349 http fetch GET 200 https://registry.npmjs.org/@babel%2fpreset-react 1560ms (cache revalidated)
1350 silly packumentCache corgi:https://registry.npmjs.org/@babel%2fpreset-react set size:149700 disposed:false
1351 http fetch GET 200 https://registry.npmjs.org/babel-preset-current-node-syntax 1577ms (cache revalidated)
1352 silly packumentCache corgi:https://registry.npmjs.org/babel-preset-current-node-syntax set size:22110 disposed:false
1353 http fetch GET 200 https://registry.npmjs.org/babel-plugin-polyfill-corejs2 1580ms (cache revalidated)
1354 silly packumentCache corgi:https://registry.npmjs.org/babel-plugin-polyfill-corejs2 set size:66942 disposed:false
1355 http fetch GET 200 https://registry.npmjs.org/metro 1585ms (cache revalidated)
1356 silly packumentCache corgi:https://registry.npmjs.org/metro set size:542209 disposed:false
1357 http fetch GET 200 https://registry.npmjs.org/@react-native%2fcodegen 1620ms (cache revalidated)
1358 silly packumentCache corgi:https://registry.npmjs.org/@react-native%2fcodegen set size:1583723 disposed:false
1359 http fetch GET 200 https://registry.npmjs.org/jest-snapshot 1684ms (cache revalidated)
1360 silly packumentCache corgi:https://registry.npmjs.org/jest-snapshot set size:471203 disposed:false
1361 http fetch GET 200 https://registry.npmjs.org/@babel%2fplugin-transform-numeric-separator 1790ms (cache revalidated)
1362 silly packumentCache corgi:https://registry.npmjs.org/@babel%2fplugin-transform-numeric-separator set size:43871 disposed:false
1363 http fetch GET 200 https://registry.npmjs.org/@babel%2fplugin-transform-react-jsx-development 1872ms (cache revalidated)
1364 silly packumentCache corgi:https://registry.npmjs.org/@babel%2fplugin-transform-react-jsx-development set size:71535 disposed:false
1365 http fetch GET 200 https://registry.npmjs.org/lightningcss/-/lightningcss-1.27.0.tgz 6317ms (cache miss)
1366 http fetch GET 200 https://registry.npmjs.org/@expo%2fmetro-config 1936ms (cache revalidated)
1367 silly packumentCache corgi:https://registry.npmjs.org/@expo%2fmetro-config set size:617440 disposed:false
1368 http fetch GET 200 https://registry.npmjs.org/@nodelib/fs.scandir/-/fs.scandir-2.1.5.tgz 6430ms (cache miss)
1369 http fetch GET 200 https://registry.npmjs.org/@nodelib/fs.walk/-/fs.walk-1.2.8.tgz 6636ms (cache miss)
1370 http fetch GET 200 https://registry.npmjs.org/react-native-worklets 2540ms (cache updated)
1371 silly packumentCache corgi:https://registry.npmjs.org/react-native-worklets set size:undefined disposed:false
1372 http fetch GET 200 https://registry.npmjs.org/postcss-selector-parser/-/postcss-selector-parser-6.1.4.tgz 7263ms (cache miss)
1373 http fetch GET 200 https://registry.npmjs.org/jiti/-/jiti-1.21.7.tgz 7346ms (cache miss)
1374 http fetch GET 200 https://registry.npmjs.org/fast-glob/-/fast-glob-3.3.3.tgz 7868ms (cache miss)
1375 http fetch GET 200 https://registry.npmjs.org/react-native-reanimated 3896ms (cache updated)
1376 silly packumentCache corgi:https://registry.npmjs.org/react-native-reanimated set size:undefined disposed:false
1377 silly packumentCache corgi:https://registry.npmjs.org/babel-preset-expo cache-miss
1378 silly packumentCache corgi:https://registry.npmjs.org/expo cache-miss
1379 silly packumentCache corgi:https://registry.npmjs.org/metro-runtime cache-miss
1380 silly packumentCache corgi:https://registry.npmjs.org/react-native-web cache-miss
1381 http fetch GET 200 https://registry.npmjs.org/metro-runtime 171ms (cache revalidated)
1382 silly packumentCache corgi:https://registry.npmjs.org/metro-runtime set size:113793 disposed:false
1383 http fetch GET 200 https://registry.npmjs.org/babel-preset-expo 187ms (cache revalidated)
1384 silly packumentCache corgi:https://registry.npmjs.org/babel-preset-expo set size:606543 disposed:false
1385 http fetch GET 200 https://registry.npmjs.org/expo 206ms (cache revalidated)
1386 silly packumentCache corgi:https://registry.npmjs.org/expo set size:1831836 disposed:false
1387 http fetch GET 200 https://registry.npmjs.org/react-native-web 236ms (cache revalidated)
1388 silly packumentCache corgi:https://registry.npmjs.org/react-native-web set size:594185 disposed:false
1389 silly packumentCache corgi:https://registry.npmjs.org/glob cache-miss
1390 silly packumentCache corgi:https://registry.npmjs.org/test-exclude cache-miss
1391 http fetch GET 200 https://registry.npmjs.org/glob 104ms (cache revalidated)
1392 silly packumentCache corgi:https://registry.npmjs.org/glob set size:199194 disposed:false
1393 http fetch GET 200 https://registry.npmjs.org/test-exclude 264ms (cache revalidated)
1394 silly packumentCache corgi:https://registry.npmjs.org/test-exclude set size:42527 disposed:false
1395 silly packumentCache corgi:https://registry.npmjs.org/@istanbuljs%2fload-nyc-config cache-miss
1396 http fetch GET 200 https://registry.npmjs.org/lightningcss-linux-x64-musl/-/lightningcss-linux-x64-musl-1.27.0.tgz 9698ms (cache miss)
1397 http fetch GET 200 https://registry.npmjs.org/lightningcss-linux-x64-gnu/-/lightningcss-linux-x64-gnu-1.27.0.tgz 9705ms (cache miss)
1398 http fetch GET 200 https://registry.npmjs.org/nativewind/-/nativewind-4.2.6.tgz 9756ms (cache miss)
1399 http fetch GET 200 https://registry.npmjs.org/@istanbuljs%2fload-nyc-config 605ms (cache revalidated)
1400 silly packumentCache corgi:https://registry.npmjs.org/@istanbuljs%2fload-nyc-config set size:8602 disposed:false
1401 silly packumentCache corgi:https://registry.npmjs.org/react-devtools-core cache-miss
1402 http fetch GET 200 https://registry.npmjs.org/react-devtools-core 60ms (cache revalidated)
1403 silly packumentCache corgi:https://registry.npmjs.org/react-devtools-core set size:186850 disposed:false
1404 silly packumentCache corgi:https://registry.npmjs.org/@react-native%2fdev-middleware cache-miss
1405 silly packumentCache corgi:https://registry.npmjs.org/react-native cache-miss
1406 http fetch GET 200 https://registry.npmjs.org/@react-native%2fdev-middleware 238ms (cache revalidated)
1407 silly packumentCache corgi:https://registry.npmjs.org/@react-native%2fdev-middleware set size:1237883 disposed:false
1408 http fetch GET 200 https://registry.npmjs.org/react-native 931ms (cache updated)
1409 silly packumentCache corgi:https://registry.npmjs.org/react-native set size:undefined disposed:false
1410 silly packumentCache corgi:https://registry.npmjs.org/expo-dev-launcher cache-miss
1411 http fetch GET 200 https://registry.npmjs.org/expo-dev-launcher 64ms (cache revalidated)
1412 silly packumentCache corgi:https://registry.npmjs.org/expo-dev-launcher set size:509236 disposed:false
1413 silly packumentCache corgi:https://registry.npmjs.org/anymatch cache-miss
1414 silly packumentCache corgi:https://registry.npmjs.org/jest-util cache-miss
1415 silly packumentCache corgi:https://registry.npmjs.org/micromatch cache-miss
1416 http fetch GET 200 https://registry.npmjs.org/jest-util 67ms (cache revalidated)
1417 silly packumentCache corgi:https://registry.npmjs.org/jest-util set size:315897 disposed:false
1418 http fetch GET 200 https://registry.npmjs.org/react-native-css-interop/-/react-native-css-interop-0.2.6.tgz 11259ms (cache miss)
1419 http fetch GET 200 https://registry.npmjs.org/tailwindcss/-/tailwindcss-3.4.19.tgz 11288ms (cache miss)
1420 http fetch GET 200 https://registry.npmjs.org/anymatch 242ms (cache revalidated)
1421 silly packumentCache corgi:https://registry.npmjs.org/anymatch set size:18345 disposed:false
1422 http fetch GET 200 https://registry.npmjs.org/micromatch 248ms (cache revalidated)
1423 silly packumentCache corgi:https://registry.npmjs.org/micromatch set size:71776 disposed:false
1424 silly packumentCache corgi:https://registry.npmjs.org/postcss-import cache-miss
1425 silly packumentCache corgi:https://registry.npmjs.org/postcss-js cache-miss
1426 silly packumentCache corgi:https://registry.npmjs.org/postcss-load-config cache-miss
1427 silly packumentCache corgi:https://registry.npmjs.org/postcss-nested cache-miss
1428 silly packumentCache corgi:https://registry.npmjs.org/tailwindcss cache-miss
1429 http fetch GET 200 https://registry.npmjs.org/postcss-js 244ms (cache miss)
1430 silly packumentCache corgi:https://registry.npmjs.org/postcss-js set size:undefined disposed:false
1431 http fetch GET 200 https://registry.npmjs.org/postcss-import 266ms (cache miss)
1432 silly packumentCache corgi:https://registry.npmjs.org/postcss-import set size:undefined disposed:false
1433 http fetch GET 200 https://registry.npmjs.org/postcss-load-config 281ms (cache miss)
1434 silly packumentCache corgi:https://registry.npmjs.org/postcss-load-config set size:undefined disposed:false
1435 http fetch GET 200 https://registry.npmjs.org/postcss-nested 293ms (cache miss)
1436 silly packumentCache corgi:https://registry.npmjs.org/postcss-nested set size:undefined disposed:false
1437 http fetch GET 200 https://registry.npmjs.org/tailwindcss 423ms (cache miss)
1438 silly packumentCache corgi:https://registry.npmjs.org/tailwindcss set size:undefined disposed:false
1439 silly packumentCache corgi:https://registry.npmjs.org/xcode cache-miss
1440 http fetch GET 200 https://registry.npmjs.org/xcode 48ms (cache revalidated)
1441 silly packumentCache corgi:https://registry.npmjs.org/xcode set size:1850340 disposed:false
1442 silly packumentCache corgi:https://registry.npmjs.org/metro-config cache-miss
1443 http fetch GET 200 https://registry.npmjs.org/metro-config 38ms (cache revalidated)
1444 silly packumentCache corgi:https://registry.npmjs.org/metro-config set size:194430 disposed:false
1445 silly packumentCache corgi:https://registry.npmjs.org/@expo%2fcli cache-miss
1446 http fetch GET 200 https://registry.npmjs.org/@expo%2fcli 197ms (cache revalidated)
1447 silly packumentCache corgi:https://registry.npmjs.org/@expo%2fcli set size:1746089 disposed:false
1448 silly packumentCache corgi:https://registry.npmjs.org/@expo%2fconfig-plugins cache-miss
1449 http fetch GET 200 https://registry.npmjs.org/@expo%2fconfig-plugins 236ms (cache revalidated)
1450 silly packumentCache corgi:https://registry.npmjs.org/@expo%2fconfig-plugins set size:436600 disposed:false
1451 silly packumentCache corgi:https://registry.npmjs.org/@expo%2fmetro-runtime cache-miss
1452 silly packumentCache corgi:https://registry.npmjs.org/@expo%2fprebuild-config cache-miss
1453 silly packumentCache corgi:https://registry.npmjs.org/@react-native-google-signin%2fgoogle-signin cache-miss
1454 silly packumentCache corgi:https://registry.npmjs.org/expo-blur cache-miss
1455 silly packumentCache corgi:https://registry.npmjs.org/expo-constants cache-miss
1456 silly packumentCache corgi:https://registry.npmjs.org/expo-dev-client cache-miss
1457 silly packumentCache corgi:https://registry.npmjs.org/expo-dev-menu cache-miss
1458 silly packumentCache corgi:https://registry.npmjs.org/expo-dev-menu-interface cache-miss
1459 silly packumentCache corgi:https://registry.npmjs.org/expo-font cache-miss
1460 silly packumentCache corgi:https://registry.npmjs.org/expo-haptics cache-miss
1461 silly packumentCache corgi:https://registry.npmjs.org/expo-image-loader cache-miss
1462 silly packumentCache corgi:https://registry.npmjs.org/expo-image-picker cache-miss
1463 silly packumentCache corgi:https://registry.npmjs.org/expo-keep-awake cache-miss
1464 silly packumentCache corgi:https://registry.npmjs.org/expo-manifests cache-miss
1465 silly packumentCache corgi:https://registry.npmjs.org/expo-router cache-miss
1466 silly packumentCache corgi:https://registry.npmjs.org/expo-secure-store cache-miss
1467 silly packumentCache corgi:https://registry.npmjs.org/expo-splash-screen cache-miss
1468 silly packumentCache corgi:https://registry.npmjs.org/expo-symbols cache-miss
1469 silly packumentCache corgi:https://registry.npmjs.org/expo-system-ui cache-miss
1470 silly packumentCache corgi:https://registry.npmjs.org/expo-updates-interface cache-miss
1471 silly packumentCache corgi:https://registry.npmjs.org/expo-web-browser cache-miss
1472 silly packumentCache corgi:https://registry.npmjs.org/expo-asset cache-miss
1473 silly packumentCache corgi:https://registry.npmjs.org/expo-file-system cache-miss
1474 silly packumentCache corgi:https://registry.npmjs.org/react-native-fbsdk-next cache-miss
1475 http fetch GET 200 https://registry.npmjs.org/expo-constants 124ms (cache revalidated)
1476 silly packumentCache corgi:https://registry.npmjs.org/expo-constants set size:309450 disposed:false
1477 http fetch GET 200 https://registry.npmjs.org/expo-dev-menu-interface 130ms (cache revalidated)
1478 silly packumentCache corgi:https://registry.npmjs.org/expo-dev-menu-interface set size:154952 disposed:false
1479 http fetch GET 200 https://registry.npmjs.org/expo-secure-store 130ms (cache revalidated)
1480 silly packumentCache corgi:https://registry.npmjs.org/expo-secure-store set size:191729 disposed:false
1481 http fetch GET 200 https://registry.npmjs.org/expo-dev-client 139ms (cache revalidated)
1482 silly packumentCache corgi:https://registry.npmjs.org/expo-dev-client set size:415571 disposed:false
1483 http fetch GET 200 https://registry.npmjs.org/expo-haptics 149ms (cache revalidated)
1484 silly packumentCache corgi:https://registry.npmjs.org/expo-haptics set size:185878 disposed:false
1485 http fetch GET 200 https://registry.npmjs.org/expo-image-picker 151ms (cache revalidated)
1486 silly packumentCache corgi:https://registry.npmjs.org/expo-image-picker set size:282157 disposed:false
1487 http fetch GET 200 https://registry.npmjs.org/expo-dev-menu 158ms (cache revalidated)
1488 silly packumentCache corgi:https://registry.npmjs.org/expo-dev-menu set size:473130 disposed:false
1489 http fetch GET 200 https://registry.npmjs.org/expo-manifests 163ms (cache revalidated)
1490 silly packumentCache corgi:https://registry.npmjs.org/expo-manifests set size:193935 disposed:false
1491 http fetch GET 200 https://registry.npmjs.org/expo-web-browser 169ms (cache revalidated)
1492 silly packumentCache corgi:https://registry.npmjs.org/expo-web-browser set size:219405 disposed:false
1493 http fetch GET 200 https://registry.npmjs.org/expo-router 179ms (cache revalidated)
1494 silly packumentCache corgi:https://registry.npmjs.org/expo-router set size:1008012 disposed:false
1495 http fetch GET 200 https://registry.npmjs.org/expo-system-ui 189ms (cache revalidated)
1496 silly packumentCache corgi:https://registry.npmjs.org/expo-system-ui set size:215802 disposed:false
1497 http fetch GET 200 https://registry.npmjs.org/expo-asset 194ms (cache revalidated)
1498 silly packumentCache corgi:https://registry.npmjs.org/expo-asset set size:325094 disposed:false
1499 http fetch GET 200 https://registry.npmjs.org/expo-updates-interface 206ms (cache revalidated)
1500 silly packumentCache corgi:https://registry.npmjs.org/expo-updates-interface set size:148866 disposed:false
1501 http fetch GET 200 https://registry.npmjs.org/react-native-fbsdk-next 210ms (cache revalidated)
1502 silly packumentCache corgi:https://registry.npmjs.org/react-native-fbsdk-next set size:130999 disposed:false
1503 http fetch GET 200 https://registry.npmjs.org/expo-file-system 215ms (cache revalidated)
1504 silly packumentCache corgi:https://registry.npmjs.org/expo-file-system set size:303050 disposed:false
1505 http fetch GET 200 https://registry.npmjs.org/@react-native-google-signin%2fgoogle-signin 247ms (cache revalidated)
1506 silly packumentCache corgi:https://registry.npmjs.org/@react-native-google-signin%2fgoogle-signin set size:97015 disposed:false
1507 http fetch GET 200 https://registry.npmjs.org/expo-font 272ms (cache revalidated)
1508 silly packumentCache corgi:https://registry.npmjs.org/expo-font set size:253684 disposed:false
1509 http fetch GET 200 https://registry.npmjs.org/expo-image-loader 280ms (cache revalidated)
1510 silly packumentCache corgi:https://registry.npmjs.org/expo-image-loader set size:138147 disposed:false
1511 http fetch GET 200 https://registry.npmjs.org/expo-blur 291ms (cache revalidated)
1512 silly packumentCache corgi:https://registry.npmjs.org/expo-blur set size:219270 disposed:false
1513 http fetch GET 200 https://registry.npmjs.org/expo-keep-awake 296ms (cache revalidated)
1514 silly packumentCache corgi:https://registry.npmjs.org/expo-keep-awake set size:199375 disposed:false
1515 http fetch GET 200 https://registry.npmjs.org/expo-splash-screen 305ms (cache revalidated)
1516 silly packumentCache corgi:https://registry.npmjs.org/expo-splash-screen set size:297968 disposed:false
1517 http fetch GET 200 https://registry.npmjs.org/expo-symbols 310ms (cache revalidated)
1518 silly packumentCache corgi:https://registry.npmjs.org/expo-symbols set size:157116 disposed:false
1519 http fetch GET 200 https://registry.npmjs.org/@expo%2fmetro-runtime 425ms (cache revalidated)
1520 silly packumentCache corgi:https://registry.npmjs.org/@expo%2fmetro-runtime set size:216564 disposed:false
1521 http fetch GET 200 https://registry.npmjs.org/@expo%2fprebuild-config 430ms (cache revalidated)
1522 silly packumentCache corgi:https://registry.npmjs.org/@expo%2fprebuild-config set size:411599 disposed:false
1523 silly packumentCache corgi:https://registry.npmjs.org/@expo%2fconfig cache-miss
1524 http fetch GET 200 https://registry.npmjs.org/@expo%2fconfig 198ms (cache revalidated)
1525 silly packumentCache corgi:https://registry.npmjs.org/@expo%2fconfig set size:563473 disposed:false
1526 silly packumentCache corgi:https://registry.npmjs.org/expo-linking cache-miss
1527 http fetch GET 200 https://registry.npmjs.org/expo-linking 33ms (cache revalidated)
1528 silly packumentCache corgi:https://registry.npmjs.org/expo-linking set size:228689 disposed:false
1529 silly ADD node_modules/yocto-queue
1530 silly ADD node_modules/yargs-parser
1531 silly ADD node_modules/yargs
1532 silly ADD node_modules/yargs/node_modules/strip-ansi
1533 silly ADD node_modules/yargs/node_modules/string-width
1534 silly ADD node_modules/yargs/node_modules/emoji-regex
1535 silly ADD node_modules/yaml
1536 silly ADD node_modules/yallist
1537 silly ADD node_modules/y18n
1538 silly ADD node_modules/xmlbuilder
1539 silly ADD node_modules/xml2js
1540 silly ADD node_modules/xml2js/node_modules/xmlbuilder
1541 silly ADD node_modules/xcode
1542 silly ADD node_modules/xcode/node_modules/uuid
1543 silly ADD node_modules/ws
1544 silly ADD node_modules/wrappy
1545 silly ADD node_modules/wrap-ansi
1546 silly ADD node_modules/wrap-ansi/node_modules/strip-ansi
1547 silly ADD node_modules/wrap-ansi/node_modules/string-width
1548 silly ADD node_modules/wrap-ansi/node_modules/emoji-regex
1549 silly ADD node_modules/wonka
1550 silly ADD node_modules/which
1551 silly ADD node_modules/whatwg-url-without-unicode
1552 silly ADD node_modules/whatwg-url-without-unicode/node_modules/webidl-conversions
1553 silly ADD node_modules/whatwg-fetch
1554 silly ADD node_modules/wcwidth
1555 silly ADD node_modules/warn-once
1556 silly ADD node_modules/walker
1557 silly ADD node_modules/vlq
1558 silly ADD node_modules/vaul
1559 silly ADD node_modules/vary
1560 silly ADD node_modules/validate-npm-package-name
1561 silly ADD node_modules/v8-to-istanbul
1562 silly ADD node_modules/utils-merge
1563 silly ADD node_modules/util-deprecate
1564 silly ADD node_modules/use-sync-external-store
1565 silly ADD node_modules/use-sidecar
1566 silly ADD node_modules/use-latest-callback
1567 silly ADD node_modules/use-callback-ref
1568 silly ADD node_modules/update-browserslist-db
1569 silly ADD node_modules/unpipe
1570 silly ADD node_modules/unique-string
1571 silly ADD node_modules/unicode-property-aliases-ecmascript
1572 silly ADD node_modules/unicode-match-property-value-ecmascript
1573 silly ADD node_modules/unicode-match-property-ecmascript
1574 silly ADD node_modules/unicode-canonical-property-names-ecmascript
1575 silly ADD node_modules/undici-types
1576 silly ADD node_modules/undici
1577 silly ADD node_modules/ua-parser-js
1578 silly ADD node_modules/typescript
1579 silly ADD node_modules/type-fest
1580 silly ADD node_modules/type-detect
1581 silly ADD node_modules/tslib
1582 silly ADD node_modules/ts-interface-checker
1583 silly ADD node_modules/toidentifier
1584 silly ADD node_modules/to-regex-range
1585 silly ADD node_modules/tmpl
1586 silly ADD node_modules/tinyglobby
1587 silly ADD node_modules/throat
1588 silly ADD node_modules/thenify-all
1589 silly ADD node_modules/thenify
1590 silly ADD node_modules/test-exclude
1591 silly ADD node_modules/test-exclude/node_modules/glob
1592 silly ADD node_modules/terser
1593 silly ADD node_modules/terser/node_modules/commander
1594 silly ADD node_modules/terminal-link
1595 silly ADD node_modules/temp-dir
1596 silly ADD node_modules/tar
1597 silly ADD node_modules/tar/node_modules/yallist
1598 silly ADD node_modules/tailwindcss
1599 silly ADD node_modules/supports-preserve-symlinks-flag
1600 silly ADD node_modules/supports-hyperlinks
1601 silly ADD node_modules/supports-color
1602 silly ADD node_modules/sucrase
1603 silly ADD node_modules/sucrase/node_modules/commander
1604 silly ADD node_modules/styleq
1605 silly ADD node_modules/structured-headers
1606 silly ADD node_modules/strip-json-comments
1607 silly ADD node_modules/strip-final-newline
1608 silly ADD node_modules/strip-bom
1609 silly ADD node_modules/strip-ansi
1610 silly ADD node_modules/strip-ansi/node_modules/ansi-regex
1611 silly ADD node_modules/string-length
1612 silly ADD node_modules/string-length/node_modules/strip-ansi
1613 silly ADD node_modules/strict-uri-encode
1614 silly ADD node_modules/stream-buffers
1615 silly ADD node_modules/statuses
1616 silly ADD node_modules/stacktrace-parser
1617 silly ADD node_modules/stacktrace-parser/node_modules/type-fest
1618 silly ADD node_modules/stackframe
1619 silly ADD node_modules/stack-utils
1620 silly ADD node_modules/stack-utils/node_modules/escape-string-regexp
1621 silly ADD node_modules/sprintf-js
1622 silly ADD node_modules/split-on-first
1623 silly ADD node_modules/source-map-support
1624 silly ADD node_modules/source-map-support/node_modules/source-map
1625 silly ADD node_modules/source-map-js
1626 silly ADD node_modules/source-map
1627 silly ADD node_modules/slugify
1628 silly ADD node_modules/slash
1629 silly ADD node_modules/sisteransi
1630 silly ADD node_modules/simple-swizzle
1631 silly ADD node_modules/simple-swizzle/node_modules/is-arrayish
1632 silly ADD node_modules/simple-plist
1633 silly ADD node_modules/simple-plist/node_modules/bplist-parser
1634 silly ADD node_modules/signal-exit
1635 silly ADD node_modules/shell-quote
1636 silly ADD node_modules/shebang-regex
1637 silly ADD node_modules/shebang-command
1638 silly ADD node_modules/shallowequal
1639 silly ADD node_modules/sf-symbols-typescript
1640 silly ADD node_modules/setprototypeof
1641 silly ADD node_modules/setimmediate
1642 silly ADD node_modules/server-only
1643 silly ADD node_modules/serve-static
1644 silly ADD node_modules/serve-static/node_modules/statuses
1645 silly ADD node_modules/serve-static/node_modules/send
1646 silly ADD node_modules/serve-static/node_modules/send/node_modules/encodeurl
1647 silly ADD node_modules/serve-static/node_modules/on-finished
1648 silly ADD node_modules/serve-static/node_modules/encodeurl
1649 silly ADD node_modules/serve-static/node_modules/debug
1650 silly ADD node_modules/serve-static/node_modules/debug/node_modules/ms
1651 silly ADD node_modules/serialize-error
1652 silly ADD node_modules/send
1653 silly ADD node_modules/send/node_modules/statuses
1654 silly ADD node_modules/send/node_modules/on-finished
1655 silly ADD node_modules/send/node_modules/http-errors
1656 silly ADD node_modules/send/node_modules/encodeurl
1657 silly ADD node_modules/send/node_modules/debug
1658 silly ADD node_modules/send/node_modules/debug/node_modules/ms
1659 silly ADD node_modules/semver
1660 silly ADD node_modules/sax
1661 silly ADD node_modules/safe-buffer
1662 silly ADD node_modules/run-parallel
1663 silly ADD node_modules/rimraf
1664 silly ADD node_modules/rimraf/node_modules/glob
1665 silly ADD node_modules/reusify
1666 silly ADD node_modules/restore-cursor
1667 silly ADD node_modules/resolve.exports
1668 silly ADD node_modules/resolve-workspace-root
1669 silly ADD node_modules/resolve-global
1670 silly ADD node_modules/resolve-from
1671 silly ADD node_modules/resolve-cwd
1672 silly ADD node_modules/resolve
1673 silly ADD node_modules/requireg
1674 silly ADD node_modules/requireg/node_modules/resolve
1675 silly ADD node_modules/require-from-string
1676 silly ADD node_modules/require-directory
1677 silly ADD node_modules/regjsparser
1678 silly ADD node_modules/regjsgen
1679 silly ADD node_modules/regexpu-core
1680 silly ADD node_modules/regenerator-runtime
1681 silly ADD node_modules/regenerate-unicode-properties
1682 silly ADD node_modules/regenerate
1683 silly ADD node_modules/readdirp
1684 silly ADD node_modules/readdirp/node_modules/picomatch
1685 silly ADD node_modules/read-cache
1686 silly ADD node_modules/react-style-singleton
1687 silly ADD node_modules/react-remove-scroll-bar
1688 silly ADD node_modules/react-remove-scroll
1689 silly ADD node_modules/react-refresh
1690 silly ADD node_modules/react-native-worklets
1691 silly ADD node_modules/react-native-worklets/node_modules/semver
1692 silly ADD node_modules/react-native-webview
1693 silly ADD node_modules/react-native-web
1694 silly ADD node_modules/react-native-web/node_modules/memoize-one
1695 silly ADD node_modules/react-native-web/node_modules/@react-native/normalize-colors
1696 silly ADD node_modules/react-native-size-matters
1697 silly ADD node_modules/react-native-screens
1698 silly ADD node_modules/react-native-safe-area-context
1699 silly ADD node_modules/react-native-reanimated
1700 silly ADD node_modules/react-native-reanimated/node_modules/semver
1701 silly ADD node_modules/react-native-paper
1702 silly ADD node_modules/react-native-paper/node_modules/color-name
1703 silly ADD node_modules/react-native-paper/node_modules/color-convert
1704 silly ADD node_modules/react-native-paper/node_modules/color
1705 silly ADD node_modules/react-native-is-edge-to-edge
1706 silly ADD node_modules/react-native-image-picker
1707 silly ADD node_modules/react-native-gesture-handler
1708 silly ADD node_modules/react-native-fbsdk-next
1709 silly ADD node_modules/react-native-css-interop
1710 silly ADD node_modules/react-native-css-interop/node_modules/semver
1711 silly ADD
1712 silly ADD
1713 silly ADD node_modules/react-native-css-interop/node_modules/lightningcss-linux-x64-musl
1714 silly ADD node_modules/react-native-css-interop/node_modules/lightningcss-linux-x64-gnu
1715 silly ADD
1716 silly ADD
1717 silly ADD
1718 silly ADD
1719 silly ADD
1720 silly ADD
1721 silly ADD node_modules/react-native-css-interop/node_modules/lightningcss
1722 silly ADD node_modules/react-native-css-interop/node_modules/detect-libc
1723 silly ADD node_modules/react-native
1724 silly ADD node_modules/react-native/node_modules/ws
1725 silly ADD node_modules/react-native/node_modules/semver
1726 silly ADD node_modules/react-native/node_modules/scheduler
1727 silly ADD node_modules/react-native/node_modules/regenerator-runtime
1728 silly ADD node_modules/react-native/node_modules/promise
1729 silly ADD node_modules/react-native/node_modules/glob
1730 silly ADD node_modules/react-native/node_modules/commander
1731 silly ADD node_modules/react-is
1732 silly ADD node_modules/react-freeze
1733 silly ADD node_modules/react-fast-compare
1734 silly ADD node_modules/react-dom
1735 silly ADD node_modules/react-dom/node_modules/scheduler
1736 silly ADD node_modules/react-devtools-core
1737 silly ADD node_modules/react-devtools-core/node_modules/ws
1738 silly ADD node_modules/react
1739 silly ADD node_modules/rc
1740 silly ADD node_modules/rc/node_modules/strip-json-comments
1741 silly ADD node_modules/range-parser
1742 silly ADD node_modules/queue-microtask
1743 silly ADD node_modules/queue
1744 silly ADD node_modules/query-string
1745 silly ADD node_modules/qrcode-terminal
1746 silly ADD node_modules/pure-rand
1747 silly ADD node_modules/punycode
1748 silly ADD node_modules/proxy-from-env
1749 silly ADD node_modules/prompts
1750 silly ADD node_modules/promise
1751 silly ADD node_modules/progress
1752 silly ADD node_modules/proc-log
1753 silly ADD node_modules/pretty-format
1754 silly ADD node_modules/pretty-format/node_modules/ansi-styles
1755 silly ADD node_modules/pretty-bytes
1756 silly ADD node_modules/postcss-value-parser
1757 silly ADD node_modules/postcss-selector-parser
1758 silly ADD node_modules/postcss-nested
1759 silly ADD node_modules/postcss-load-config
1760 silly ADD node_modules/postcss-js
1761 silly ADD node_modules/postcss-import
1762 silly ADD node_modules/postcss
1763 silly ADD node_modules/pngjs
1764 silly ADD node_modules/plist
1765 silly ADD node_modules/pkg-dir
1766 silly ADD node_modules/pkg-dir/node_modules/p-locate
1767 silly ADD node_modules/pkg-dir/node_modules/p-limit
1768 silly ADD node_modules/pkg-dir/node_modules/locate-path
1769 silly ADD node_modules/pkg-dir/node_modules/find-up
1770 silly ADD node_modules/pirates
1771 silly ADD node_modules/pify
1772 silly ADD node_modules/picomatch
1773 silly ADD node_modules/picocolors
1774 silly ADD node_modules/path-scurry
1775 silly ADD node_modules/path-scurry/node_modules/lru-cache
1776 silly ADD node_modules/path-parse
1777 silly ADD node_modules/path-key
1778 silly ADD node_modules/path-is-absolute
1779 silly ADD node_modules/path-exists
1780 silly ADD node_modules/parseurl
1781 silly ADD node_modules/parse-png
1782 silly ADD node_modules/parse-json
1783 silly ADD node_modules/p-try
1784 silly ADD node_modules/p-limit
1785 silly ADD node_modules/ora
1786 silly ADD node_modules/ora/node_modules/supports-color
1787 silly ADD node_modules/ora/node_modules/has-flag
1788 silly ADD node_modules/ora/node_modules/escape-string-regexp
1789 silly ADD node_modules/ora/node_modules/color-name
1790 silly ADD node_modules/ora/node_modules/color-convert
1791 silly ADD node_modules/ora/node_modules/chalk
1792 silly ADD node_modules/ora/node_modules/ansi-styles
1793 silly ADD node_modules/open
1794 silly ADD node_modules/onetime
1795 silly ADD node_modules/once
1796 silly ADD node_modules/on-headers
1797 silly ADD node_modules/on-finished
1798 silly ADD node_modules/object-hash
1799 silly ADD node_modules/object-assign
1800 silly ADD node_modules/ob1
1801 silly ADD node_modules/nullthrows
1802 silly ADD node_modules/npm-package-arg
1803 silly ADD node_modules/npm-package-arg/node_modules/semver
1804 silly ADD node_modules/normalize-path
1805 silly ADD node_modules/node-releases
1806 silly ADD node_modules/node-int64
1807 silly ADD node_modules/node-forge
1808 silly ADD node_modules/node-fetch
1809 silly ADD node_modules/node-fetch/node_modules/whatwg-url
1810 silly ADD node_modules/node-fetch/node_modules/webidl-conversions
1811 silly ADD node_modules/node-fetch/node_modules/tr46
1812 silly ADD node_modules/nested-error-stacks
1813 silly ADD node_modules/negotiator
1814 silly ADD node_modules/natural-compare
1815 silly ADD node_modules/nativewind
1816 silly ADD node_modules/nanoid
1817 silly ADD node_modules/mz
1818 silly ADD node_modules/ms
1819 silly ADD node_modules/minizlib
1820 silly ADD node_modules/minipass
1821 silly ADD node_modules/minimist
1822 silly ADD node_modules/minimatch
1823 silly ADD node_modules/mimic-fn
1824 silly ADD node_modules/mime-types
1825 silly ADD node_modules/mime-types/node_modules/mime-db
1826 silly ADD node_modules/mime-db
1827 silly ADD node_modules/mime
1828 silly ADD node_modules/micromatch
1829 silly ADD node_modules/micromatch/node_modules/picomatch
1830 silly ADD node_modules/metro-transform-worker
1831 silly ADD node_modules/metro-transform-plugins
1832 silly ADD node_modules/metro-symbolicate
1833 silly ADD node_modules/metro-source-map
1834 silly ADD node_modules/metro-runtime
1835 silly ADD node_modules/metro-resolver
1836 silly ADD node_modules/metro-minify-terser
1837 silly ADD node_modules/metro-file-map
1838 silly ADD node_modules/metro-core
1839 silly ADD node_modules/metro-config
1840 silly ADD node_modules/metro-cache-key
1841 silly ADD node_modules/metro-cache
1842 silly ADD node_modules/metro-cache/node_modules/https-proxy-agent
1843 silly ADD node_modules/metro-cache/node_modules/agent-base
1844 silly ADD node_modules/metro-babel-transformer
1845 silly ADD node_modules/metro-babel-transformer/node_modules/hermes-parser
1846 silly ADD node_modules/metro-babel-transformer/node_modules/hermes-estree
1847 silly ADD node_modules/metro
1848 silly ADD node_modules/metro/node_modules/ws
1849 silly ADD node_modules/metro/node_modules/hermes-parser
1850 silly ADD node_modules/metro/node_modules/hermes-estree
1851 silly ADD node_modules/metro/node_modules/ci-info
1852 silly ADD node_modules/merge2
1853 silly ADD node_modules/merge-stream
1854 silly ADD node_modules/merge-options
1855 silly ADD node_modules/memoize-one
1856 silly ADD node_modules/math-intrinsics
1857 silly ADD node_modules/marky
1858 silly ADD node_modules/makeerror
1859 silly ADD node_modules/make-dir
1860 silly ADD node_modules/make-dir/node_modules/semver
1861 silly ADD node_modules/lru-cache
1862 silly ADD node_modules/loose-envify
1863 silly ADD node_modules/log-symbols
1864 silly ADD node_modules/log-symbols/node_modules/supports-color
1865 silly ADD node_modules/log-symbols/node_modules/has-flag
1866 silly ADD node_modules/log-symbols/node_modules/escape-string-regexp
1867 silly ADD node_modules/log-symbols/node_modules/color-name
1868 silly ADD node_modules/log-symbols/node_modules/color-convert
1869 silly ADD node_modules/log-symbols/node_modules/chalk
1870 silly ADD node_modules/log-symbols/node_modules/ansi-styles
1871 silly ADD node_modules/lodash.throttle
1872 silly ADD node_modules/lodash.debounce
1873 silly ADD node_modules/lines-and-columns
1874 silly ADD node_modules/lilconfig
1875 silly ADD
1876 silly ADD
1877 silly ADD node_modules/lightningcss-linux-x64-musl
1878 silly ADD node_modules/lightningcss-linux-x64-gnu
1879 silly ADD
1880 silly ADD
1881 silly ADD
1882 silly ADD
1883 silly ADD
1884 silly ADD
1885 silly ADD
1886 silly ADD node_modules/lightningcss
1887 silly ADD node_modules/lighthouse-logger
1888 silly ADD node_modules/lighthouse-logger/node_modules/ms
1889 silly ADD node_modules/lighthouse-logger/node_modules/debug
1890 silly ADD node_modules/leven
1891 silly ADD node_modules/lan-network
1892 silly ADD node_modules/kleur
1893 silly ADD node_modules/json5
1894 silly ADD node_modules/json-schema-traverse
1895 silly ADD node_modules/json-parse-even-better-errors
1896 silly ADD node_modules/jsesc
1897 silly ADD node_modules/jsc-safe-url
1898 silly ADD node_modules/js-yaml
1899 silly ADD node_modules/js-tokens
1900 silly ADD node_modules/jiti
1901 silly ADD node_modules/jimp-compact
1902 silly ADD node_modules/jest-worker
1903 silly ADD node_modules/jest-worker/node_modules/supports-color
1904 silly ADD node_modules/jest-watcher
1905 silly ADD node_modules/jest-validate
1906 silly ADD node_modules/jest-validate/node_modules/camelcase
1907 silly ADD node_modules/jest-util
1908 silly ADD node_modules/jest-util/node_modules/picomatch
1909 silly ADD node_modules/jest-snapshot
1910 silly ADD node_modules/jest-snapshot/node_modules/semver
1911 silly ADD node_modules/jest-runtime
1912 silly ADD node_modules/jest-runtime/node_modules/glob
1913 silly ADD node_modules/jest-runner
1914 silly ADD node_modules/jest-runner/node_modules/source-map-support
1915 silly ADD node_modules/jest-runner/node_modules/source-map
1916 silly ADD node_modules/jest-resolve-dependencies
1917 silly ADD node_modules/jest-resolve
1918 silly ADD node_modules/jest-regex-util
1919 silly ADD node_modules/jest-pnp-resolver
1920 silly ADD node_modules/jest-mock
1921 silly ADD node_modules/jest-message-util
1922 silly ADD node_modules/jest-matcher-utils
1923 silly ADD node_modules/jest-leak-detector
1924 silly ADD node_modules/jest-haste-map
1925 silly ADD node_modules/jest-get-type
1926 silly ADD node_modules/jest-environment-node
1927 silly ADD node_modules/jest-each
1928 silly ADD node_modules/jest-docblock
1929 silly ADD node_modules/jest-diff
1930 silly ADD node_modules/jest-config
1931 silly ADD node_modules/jest-config/node_modules/glob
1932 silly ADD node_modules/jest-cli
1933 silly ADD node_modules/jest-circus
1934 silly ADD node_modules/jest-changed-files
1935 silly ADD node_modules/jest-changed-files/node_modules/onetime
1936 silly ADD node_modules/jest-changed-files/node_modules/npm-run-path
1937 silly ADD node_modules/jest-changed-files/node_modules/mimic-fn
1938 silly ADD node_modules/jest-changed-files/node_modules/is-stream
1939 silly ADD node_modules/jest-changed-files/node_modules/get-stream
1940 silly ADD node_modules/jest-changed-files/node_modules/execa
1941 silly ADD node_modules/jest
1942 silly ADD node_modules/istanbul-reports
1943 silly ADD node_modules/istanbul-lib-source-maps
1944 silly ADD node_modules/istanbul-lib-source-maps/node_modules/source-map
1945 silly ADD node_modules/istanbul-lib-report
1946 silly ADD node_modules/istanbul-lib-instrument
1947 silly ADD node_modules/istanbul-lib-instrument/node_modules/semver
1948 silly ADD node_modules/istanbul-lib-coverage
1949 silly ADD node_modules/isexe
1950 silly ADD node_modules/is-wsl
1951 silly ADD node_modules/is-plain-obj
1952 silly ADD node_modules/is-number
1953 silly ADD node_modules/is-glob
1954 silly ADD node_modules/is-generator-fn
1955 silly ADD node_modules/is-fullwidth-code-point
1956 silly ADD node_modules/is-extglob
1957 silly ADD node_modules/is-docker
1958 silly ADD node_modules/is-core-module
1959 silly ADD node_modules/is-binary-path
1960 silly ADD node_modules/is-arrayish
1961 silly ADD node_modules/invariant
1962 silly ADD node_modules/inline-style-prefixer
1963 silly ADD node_modules/ini
1964 silly ADD node_modules/inherits
1965 silly ADD node_modules/inflight
1966 silly ADD node_modules/imurmurhash
1967 silly ADD node_modules/import-local
1968 silly ADD node_modules/image-size
1969 silly ADD node_modules/ignore
1970 silly ADD node_modules/ieee754
1971 silly ADD node_modules/hyphenate-style-name
1972 silly ADD node_modules/human-signals
1973 silly ADD node_modules/http-errors
1974 silly ADD node_modules/http-errors/node_modules/statuses
1975 silly ADD node_modules/html-escaper
1976 silly ADD node_modules/hosted-git-info
1977 silly ADD node_modules/hosted-git-info/node_modules/lru-cache
1978 silly ADD node_modules/hoist-non-react-statics
1979 silly ADD node_modules/hoist-non-react-statics/node_modules/react-is
1980 silly ADD node_modules/hermes-parser
1981 silly ADD node_modules/hermes-estree
1982 silly ADD node_modules/hasown
1983 silly ADD node_modules/has-tostringtag
1984 silly ADD node_modules/has-symbols
1985 silly ADD node_modules/has-flag
1986 silly ADD node_modules/graceful-fs
1987 silly ADD node_modules/gopd
1988 silly ADD node_modules/globals
1989 silly ADD node_modules/global-dirs
1990 silly ADD node_modules/glob-parent
1991 silly ADD node_modules/glob
1992 silly ADD node_modules/glob/node_modules/minimatch
1993 silly ADD node_modules/glob/node_modules/brace-expansion
1994 silly ADD node_modules/glob/node_modules/balanced-match
1995 silly ADD node_modules/getenv
1996 silly ADD node_modules/get-proto
1997 silly ADD node_modules/get-package-type
1998 silly ADD node_modules/get-nonce
1999 silly ADD node_modules/get-intrinsic
2000 silly ADD node_modules/get-caller-file
2001 silly ADD node_modules/gensync
2002 silly ADD node_modules/function-bind
2003 silly ADD
2004 silly ADD node_modules/fs.realpath
2005 silly ADD node_modules/fresh
2006 silly ADD node_modules/freeport-async
2007 silly ADD node_modules/fontfaceobserver
2008 silly ADD node_modules/follow-redirects
2009 silly ADD node_modules/flow-enums-runtime
2010 silly ADD node_modules/finalhandler
2011 silly ADD node_modules/finalhandler/node_modules/ms
2012 silly ADD node_modules/finalhandler/node_modules/debug
2013 silly ADD node_modules/filter-obj
2014 silly ADD node_modules/fill-range
2015 silly ADD node_modules/fdir
2016 silly ADD node_modules/fbjs-css-vars
2017 silly ADD node_modules/fbjs
2018 silly ADD node_modules/fb-watchman
2019 silly ADD node_modules/fastq
2020 silly ADD node_modules/fast-uri
2021 silly ADD node_modules/fast-json-stable-stringify
2022 silly ADD node_modules/fast-glob
2023 silly ADD node_modules/fast-glob/node_modules/glob-parent
2024 silly ADD node_modules/fast-deep-equal
2025 silly ADD node_modules/exponential-backoff
2026 silly ADD node_modules/expo-web-browser
2027 silly ADD node_modules/expo-updates-interface
2028 silly ADD node_modules/expo-system-ui
2029 silly ADD node_modules/expo-symbols
2030 silly ADD node_modules/expo-status-bar
2031 silly ADD node_modules/expo-splash-screen
2032 silly ADD node_modules/expo-server
2033 silly ADD node_modules/expo-secure-store
2034 silly ADD node_modules/expo-router
2035 silly ADD node_modules/expo-router/node_modules/semver
2036 silly ADD node_modules/expo-modules-core
2037 silly ADD node_modules/expo-modules-autolinking
2038 silly ADD node_modules/expo-manifests
2039 silly ADD node_modules/expo-linking
2040 silly ADD node_modules/expo-keep-awake
2041 silly ADD node_modules/expo-json-utils
2042 silly ADD node_modules/expo-image-picker
2043 silly ADD node_modules/expo-image-loader
2044 silly ADD node_modules/expo-haptics
2045 silly ADD node_modules/expo-font
2046 silly ADD node_modules/expo-dev-menu-interface
2047 silly ADD node_modules/expo-dev-menu
2048 silly ADD node_modules/expo-dev-launcher
2049 silly ADD node_modules/expo-dev-client
2050 silly ADD node_modules/expo-constants
2051 silly ADD node_modules/expo-blur
2052 silly ADD node_modules/expo
2053 silly ADD node_modules/expo/node_modules/semver
2054 silly ADD node_modules/expo/node_modules/minimatch
2055 silly ADD node_modules/expo/node_modules/expo-font
2056 silly ADD node_modules/expo/node_modules/expo-file-system
2057 silly ADD node_modules/expo/node_modules/expo-asset
2058 silly ADD node_modules/expo/node_modules/brace-expansion
2059 silly ADD node_modules/expo/node_modules/@expo/metro-config
2060 silly ADD node_modules/expo/node_modules/@expo/json-file
2061 silly ADD node_modules/expo/node_modules/@expo/json-file/node_modules/@babel/code-frame
2062 silly ADD node_modules/expo/node_modules/@expo/cli
2063 silly ADD node_modules/expo/node_modules/@expo/cli/node_modules/@expo/prebuild-config
2064 silly ADD node_modules/expect
2065 silly ADD node_modules/exit
2066 silly ADD node_modules/event-target-shim
2067 silly ADD node_modules/etag
2068 silly ADD node_modules/esprima
2069 silly ADD node_modules/escape-string-regexp
2070 silly ADD node_modules/escape-html
2071 silly ADD node_modules/escalade
2072 silly ADD node_modules/es-set-tostringtag
2073 silly ADD node_modules/es-object-atoms
2074 silly ADD node_modules/es-errors
2075 silly ADD node_modules/es-define-property
2076 silly ADD node_modules/error-stack-parser
2077 silly ADD node_modules/error-ex
2078 silly ADD node_modules/env-editor
2079 silly ADD node_modules/encodeurl
2080 silly ADD node_modules/emittery
2081 silly ADD node_modules/electron-to-chromium
2082 silly ADD node_modules/ee-first
2083 silly ADD node_modules/dunder-proto
2084 silly ADD node_modules/dotenv-expand
2085 silly ADD node_modules/dotenv
2086 silly ADD node_modules/dlv
2087 silly ADD node_modules/diff-sequences
2088 silly ADD node_modules/didyoumean
2089 silly ADD node_modules/detect-node-es
2090 silly ADD node_modules/detect-newline
2091 silly ADD node_modules/detect-libc
2092 silly ADD node_modules/destroy
2093 silly ADD node_modules/depd
2094 silly ADD node_modules/delayed-stream
2095 silly ADD node_modules/define-lazy-prop
2096 silly ADD node_modules/defaults
2097 silly ADD node_modules/deepmerge
2098 silly ADD node_modules/deep-extend
2099 silly ADD node_modules/dedent
2100 silly ADD node_modules/decode-uri-component
2101 silly ADD node_modules/debug
2102 silly ADD node_modules/csstype
2103 silly ADD node_modules/cssesc
2104 silly ADD node_modules/css-in-js-utils
2105 silly ADD node_modules/crypto-random-string
2106 silly ADD node_modules/cross-spawn
2107 silly ADD node_modules/cross-fetch
2108 silly ADD node_modules/create-jest
2109 silly ADD node_modules/core-js-compat
2110 silly ADD node_modules/convert-source-map
2111 silly ADD node_modules/connect
2112 silly ADD node_modules/connect/node_modules/ms
2113 silly ADD node_modules/connect/node_modules/debug
2114 silly ADD node_modules/concat-map
2115 silly ADD node_modules/compression
2116 silly ADD node_modules/compression/node_modules/negotiator
2117 silly ADD node_modules/compression/node_modules/ms
2118 silly ADD node_modules/compression/node_modules/debug
2119 silly ADD node_modules/compressible
2120 silly ADD node_modules/comment-json
2121 silly ADD node_modules/commander
2122 silly ADD node_modules/combined-stream
2123 silly ADD node_modules/color-string
2124 silly ADD node_modules/color-name
2125 silly ADD node_modules/color-convert
2126 silly ADD node_modules/color
2127 silly ADD node_modules/collect-v8-coverage
2128 silly ADD node_modules/co
2129 silly ADD node_modules/clone
2130 silly ADD node_modules/cliui
2131 silly ADD node_modules/cliui/node_modules/strip-ansi
2132 silly ADD node_modules/cliui/node_modules/string-width
2133 silly ADD node_modules/cliui/node_modules/emoji-regex
2134 silly ADD node_modules/client-only
2135 silly ADD node_modules/cli-spinners
2136 silly ADD node_modules/cli-cursor
2137 silly ADD node_modules/cjs-module-lexer
2138 silly ADD node_modules/ci-info
2139 silly ADD node_modules/chromium-edge-launcher
2140 silly ADD node_modules/chromium-edge-launcher/node_modules/mkdirp
2141 silly ADD node_modules/chrome-launcher
2142 silly ADD node_modules/chownr
2143 silly ADD node_modules/chokidar
2144 silly ADD node_modules/chokidar/node_modules/glob-parent
2145 silly ADD node_modules/char-regex
2146 silly ADD node_modules/chalk
2147 silly ADD node_modules/caniuse-lite
2148 silly ADD node_modules/camelcase-css
2149 silly ADD node_modules/camelcase
2150 silly ADD node_modules/callsites
2151 silly ADD node_modules/call-bind-apply-helpers
2152 silly ADD node_modules/bytes
2153 silly ADD node_modules/buffer-from
2154 silly ADD node_modules/buffer
2155 silly ADD node_modules/bser
2156 silly ADD node_modules/browserslist
2157 silly ADD node_modules/braces
2158 silly ADD node_modules/brace-expansion
2159 silly ADD node_modules/bplist-parser
2160 silly ADD node_modules/bplist-creator
2161 silly ADD node_modules/binary-extensions
2162 silly ADD node_modules/big-integer
2163 silly ADD node_modules/better-opn
2164 silly ADD node_modules/better-opn/node_modules/open
2165 silly ADD node_modules/baseline-browser-mapping
2166 silly ADD node_modules/base64-js
2167 silly ADD node_modules/balanced-match
2168 silly ADD node_modules/babel-preset-jest
2169 silly ADD node_modules/babel-preset-expo
2170 silly ADD node_modules/babel-preset-current-node-syntax
2171 silly ADD node_modules/babel-plugin-transform-flow-enums
2172 silly ADD node_modules/babel-plugin-syntax-hermes-parser
2173 silly ADD node_modules/babel-plugin-react-native-web
2174 silly ADD node_modules/babel-plugin-react-compiler
2175 silly ADD node_modules/babel-plugin-polyfill-regenerator
2176 silly ADD node_modules/babel-plugin-polyfill-corejs3
2177 silly ADD node_modules/babel-plugin-polyfill-corejs2
2178 silly ADD node_modules/babel-plugin-jest-hoist
2179 silly ADD node_modules/babel-plugin-istanbul
2180 silly ADD node_modules/babel-plugin-istanbul/node_modules/istanbul-lib-instrument
2181 silly ADD node_modules/babel-jest
2182 silly ADD node_modules/axios
2183 silly ADD node_modules/axios/node_modules/form-data
2184 silly ADD node_modules/asynckit
2185 silly ADD node_modules/async-limiter
2186 silly ADD node_modules/asap
2187 silly ADD node_modules/array-timsort
2188 silly ADD node_modules/aria-hidden
2189 silly ADD node_modules/argparse
2190 silly ADD node_modules/arg
2191 silly ADD node_modules/anymatch
2192 silly ADD node_modules/anymatch/node_modules/picomatch
2193 silly ADD node_modules/any-promise
2194 silly ADD node_modules/ansi-styles
2195 silly ADD node_modules/ansi-regex
2196 silly ADD node_modules/ansi-escapes
2197 silly ADD node_modules/anser
2198 silly ADD node_modules/ajv
2199 silly ADD node_modules/acorn
2200 silly ADD node_modules/accepts
2201 silly ADD node_modules/abort-controller
2202 silly ADD node_modules/@xmldom/xmldom
2203 silly ADD node_modules/@urql/exchange-retry
2204 silly ADD node_modules/@urql/core
2205 silly ADD node_modules/@ungap/structured-clone
2206 silly ADD node_modules/@types/yargs-parser
2207 silly ADD node_modules/@types/yargs
2208 silly ADD node_modules/@types/stack-utils
2209 silly ADD node_modules/@types/react-test-renderer
2210 silly ADD node_modules/@types/react-test-renderer/node_modules/@types/react
2211 silly ADD node_modules/@types/react
2212 silly ADD node_modules/@types/prop-types
2213 silly ADD node_modules/@types/node
2214 silly ADD node_modules/@types/jest
2215 silly ADD node_modules/@types/istanbul-reports
2216 silly ADD node_modules/@types/istanbul-lib-report
2217 silly ADD node_modules/@types/istanbul-lib-coverage
2218 silly ADD node_modules/@types/hammerjs
2219 silly ADD node_modules/@types/graceful-fs
2220 silly ADD node_modules/@types/babel__traverse
2221 silly ADD node_modules/@types/babel__template
2222 silly ADD node_modules/@types/babel__generator
2223 silly ADD node_modules/@types/babel__core
2224 silly ADD node_modules/@types/axios
2225 silly ADD node_modules/@sinonjs/fake-timers
2226 silly ADD node_modules/@sinonjs/commons
2227 silly ADD node_modules/@sinclair/typebox
2228 silly ADD node_modules/@react-navigation/routers
2229 silly ADD node_modules/@react-navigation/native-stack
2230 silly ADD node_modules/@react-navigation/native
2231 silly ADD node_modules/@react-navigation/elements
2232 silly ADD node_modules/@react-navigation/core
2233 silly ADD node_modules/@react-navigation/core/node_modules/react-is
2234 silly ADD node_modules/@react-navigation/bottom-tabs
2235 silly ADD node_modules/@react-native/virtualized-lists
2236 silly ADD node_modules/@react-native/normalize-colors
2237 silly ADD node_modules/@react-native/js-polyfills
2238 silly ADD node_modules/@react-native/gradle-plugin
2239 silly ADD node_modules/@react-native/dev-middleware
2240 silly ADD node_modules/@react-native/dev-middleware/node_modules/ws
2241 silly ADD node_modules/@react-native/debugger-frontend
2242 silly ADD node_modules/@react-native/community-cli-plugin
2243 silly ADD node_modules/@react-native/community-cli-plugin/node_modules/semver
2244 silly ADD node_modules/@react-native/codegen
2245 silly ADD node_modules/@react-native/codegen/node_modules/glob
2246 silly ADD node_modules/@react-native/babel-preset
2247 silly ADD node_modules/@react-native/babel-plugin-codegen
2248 silly ADD node_modules/@react-native/assets-registry
2249 silly ADD node_modules/@react-native-google-signin/google-signin
2250 silly ADD node_modules/@react-native-async-storage/async-storage
2251 silly ADD node_modules/@radix-ui/react-use-layout-effect
2252 silly ADD node_modules/@radix-ui/react-use-escape-keydown
2253 silly ADD node_modules/@radix-ui/react-use-effect-event
2254 silly ADD node_modules/@radix-ui/react-use-controllable-state
2255 silly ADD node_modules/@radix-ui/react-use-callback-ref
2256 silly ADD node_modules/@radix-ui/react-tabs
2257 silly ADD node_modules/@radix-ui/react-slot
2258 silly ADD node_modules/@radix-ui/react-roving-focus
2259 silly ADD node_modules/@radix-ui/react-primitive
2260 silly ADD node_modules/@radix-ui/react-primitive/node_modules/@radix-ui/react-slot
2261 silly ADD node_modules/@radix-ui/react-presence
2262 silly ADD node_modules/@radix-ui/react-portal
2263 silly ADD node_modules/@radix-ui/react-id
2264 silly ADD node_modules/@radix-ui/react-focus-scope
2265 silly ADD node_modules/@radix-ui/react-focus-guards
2266 silly ADD node_modules/@radix-ui/react-dismissable-layer
2267 silly ADD node_modules/@radix-ui/react-direction
2268 silly ADD node_modules/@radix-ui/react-dialog
2269 silly ADD node_modules/@radix-ui/react-dialog/node_modules/@radix-ui/react-slot
2270 silly ADD node_modules/@radix-ui/react-context
2271 silly ADD node_modules/@radix-ui/react-compose-refs
2272 silly ADD node_modules/@radix-ui/react-collection
2273 silly ADD node_modules/@radix-ui/react-collection/node_modules/@radix-ui/react-slot
2274 silly ADD node_modules/@radix-ui/primitive
2275 silly ADD node_modules/@nodelib/fs.walk
2276 silly ADD node_modules/@nodelib/fs.stat
2277 silly ADD node_modules/@nodelib/fs.scandir
2278 silly ADD node_modules/@jridgewell/trace-mapping
2279 silly ADD node_modules/@jridgewell/sourcemap-codec
2280 silly ADD node_modules/@jridgewell/source-map
2281 silly ADD node_modules/@jridgewell/resolve-uri
2282 silly ADD node_modules/@jridgewell/gen-mapping
2283 silly ADD node_modules/@jest/types
2284 silly ADD node_modules/@jest/transform
2285 silly ADD node_modules/@jest/transform/node_modules/write-file-atomic
2286 silly ADD node_modules/@jest/test-sequencer
2287 silly ADD node_modules/@jest/test-result
2288 silly ADD node_modules/@jest/source-map
2289 silly ADD node_modules/@jest/schemas
2290 silly ADD node_modules/@jest/reporters
2291 silly ADD node_modules/@jest/reporters/node_modules/strip-ansi
2292 silly ADD node_modules/@jest/reporters/node_modules/glob
2293 silly ADD node_modules/@jest/globals
2294 silly ADD node_modules/@jest/fake-timers
2295 silly ADD node_modules/@jest/expect-utils
2296 silly ADD node_modules/@jest/expect
2297 silly ADD node_modules/@jest/environment
2298 silly ADD node_modules/@jest/create-cache-key-function
2299 silly ADD node_modules/@jest/core
2300 silly ADD node_modules/@jest/core/node_modules/strip-ansi
2301 silly ADD node_modules/@jest/console
2302 silly ADD node_modules/@istanbuljs/schema
2303 silly ADD node_modules/@istanbuljs/load-nyc-config
2304 silly ADD node_modules/@istanbuljs/load-nyc-config/node_modules/p-locate
2305 silly ADD node_modules/@istanbuljs/load-nyc-config/node_modules/p-limit
2306 silly ADD node_modules/@istanbuljs/load-nyc-config/node_modules/locate-path
2307 silly ADD node_modules/@istanbuljs/load-nyc-config/node_modules/find-up
2308 silly ADD node_modules/@isaacs/ttlcache
2309 silly ADD node_modules/@isaacs/fs-minipass
2310 silly ADD node_modules/@expo/xcpretty
2311 silly ADD node_modules/@expo/xcpretty/node_modules/js-yaml
2312 silly ADD node_modules/@expo/xcpretty/node_modules/argparse
2313 silly ADD node_modules/@expo/ws-tunnel
2314 silly ADD node_modules/@expo/vector-icons
2315 silly ADD node_modules/@expo/sudo-prompt
2316 silly ADD node_modules/@expo/spawn-async
2317 silly ADD node_modules/@expo/sdk-runtime-versions
2318 silly ADD node_modules/@expo/schema-utils
2319 silly ADD node_modules/@expo/prebuild-config
2320 silly ADD node_modules/@expo/prebuild-config/node_modules/semver
2321 silly ADD node_modules/@expo/plist
2322 silly ADD node_modules/@expo/package-manager
2323 silly ADD node_modules/@expo/package-manager/node_modules/@expo/json-file
2324 silly ADD node_modules/@expo/osascript
2325 silly ADD node_modules/@expo/metro-runtime
2326 silly ADD node_modules/@expo/metro
2327 silly ADD node_modules/@expo/json-file
2328 silly ADD node_modules/@expo/image-utils
2329 silly ADD node_modules/@expo/image-utils/node_modules/semver
2330 silly ADD node_modules/@expo/fingerprint
2331 silly ADD node_modules/@expo/fingerprint/node_modules/semver
2332 silly ADD node_modules/@expo/fingerprint/node_modules/minimatch
2333 silly ADD node_modules/@expo/fingerprint/node_modules/brace-expansion
2334 silly ADD node_modules/@expo/fingerprint/node_modules/balanced-match
2335 silly ADD node_modules/@expo/env
2336 silly ADD node_modules/@expo/devtools
2337 silly ADD node_modules/@expo/devcert
2338 silly ADD node_modules/@expo/devcert/node_modules/debug
2339 silly ADD node_modules/@expo/config-types
2340 silly ADD node_modules/@expo/config-plugins
2341 silly ADD node_modules/@expo/config-plugins/node_modules/semver
2342 silly ADD node_modules/@expo/config-plugins/node_modules/@expo/json-file
2343 silly ADD node_modules/@expo/config-plugins/node_modules/@babel/code-frame
2344 silly ADD node_modules/@expo/config
2345 silly ADD node_modules/@expo/config/node_modules/semver
2346 silly ADD node_modules/@expo/config/node_modules/@babel/code-frame
2347 silly ADD node_modules/@expo/code-signing-certificates
2348 silly ADD node_modules/@egjs/hammerjs
2349 silly ADD node_modules/@callstack/react-theme-provider
2350 silly ADD node_modules/@callstack/react-theme-provider/node_modules/deepmerge
2351 silly ADD node_modules/@bcoe/v8-coverage
2352 silly ADD node_modules/@babel/types
2353 silly ADD node_modules/@babel/traverse--for-generate-function-map
2354 silly ADD node_modules/@babel/traverse
2355 silly ADD node_modules/@babel/template
2356 silly ADD node_modules/@babel/runtime
2357 silly ADD node_modules/@babel/preset-typescript
2358 silly ADD node_modules/@babel/preset-react
2359 silly ADD node_modules/@babel/plugin-transform-unicode-regex
2360 silly ADD node_modules/@babel/plugin-transform-typescript
2361 silly ADD node_modules/@babel/plugin-transform-template-literals
2362 silly ADD node_modules/@babel/plugin-transform-sticky-regex
2363 silly ADD node_modules/@babel/plugin-transform-spread
2364 silly ADD node_modules/@babel/plugin-transform-shorthand-properties
2365 silly ADD node_modules/@babel/plugin-transform-runtime
2366 silly ADD node_modules/@babel/plugin-transform-regenerator
2367 silly ADD node_modules/@babel/plugin-transform-react-pure-annotations
2368 silly ADD node_modules/@babel/plugin-transform-react-jsx-source
2369 silly ADD node_modules/@babel/plugin-transform-react-jsx-self
2370 silly ADD node_modules/@babel/plugin-transform-react-jsx-development
2371 silly ADD node_modules/@babel/plugin-transform-react-jsx
2372 silly ADD node_modules/@babel/plugin-transform-react-display-name
2373 silly ADD node_modules/@babel/plugin-transform-private-property-in-object
2374 silly ADD node_modules/@babel/plugin-transform-private-methods
2375 silly ADD node_modules/@babel/plugin-transform-parameters
2376 silly ADD node_modules/@babel/plugin-transform-optional-chaining
2377 silly ADD node_modules/@babel/plugin-transform-optional-catch-binding
2378 silly ADD node_modules/@babel/plugin-transform-object-rest-spread
2379 silly ADD node_modules/@babel/plugin-transform-numeric-separator
2380 silly ADD node_modules/@babel/plugin-transform-nullish-coalescing-operator
2381 silly ADD node_modules/@babel/plugin-transform-named-capturing-groups-regex
2382 silly ADD node_modules/@babel/plugin-transform-modules-commonjs
2383 silly ADD node_modules/@babel/plugin-transform-logical-assignment-operators
2384 silly ADD node_modules/@babel/plugin-transform-literals
2385 silly ADD node_modules/@babel/plugin-transform-function-name
2386 silly ADD node_modules/@babel/plugin-transform-for-of
2387 silly ADD node_modules/@babel/plugin-transform-flow-strip-types
2388 silly ADD node_modules/@babel/plugin-transform-export-namespace-from
2389 silly ADD node_modules/@babel/plugin-transform-destructuring
2390 silly ADD node_modules/@babel/plugin-transform-computed-properties
2391 silly ADD node_modules/@babel/plugin-transform-classes
2392 silly ADD node_modules/@babel/plugin-transform-class-static-block
2393 silly ADD node_modules/@babel/plugin-transform-class-properties
2394 silly ADD node_modules/@babel/plugin-transform-block-scoping
2395 silly ADD node_modules/@babel/plugin-transform-async-to-generator
2396 silly ADD node_modules/@babel/plugin-transform-async-generator-functions
2397 silly ADD node_modules/@babel/plugin-transform-arrow-functions
2398 silly ADD node_modules/@babel/plugin-syntax-typescript
2399 silly ADD node_modules/@babel/plugin-syntax-top-level-await
2400 silly ADD node_modules/@babel/plugin-syntax-private-property-in-object
2401 silly ADD node_modules/@babel/plugin-syntax-optional-chaining
2402 silly ADD node_modules/@babel/plugin-syntax-optional-catch-binding
2403 silly ADD node_modules/@babel/plugin-syntax-object-rest-spread
2404 silly ADD node_modules/@babel/plugin-syntax-numeric-separator
2405 silly ADD node_modules/@babel/plugin-syntax-nullish-coalescing-operator
2406 silly ADD node_modules/@babel/plugin-syntax-logical-assignment-operators
2407 silly ADD node_modules/@babel/plugin-syntax-jsx
2408 silly ADD node_modules/@babel/plugin-syntax-json-strings
2409 silly ADD node_modules/@babel/plugin-syntax-import-meta
2410 silly ADD node_modules/@babel/plugin-syntax-import-attributes
2411 silly ADD node_modules/@babel/plugin-syntax-flow
2412 silly ADD node_modules/@babel/plugin-syntax-export-default-from
2413 silly ADD node_modules/@babel/plugin-syntax-dynamic-import
2414 silly ADD node_modules/@babel/plugin-syntax-decorators
2415 silly ADD node_modules/@babel/plugin-syntax-class-static-block
2416 silly ADD node_modules/@babel/plugin-syntax-class-properties
2417 silly ADD node_modules/@babel/plugin-syntax-bigint
2418 silly ADD node_modules/@babel/plugin-syntax-async-generators
2419 silly ADD node_modules/@babel/plugin-proposal-export-default-from
2420 silly ADD node_modules/@babel/plugin-proposal-decorators
2421 silly ADD node_modules/@babel/parser
2422 silly ADD node_modules/@babel/highlight
2423 silly ADD node_modules/@babel/highlight/node_modules/supports-color
2424 silly ADD node_modules/@babel/highlight/node_modules/has-flag
2425 silly ADD node_modules/@babel/highlight/node_modules/escape-string-regexp
2426 silly ADD node_modules/@babel/highlight/node_modules/color-name
2427 silly ADD node_modules/@babel/highlight/node_modules/color-convert
2428 silly ADD node_modules/@babel/highlight/node_modules/chalk
2429 silly ADD node_modules/@babel/highlight/node_modules/ansi-styles
2430 silly ADD node_modules/@babel/helpers
2431 silly ADD node_modules/@babel/helper-wrap-function
2432 silly ADD node_modules/@babel/helper-validator-option
2433 silly ADD node_modules/@babel/helper-validator-identifier
2434 silly ADD node_modules/@babel/helper-string-parser
2435 silly ADD node_modules/@babel/helper-skip-transparent-expression-wrappers
2436 silly ADD node_modules/@babel/helper-replace-supers
2437 silly ADD node_modules/@babel/helper-remap-async-to-generator
2438 silly ADD node_modules/@babel/helper-plugin-utils
2439 silly ADD node_modules/@babel/helper-optimise-call-expression
2440 silly ADD node_modules/@babel/helper-module-transforms
2441 silly ADD node_modules/@babel/helper-module-imports
2442 silly ADD node_modules/@babel/helper-member-expression-to-functions
2443 silly ADD node_modules/@babel/helper-globals
2444 silly ADD node_modules/@babel/helper-define-polyfill-provider
2445 silly ADD node_modules/@babel/helper-create-regexp-features-plugin
2446 silly ADD node_modules/@babel/helper-create-class-features-plugin
2447 silly ADD node_modules/@babel/helper-compilation-targets
2448 silly ADD node_modules/@babel/helper-annotate-as-pure
2449 silly ADD node_modules/@babel/generator
2450 silly ADD node_modules/@babel/core
2451 silly ADD node_modules/@babel/compat-data
2452 silly ADD node_modules/@babel/code-frame
2453 silly ADD node_modules/@ampproject/remapping
2454 silly ADD node_modules/@alloc/quick-lru
2455 silly ADD node_modules/@0no-co/graphql.web
2456 verbose cwd /home/gui/Coding/JacacultMap/jacacultmap-app
2457 verbose os Linux 6.18.40
2458 verbose node v22.23.1
2459 verbose npm  v10.9.8
2460 verbose exit 0
2461 info ok
