0 verbose cli /nix/store/vcxpsk2igyybp9f9ngpxckv32yxsbisy-nodejs-slim-22.23.1/bin/node /nix/store/l7b3cb5p19qnlykasxwqdggck3ijilqq-nodejs-22.23.1/bin/npm
1 info using npm@10.9.8
2 info using node@v22.23.1
3 silly config load:file:/nix/store/fhclf4i9c5r13by3jxmdw2494200mvhm-nodejs-slim-22.23.1-npm/lib/node_modules/npm/npmrc
4 silly config load:file:/home/gui/Coding/JacacultMap/jacacultmap-app/.npmrc
5 silly config load:file:/home/gui/.npmrc
6 silly config load:file:/nix/store/vcxpsk2igyybp9f9ngpxckv32yxsbisy-nodejs-slim-22.23.1/etc/npmrc
7 verbose title npm ci
8 verbose argv "ci"
9 verbose logfile logs-max:10 dir:/home/gui/Coding/JacacultMap/jacacultmap-app/.npm-cache/_logs/2026-08-04T23_06_56_565Z-
10 verbose logfile /home/gui/Coding/JacacultMap/jacacultmap-app/.npm-cache/_logs/2026-08-04T23_06_56_565Z-debug-0.log
11 silly logfile start cleaning logs, removing 1 files
12 silly packumentCache heap:2197815296 maxSize:549453824 maxEntrySize:274726912
13 silly logfile done cleaning log files
14 silly idealTree buildDeps
15 silly reify moves {}
16 silly audit bulk request {
16 silly audit   '@0no-co/graphql.web': [ '1.3.3' ],
16 silly audit   '@ampproject/remapping': [ '2.3.0' ],
16 silly audit   '@babel/code-frame': [ '7.29.7', '7.10.4' ],
16 silly audit   '@babel/compat-data': [ '7.29.7' ],
16 silly audit   '@babel/core': [ '7.26.9' ],
16 silly audit   '@babel/generator': [ '7.29.8' ],
16 silly audit   '@babel/helper-annotate-as-pure': [ '7.29.7' ],
16 silly audit   '@babel/helper-compilation-targets': [ '7.29.7' ],
16 silly audit   '@babel/helper-create-class-features-plugin': [ '7.29.7' ],
16 silly audit   '@babel/helper-create-regexp-features-plugin': [ '7.29.7' ],
16 silly audit   '@babel/helper-define-polyfill-provider': [ '0.6.8' ],
16 silly audit   '@babel/helper-globals': [ '7.29.7' ],
16 silly audit   '@babel/helper-member-expression-to-functions': [ '7.29.7' ],
16 silly audit   '@babel/helper-module-imports': [ '7.29.7' ],
16 silly audit   '@babel/helper-module-transforms': [ '7.28.3' ],
16 silly audit   '@babel/helper-optimise-call-expression': [ '7.29.7' ],
16 silly audit   '@babel/helper-plugin-utils': [ '7.29.7' ],
16 silly audit   '@babel/helper-remap-async-to-generator': [ '7.29.7' ],
16 silly audit   '@babel/helper-replace-supers': [ '7.29.7' ],
16 silly audit   '@babel/helper-skip-transparent-expression-wrappers': [ '7.29.7' ],
16 silly audit   '@babel/helper-string-parser': [ '7.29.7' ],
16 silly audit   '@babel/helper-validator-identifier': [ '7.29.7' ],
16 silly audit   '@babel/helper-validator-option': [ '7.29.7' ],
16 silly audit   '@babel/helper-wrap-function': [ '7.29.7' ],
16 silly audit   '@babel/helpers': [ '7.26.9' ],
16 silly audit   '@babel/highlight': [ '7.25.9' ],
16 silly audit   'ansi-styles': [ '3.2.1', '4.3.0', '5.2.0' ],
16 silly audit   chalk: [ '2.4.2', '4.1.2' ],
16 silly audit   'color-convert': [ '1.9.3', '2.0.1' ],
16 silly audit   'color-name': [ '1.1.3', '1.1.4' ],
16 silly audit   'escape-string-regexp': [ '1.0.5', '4.0.0', '2.0.0' ],
16 silly audit   'has-flag': [ '3.0.0', '4.0.0' ],
16 silly audit   'supports-color': [ '5.5.0', '8.1.1', '7.2.0' ],
16 silly audit   '@babel/parser': [ '7.29.8' ],
16 silly audit   '@babel/plugin-proposal-decorators': [ '7.29.7' ],
16 silly audit   '@babel/plugin-proposal-export-default-from': [ '7.29.7' ],
16 silly audit   '@babel/plugin-syntax-async-generators': [ '7.8.4' ],
16 silly audit   '@babel/plugin-syntax-bigint': [ '7.8.3' ],
16 silly audit   '@babel/plugin-syntax-class-properties': [ '7.12.13' ],
16 silly audit   '@babel/plugin-syntax-class-static-block': [ '7.14.5' ],
16 silly audit   '@babel/plugin-syntax-decorators': [ '7.29.7' ],
16 silly audit   '@babel/plugin-syntax-dynamic-import': [ '7.8.3' ],
16 silly audit   '@babel/plugin-syntax-export-default-from': [ '7.29.7' ],
16 silly audit   '@babel/plugin-syntax-flow': [ '7.29.7' ],
16 silly audit   '@babel/plugin-syntax-import-attributes': [ '7.26.0' ],
16 silly audit   '@babel/plugin-syntax-import-meta': [ '7.10.4' ],
16 silly audit   '@babel/plugin-syntax-json-strings': [ '7.8.3' ],
16 silly audit   '@babel/plugin-syntax-jsx': [ '7.29.7' ],
16 silly audit   '@babel/plugin-syntax-logical-assignment-operators': [ '7.10.4' ],
16 silly audit   '@babel/plugin-syntax-nullish-coalescing-operator': [ '7.8.3' ],
16 silly audit   '@babel/plugin-syntax-numeric-separator': [ '7.10.4' ],
16 silly audit   '@babel/plugin-syntax-object-rest-spread': [ '7.8.3' ],
16 silly audit   '@babel/plugin-syntax-optional-catch-binding': [ '7.8.3' ],
16 silly audit   '@babel/plugin-syntax-optional-chaining': [ '7.8.3' ],
16 silly audit   '@babel/plugin-syntax-private-property-in-object': [ '7.14.5' ],
16 silly audit   '@babel/plugin-syntax-top-level-await': [ '7.14.5' ],
16 silly audit   '@babel/plugin-syntax-typescript': [ '7.27.1' ],
16 silly audit   '@babel/plugin-transform-arrow-functions': [ '7.27.1' ],
16 silly audit   '@babel/plugin-transform-async-generator-functions': [ '7.29.7' ],
16 silly audit   '@babel/plugin-transform-async-to-generator': [ '7.29.7' ],
16 silly audit   '@babel/plugin-transform-block-scoping': [ '7.29.7' ],
16 silly audit   '@babel/plugin-transform-class-properties': [ '7.27.1' ],
16 silly audit   '@babel/plugin-transform-class-static-block': [ '7.29.7' ],
16 silly audit   '@babel/plugin-transform-classes': [ '7.28.4' ],
16 silly audit   '@babel/plugin-transform-computed-properties': [ '7.29.7' ],
16 silly audit   '@babel/plugin-transform-destructuring': [ '7.29.7' ],
16 silly audit   '@babel/plugin-transform-export-namespace-from': [ '7.29.7' ],
16 silly audit   '@babel/plugin-transform-flow-strip-types': [ '7.29.7' ],
16 silly audit   '@babel/plugin-transform-for-of': [ '7.29.7' ],
16 silly audit   '@babel/plugin-transform-function-name': [ '7.29.7' ],
16 silly audit   '@babel/plugin-transform-literals': [ '7.29.7' ],
16 silly audit   '@babel/plugin-transform-logical-assignment-operators': [ '7.29.7' ],
16 silly audit   '@babel/plugin-transform-modules-commonjs': [ '7.27.1' ],
16 silly audit   '@babel/plugin-transform-named-capturing-groups-regex': [ '7.29.7' ],
16 silly audit   '@babel/plugin-transform-nullish-coalescing-operator': [ '7.27.1' ],
16 silly audit   '@babel/plugin-transform-numeric-separator': [ '7.29.7' ],
16 silly audit   '@babel/plugin-transform-object-rest-spread': [ '7.29.7' ],
16 silly audit   '@babel/plugin-transform-optional-catch-binding': [ '7.29.7' ],
16 silly audit   '@babel/plugin-transform-optional-chaining': [ '7.27.1' ],
16 silly audit   '@babel/plugin-transform-parameters': [ '7.29.7' ],
16 silly audit   '@babel/plugin-transform-private-methods': [ '7.29.7' ],
16 silly audit   '@babel/plugin-transform-private-property-in-object': [ '7.29.7' ],
16 silly audit   '@babel/plugin-transform-react-display-name': [ '7.29.7' ],
16 silly audit   '@babel/plugin-transform-react-jsx': [ '7.29.7' ],
16 silly audit   '@babel/plugin-transform-react-jsx-development': [ '7.29.7' ],
16 silly audit   '@babel/plugin-transform-react-jsx-self': [ '7.29.7' ],
16 silly audit   '@babel/plugin-transform-react-jsx-source': [ '7.29.7' ],
16 silly audit   '@babel/plugin-transform-react-pure-annotations': [ '7.29.7' ],
16 silly audit   '@babel/plugin-transform-regenerator': [ '7.29.8' ],
16 silly audit   '@babel/plugin-transform-runtime': [ '7.29.7' ],
16 silly audit   '@babel/plugin-transform-shorthand-properties': [ '7.27.1' ],
16 silly audit   '@babel/plugin-transform-spread': [ '7.29.8' ],
16 silly audit   '@babel/plugin-transform-sticky-regex': [ '7.29.7' ],
16 silly audit   '@babel/plugin-transform-template-literals': [ '7.27.1' ],
16 silly audit   '@babel/plugin-transform-typescript': [ '7.28.5' ],
16 silly audit   '@babel/plugin-transform-unicode-regex': [ '7.27.1' ],
16 silly audit   '@babel/preset-react': [ '7.29.7' ],
16 silly audit   '@babel/preset-typescript': [ '7.27.1' ],
16 silly audit   '@babel/runtime': [ '7.26.9' ],
16 silly audit   '@babel/template': [ '7.29.7' ],
16 silly audit   '@babel/traverse': [ '7.29.8', '7.26.9' ],
16 silly audit   '@babel/types': [ '7.29.8' ],
16 silly audit   '@bcoe/v8-coverage': [ '0.2.3' ],
16 silly audit   '@callstack/react-theme-provider': [ '3.0.9' ],
16 silly audit   deepmerge: [ '3.3.0', '4.3.1' ],
16 silly audit   '@egjs/hammerjs': [ '2.0.17' ],
16 silly audit   '@expo/code-signing-certificates': [ '0.0.6' ],
16 silly audit   '@expo/config': [ '12.0.14' ],
16 silly audit   '@expo/config-plugins': [ '54.0.5' ],
16 silly audit   '@expo/json-file': [ '10.0.16', '10.2.0', '11.0.1' ],
16 silly audit   semver: [ '7.8.5', '7.7.3', '7.6.3', '7.7.1', '7.7.2', '6.3.1' ],
16 silly audit   '@expo/config-types': [ '54.0.10' ],
16 silly audit   '@expo/devcert': [ '1.2.1' ],
16 silly audit   debug: [ '3.2.7', '2.6.9', '4.4.3' ],
16 silly audit   '@expo/devtools': [ '0.1.8' ],
16 silly audit   '@expo/env': [ '2.0.12' ],
16 silly audit   '@expo/fingerprint': [ '0.15.5' ],
16 silly audit   'balanced-match': [ '4.0.4', '1.0.2' ],
16 silly audit   'brace-expansion': [ '5.0.9', '1.1.11', '2.1.4' ],
16 silly audit   minimatch: [ '10.2.6', '9.0.9', '3.1.2' ],
16 silly audit   '@expo/image-utils': [ '0.8.8' ],
16 silly audit   '@expo/metro': [ '54.2.0' ],
16 silly audit   '@expo/metro-runtime': [ '6.1.2' ],
16 silly audit   '@expo/osascript': [ '2.7.1' ],
16 silly audit   '@expo/package-manager': [ '1.13.1' ],
16 silly audit   '@expo/plist': [ '0.4.9' ],
16 silly audit   '@expo/prebuild-config': [ '54.0.8', '54.0.9' ],
16 silly audit   '@expo/schema-utils': [ '0.1.9' ],
16 silly audit   '@expo/sdk-runtime-versions': [ '1.0.0' ],
16 silly audit   '@expo/spawn-async': [ '1.8.0' ],
16 silly audit   '@expo/sudo-prompt': [ '9.3.2' ],
16 silly audit   '@expo/vector-icons': [ '15.0.3' ],
16 silly audit   '@expo/ws-tunnel': [ '1.0.6' ],
16 silly audit   '@expo/xcpretty': [ '4.4.4' ],
16 silly audit   argparse: [ '2.0.1', '1.0.10' ],
16 silly audit   'js-yaml': [ '4.3.1', '3.14.1' ],
16 silly audit   '@isaacs/fs-minipass': [ '4.0.1' ],
16 silly audit   '@isaacs/ttlcache': [ '1.4.1' ],
16 silly audit   '@istanbuljs/load-nyc-config': [ '1.1.0' ],
16 silly audit   'find-up': [ '4.1.0' ],
16 silly audit   'locate-path': [ '5.0.0' ],
16 silly audit   'p-limit': [ '2.3.0', '3.1.0' ],
16 silly audit   'p-locate': [ '4.1.0' ],
16 silly audit   '@istanbuljs/schema': [ '0.1.3' ],
16 silly audit   '@jest/console': [ '29.7.0' ],
16 silly audit   '@jest/core': [ '29.7.0' ],
16 silly audit   'strip-ansi': [ '6.0.1', '5.2.0' ],
16 silly audit   '@jest/create-cache-key-function': [ '29.7.0' ],
16 silly audit   '@jest/environment': [ '29.7.0' ],
16 silly audit   '@jest/expect': [ '29.7.0' ],
16 silly audit   '@jest/expect-utils': [ '29.7.0' ],
16 silly audit   '@jest/fake-timers': [ '29.7.0' ],
16 silly audit   '@jest/globals': [ '29.7.0' ],
16 silly audit   '@jest/reporters': [ '29.7.0' ],
16 silly audit   glob: [ '7.2.3', '13.0.6' ],
16 silly audit   '@jest/schemas': [ '29.6.3' ],
16 silly audit   '@jest/source-map': [ '29.6.3' ],
16 silly audit   '@jest/test-result': [ '29.7.0' ],
16 silly audit   '@jest/test-sequencer': [ '29.7.0' ],
16 silly audit   '@jest/transform': [ '29.7.0' ],
16 silly audit   'write-file-atomic': [ '4.0.2' ],
16 silly audit   '@jest/types': [ '29.6.3' ],
16 silly audit   '@jridgewell/gen-mapping': [ '0.3.13' ],
16 silly audit   '@jridgewell/resolve-uri': [ '3.1.2' ],
16 silly audit   '@jridgewell/source-map': [ '0.3.6' ],
16 silly audit   '@jridgewell/sourcemap-codec': [ '1.5.0' ],
16 silly audit   '@jridgewell/trace-mapping': [ '0.3.31' ],
16 silly audit   '@radix-ui/primitive': [ '1.1.3' ],
16 silly audit   '@radix-ui/react-collection': [ '1.1.7' ],
16 silly audit   '@radix-ui/react-slot': [ '1.2.3', '1.2.0' ],
16 silly audit   '@radix-ui/react-compose-refs': [ '1.1.2' ],
16 silly audit   '@radix-ui/react-context': [ '1.1.2' ],
16 silly audit   '@radix-ui/react-dialog': [ '1.1.15' ],
16 silly audit   '@radix-ui/react-direction': [ '1.1.1' ],
16 silly audit   '@radix-ui/react-dismissable-layer': [ '1.1.11' ],
16 silly audit   '@radix-ui/react-focus-guards': [ '1.1.3' ],
16 silly audit   '@radix-ui/react-focus-scope': [ '1.1.7' ],
16 silly audit   '@radix-ui/react-id': [ '1.1.1' ],
16 silly audit   '@radix-ui/react-portal': [ '1.1.9' ],
16 silly audit   '@radix-ui/react-presence': [ '1.1.5' ],
16 silly audit   '@radix-ui/react-primitive': [ '2.1.3' ],
16 silly audit   '@radix-ui/react-roving-focus': [ '1.1.11' ],
16 silly audit   '@radix-ui/react-tabs': [ '1.1.13' ],
16 silly audit   '@radix-ui/react-use-callback-ref': [ '1.1.1' ],
16 silly audit   '@radix-ui/react-use-controllable-state': [ '1.2.2' ],
16 silly audit   '@radix-ui/react-use-effect-event': [ '0.0.2' ],
16 silly audit   '@radix-ui/react-use-escape-keydown': [ '1.1.1' ],
16 silly audit   '@radix-ui/react-use-layout-effect': [ '1.1.1' ],
16 silly audit   '@react-native-async-storage/async-storage': [ '2.2.0' ],
16 silly audit   '@react-native-google-signin/google-signin': [ '13.2.0' ],
16 silly audit   '@react-native/assets-registry': [ '0.81.5' ],
16 silly audit   '@react-native/babel-plugin-codegen': [ '0.81.5' ],
16 silly audit   '@react-native/babel-preset': [ '0.81.5' ],
16 silly audit   '@react-native/codegen': [ '0.81.5' ],
16 silly audit   '@react-native/community-cli-plugin': [ '0.81.5' ],
16 silly audit   '@react-native/debugger-frontend': [ '0.81.5' ],
16 silly audit   '@react-native/dev-middleware': [ '0.81.5' ],
16 silly audit   ws: [ '6.2.3', '7.5.10', '8.21.2' ],
16 silly audit   '@react-native/gradle-plugin': [ '0.81.5' ],
16 silly audit   '@react-native/js-polyfills': [ '0.81.5' ],
16 silly audit   '@react-native/normalize-colors': [ '0.81.5', '0.74.89' ],
16 silly audit   '@react-native/virtualized-lists': [ '0.81.5' ],
16 silly audit   '@react-navigation/bottom-tabs': [ '7.9.0' ],
16 silly audit   '@react-navigation/core': [ '7.13.7' ],
16 silly audit   'react-is': [ '19.2.3', '16.13.1', '18.3.1' ],
16 silly audit   '@react-navigation/elements': [ '2.9.3' ],
16 silly audit   '@react-navigation/native': [ '7.1.26' ],
16 silly audit   '@react-navigation/native-stack': [ '7.9.0' ],
16 silly audit   '@react-navigation/routers': [ '7.5.3' ],
16 silly audit   '@sinclair/typebox': [ '0.27.8' ],
16 silly audit   '@sinonjs/commons': [ '3.0.1' ],
16 silly audit   '@sinonjs/fake-timers': [ '10.3.0' ],
16 silly audit   '@types/axios': [ '0.9.36' ],
16 silly audit   '@types/babel__core': [ '7.20.5' ],
16 silly audit   '@types/babel__generator': [ '7.6.8' ],
16 silly audit   '@types/babel__template': [ '7.4.4' ],
16 silly audit   '@types/babel__traverse': [ '7.20.6' ],
16 silly audit   '@types/graceful-fs': [ '4.1.9' ],
16 silly audit   '@types/hammerjs': [ '2.0.46' ],
16 silly audit   '@types/istanbul-lib-coverage': [ '2.0.6' ],
16 silly audit   '@types/istanbul-lib-report': [ '3.0.3' ],
16 silly audit   '@types/istanbul-reports': [ '3.0.4' ],
16 silly audit   '@types/jest': [ '29.5.14' ],
16 silly audit   '@types/node': [ '22.13.5' ],
16 silly audit   '@types/prop-types': [ '15.7.15' ],
16 silly audit   '@types/react': [ '19.1.17', '18.3.27' ],
16 silly audit   '@types/react-test-renderer': [ '18.3.1' ],
16 silly audit   '@types/stack-utils': [ '2.0.3' ],
16 silly audit   '@types/yargs': [ '17.0.33' ],
16 silly audit   '@types/yargs-parser': [ '21.0.3' ],
16 silly audit   '@ungap/structured-clone': [ '1.3.0' ],
16 silly audit   '@urql/core': [ '5.2.0' ],
16 silly audit   '@urql/exchange-retry': [ '1.3.2' ],
16 silly audit   '@xmldom/xmldom': [ '0.8.13' ],
16 silly audit   'abort-controller': [ '3.0.0' ],
16 silly audit   accepts: [ '1.3.8' ],
16 silly audit   acorn: [ '8.14.0' ],
16 silly audit   ajv: [ '8.17.1' ],
16 silly audit   anser: [ '1.4.10' ],
16 silly audit   'ansi-escapes': [ '4.3.2' ],
16 silly audit   'ansi-regex': [ '5.0.1', '4.1.1' ],
16 silly audit   'any-promise': [ '1.3.0' ],
16 silly audit   anymatch: [ '3.1.3' ],
16 silly audit   picomatch: [ '2.3.1', '4.0.5' ],
16 silly audit   arg: [ '5.0.2' ],
16 silly audit   'aria-hidden': [ '1.2.6' ],
16 silly audit   asap: [ '2.0.6' ],
16 silly audit   'async-limiter': [ '1.0.1' ],
16 silly audit   asynckit: [ '0.4.0' ],
16 silly audit   axios: [ '1.8.1' ],
16 silly audit   'form-data': [ '4.0.2' ],
16 silly audit   'babel-jest': [ '29.7.0' ],
16 silly audit   'babel-plugin-istanbul': [ '6.1.1' ],
16 silly audit   'istanbul-lib-instrument': [ '5.2.1', '6.0.3' ],
16 silly audit   'babel-plugin-jest-hoist': [ '29.6.3' ],
16 silly audit   'babel-plugin-polyfill-corejs2': [ '0.4.17' ],
16 silly audit   'babel-plugin-polyfill-corejs3': [ '0.13.0' ],
16 silly audit   'babel-plugin-polyfill-regenerator': [ '0.6.8' ],
16 silly audit   'babel-plugin-react-compiler': [ '1.0.0' ],
16 silly audit   'babel-plugin-react-native-web': [ '0.21.2' ],
16 silly audit   'babel-plugin-syntax-hermes-parser': [ '0.29.1' ],
16 silly audit   'babel-plugin-transform-flow-enums': [ '0.0.2' ],
16 silly audit   'babel-preset-current-node-syntax': [ '1.1.0' ],
16 silly audit   'babel-preset-jest': [ '29.6.3' ],
16 silly audit   'base64-js': [ '1.5.1' ],
16 silly audit   'baseline-browser-mapping': [ '2.9.14' ],
16 silly audit   'better-opn': [ '3.0.2' ],
16 silly audit   open: [ '8.4.2', '7.4.2' ],
16 silly audit   'big-integer': [ '1.6.52' ],
16 silly audit   'bplist-creator': [ '0.1.0' ],
16 silly audit   'bplist-parser': [ '0.3.2', '0.3.1' ],
16 silly audit   braces: [ '3.0.3' ],
16 silly audit   browserslist: [ '4.28.1' ],
16 silly audit   bser: [ '2.1.1' ],
16 silly audit   buffer: [ '5.7.1' ],
16 silly audit   'buffer-from': [ '1.1.2' ],
16 silly audit   bytes: [ '3.1.2' ],
16 silly audit   'call-bind-apply-helpers': [ '1.0.2' ],
16 silly audit   callsites: [ '3.1.0' ],
16 silly audit   camelcase: [ '5.3.1', '6.3.0' ],
16 silly audit   'caniuse-lite': [ '1.0.30001764' ],
16 silly audit   'char-regex': [ '1.0.2' ],
16 silly audit   chownr: [ '3.0.0' ],
16 silly audit   'chrome-launcher': [ '0.15.2' ],
16 silly audit   'chromium-edge-launcher': [ '0.2.0' ],
16 silly audit   mkdirp: [ '1.0.4' ],
16 silly audit   'ci-info': [ '3.9.0', '2.0.0' ],
16 silly audit   'cjs-module-lexer': [ '1.4.3' ],
16 silly audit   'cli-cursor': [ '2.1.0' ],
16 silly audit   'cli-spinners': [ '2.9.2' ],
16 silly audit   'client-only': [ '0.0.1' ],
16 silly audit   cliui: [ '8.0.1' ],
16 silly audit   'emoji-regex': [ '8.0.0' ],
16 silly audit   'string-width': [ '4.2.3' ],
16 silly audit   clone: [ '1.0.4' ],
16 silly audit   co: [ '4.6.0' ],
16 silly audit   'collect-v8-coverage': [ '1.0.2' ],
16 silly audit   color: [ '4.2.3', '3.2.1' ],
16 silly audit   'color-string': [ '1.9.1' ],
16 silly audit   'combined-stream': [ '1.0.8' ],
16 silly audit   commander: [ '7.2.0', '12.1.0', '4.1.1', '2.20.3' ],
16 silly audit   compressible: [ '2.0.18' ],
16 silly audit   compression: [ '1.8.1' ],
16 silly audit   ms: [ '2.0.0', '2.1.3' ],
16 silly audit   negotiator: [ '0.6.4', '0.6.3' ],
16 silly audit   'concat-map': [ '0.0.1' ],
16 silly audit   connect: [ '3.7.0' ],
16 silly audit   'convert-source-map': [ '2.0.0' ],
16 silly audit   'core-js-compat': [ '3.49.0' ],
16 silly audit   'create-jest': [ '29.7.0' ],
16 silly audit   'cross-fetch': [ '3.2.0' ],
16 silly audit   'cross-spawn': [ '7.0.6' ],
16 silly audit   'crypto-random-string': [ '2.0.0' ],
16 silly audit   'css-in-js-utils': [ '3.1.0' ],
16 silly audit   csstype: [ '3.2.3' ],
16 silly audit   'decode-uri-component': [ '0.2.2' ],
16 silly audit   dedent: [ '1.5.3' ],
16 silly audit   'deep-extend': [ '0.6.0' ],
16 silly audit   defaults: [ '1.0.4' ],
16 silly audit   'define-lazy-prop': [ '2.0.0' ],
16 silly audit   'delayed-stream': [ '1.0.0' ],
16 silly audit   depd: [ '2.0.0' ],
16 silly audit   destroy: [ '1.2.0' ],
16 silly audit   'detect-libc': [ '2.1.2' ],
16 silly audit   'detect-newline': [ '3.1.0' ],
16 silly audit   'detect-node-es': [ '1.1.0' ],
16 silly audit   'diff-sequences': [ '29.6.3' ],
16 silly audit   dotenv: [ '16.4.7' ],
16 silly audit   'dotenv-expand': [ '11.0.7' ],
16 silly audit   'dunder-proto': [ '1.0.1' ],
16 silly audit   'ee-first': [ '1.1.1' ],
16 silly audit   'electron-to-chromium': [ '1.5.267' ],
16 silly audit   emittery: [ '0.13.1' ],
16 silly audit   encodeurl: [ '1.0.2', '2.0.0' ],
16 silly audit   'env-editor': [ '0.4.2' ],
16 silly audit   'error-ex': [ '1.3.2' ],
16 silly audit   'error-stack-parser': [ '2.1.4' ],
16 silly audit   'es-define-property': [ '1.0.1' ],
16 silly audit   'es-errors': [ '1.3.0' ],
16 silly audit   'es-object-atoms': [ '1.1.1' ],
16 silly audit   'es-set-tostringtag': [ '2.1.0' ],
16 silly audit   escalade: [ '3.2.0' ],
16 silly audit   'escape-html': [ '1.0.3' ],
16 silly audit   esprima: [ '4.0.1' ],
16 silly audit   etag: [ '1.8.1' ],
16 silly audit   'event-target-shim': [ '5.0.1' ],
16 silly audit   exit: [ '0.1.2' ],
16 silly audit   expect: [ '29.7.0' ],
16 silly audit   expo: [ '54.0.36' ],
16 silly audit   'expo-blur': [ '15.0.8' ],
16 silly audit   'expo-constants': [ '18.0.13' ],
16 silly audit   'expo-dev-client': [ '6.0.20' ],
16 silly audit   'expo-dev-launcher': [ '6.0.20' ],
16 silly audit   'expo-dev-menu': [ '7.0.18' ],
16 silly audit   'expo-dev-menu-interface': [ '2.0.0' ],
16 silly audit   'expo-font': [ '14.0.10', '14.0.12' ],
16 silly audit   'expo-haptics': [ '15.0.8' ],
16 silly audit   'expo-image-loader': [ '6.0.0' ],
16 silly audit   'expo-image-picker': [ '17.0.10' ],
16 silly audit   'expo-json-utils': [ '0.15.0' ],
16 silly audit   'expo-keep-awake': [ '15.0.8' ],
16 silly audit   'expo-linking': [ '8.0.11' ],
16 silly audit   'expo-manifests': [ '1.0.10' ],
16 silly audit   'expo-modules-autolinking': [ '3.0.26' ],
16 silly audit   'expo-modules-core': [ '3.0.30' ],
16 silly audit   'expo-router': [ '6.0.21' ],
16 silly audit   'expo-secure-store': [ '15.0.8' ],
16 silly audit   'expo-server': [ '1.0.7' ],
16 silly audit   'expo-splash-screen': [ '31.0.13' ],
16 silly audit   'expo-status-bar': [ '3.0.9' ],
16 silly audit   'expo-symbols': [ '1.0.8' ],
16 silly audit   'expo-system-ui': [ '6.0.9' ],
16 silly audit   'expo-updates-interface': [ '2.0.0' ],
16 silly audit   'expo-web-browser': [ '15.0.10' ],
16 silly audit   '@expo/cli': [ '54.0.26' ],
16 silly audit   '@expo/metro-config': [ '54.0.17' ],
16 silly audit   'babel-preset-expo': [ '54.0.12' ],
16 silly audit   'expo-asset': [ '12.0.13' ],
16 silly audit   'expo-file-system': [ '19.0.23' ],
16 silly audit   'exponential-backoff': [ '3.1.2' ],
16 silly audit   'fast-deep-equal': [ '3.1.3' ],
16 silly audit   'fast-json-stable-stringify': [ '2.1.0' ],
16 silly audit   'fast-uri': [ '3.0.6' ],
16 silly audit   'fb-watchman': [ '2.0.2' ],
16 silly audit   fbjs: [ '3.0.5' ],
16 silly audit   'fbjs-css-vars': [ '1.0.2' ],
16 silly audit   fdir: [ '6.5.0' ],
16 silly audit   'fill-range': [ '7.1.1' ],
16 silly audit   'filter-obj': [ '1.1.0' ],
16 silly audit   finalhandler: [ '1.1.2' ],
16 silly audit   'flow-enums-runtime': [ '0.0.6' ],
16 silly audit   'follow-redirects': [ '1.15.9' ],
16 silly audit   fontfaceobserver: [ '2.3.0' ],
16 silly audit   'freeport-async': [ '2.0.0' ],
16 silly audit   fresh: [ '0.5.2' ],
16 silly audit   'fs.realpath': [ '1.0.0' ],
16 silly audit   fsevents: [ '2.3.3' ],
16 silly audit   'function-bind': [ '1.1.2' ],
16 silly audit   gensync: [ '1.0.0-beta.2' ],
16 silly audit   'get-caller-file': [ '2.0.5' ],
16 silly audit   'get-intrinsic': [ '1.3.0' ],
16 silly audit   'get-nonce': [ '1.0.1' ],
16 silly audit   'get-package-type': [ '0.1.0' ],
16 silly audit   'get-proto': [ '1.0.1' ],
16 silly audit   getenv: [ '2.0.0' ],
16 silly audit   'global-dirs': [ '0.1.1' ],
16 silly audit   globals: [ '11.12.0' ],
16 silly audit   gopd: [ '1.2.0' ],
16 silly audit   'graceful-fs': [ '4.2.11' ],
16 silly audit   'has-symbols': [ '1.1.0' ],
16 silly audit   'has-tostringtag': [ '1.0.2' ],
16 silly audit   hasown: [ '2.0.2' ],
16 silly audit   'hermes-estree': [ '0.29.1', '0.32.0' ],
16 silly audit   'hermes-parser': [ '0.29.1', '0.32.0' ],
16 silly audit   'hoist-non-react-statics': [ '3.3.2' ],
16 silly audit   'hosted-git-info': [ '7.0.2' ],
16 silly audit   'lru-cache': [ '10.4.3', '5.1.1', '11.5.2' ],
16 silly audit   'html-escaper': [ '2.0.2' ],
16 silly audit   'http-errors': [ '2.0.0', '2.0.1' ],
16 silly audit   statuses: [ '2.0.1', '2.0.2', '1.5.0' ],
16 silly audit   'human-signals': [ '2.1.0' ],
16 silly audit   'hyphenate-style-name': [ '1.1.0' ],
16 silly audit   ieee754: [ '1.2.1' ],
16 silly audit   ignore: [ '5.3.2' ],
16 silly audit   'image-size': [ '1.2.0' ],
16 silly audit   'import-local': [ '3.2.0' ],
16 silly audit   imurmurhash: [ '0.1.4' ],
16 silly audit   inflight: [ '1.0.6' ],
16 silly audit   inherits: [ '2.0.4' ],
16 silly audit   ini: [ '1.3.8' ],
16 silly audit   'inline-style-prefixer': [ '7.0.1' ],
16 silly audit   invariant: [ '2.2.4' ],
16 silly audit   'is-arrayish': [ '0.2.1', '0.3.2' ],
16 silly audit   'is-core-module': [ '2.16.1' ],
16 silly audit   'is-docker': [ '2.2.1' ],
16 silly audit   'is-fullwidth-code-point': [ '3.0.0' ],
16 silly audit   'is-generator-fn': [ '2.1.0' ],
16 silly audit   'is-number': [ '7.0.0' ],
16 silly audit   'is-plain-obj': [ '2.1.0' ],
16 silly audit   'is-wsl': [ '2.2.0' ],
16 silly audit   isexe: [ '2.0.0' ],
16 silly audit   'istanbul-lib-coverage': [ '3.2.2' ],
16 silly audit   'istanbul-lib-report': [ '3.0.1' ],
16 silly audit   'istanbul-lib-source-maps': [ '4.0.1' ],
16 silly audit   'source-map': [ '0.6.1', '0.5.7' ],
16 silly audit   'istanbul-reports': [ '3.1.7' ],
16 silly audit   jest: [ '29.7.0' ],
16 silly audit   'jest-changed-files': [ '29.7.0' ],
16 silly audit   execa: [ '5.1.1' ],
16 silly audit   'get-stream': [ '6.0.1' ],
16 silly audit   'is-stream': [ '2.0.1' ],
16 silly audit   'mimic-fn': [ '2.1.0', '1.2.0' ],
16 silly audit   'npm-run-path': [ '4.0.1' ],
16 silly audit   onetime: [ '5.1.2', '2.0.1' ],
16 silly audit   'jest-circus': [ '29.7.0' ],
16 silly audit   'jest-cli': [ '29.7.0' ],
16 silly audit   'jest-config': [ '29.7.0' ],
16 silly audit   'jest-diff': [ '29.7.0' ],
16 silly audit   'jest-docblock': [ '29.7.0' ],
16 silly audit   'jest-each': [ '29.7.0' ],
16 silly audit   'jest-environment-node': [ '29.7.0' ],
16 silly audit   'jest-get-type': [ '29.6.3' ],
16 silly audit   'jest-haste-map': [ '29.7.0' ],
16 silly audit   'jest-leak-detector': [ '29.7.0' ],
16 silly audit   'jest-matcher-utils': [ '29.7.0' ],
16 silly audit   'jest-message-util': [ '29.7.0' ],
16 silly audit   'jest-mock': [ '29.7.0' ],
16 silly audit   'jest-pnp-resolver': [ '1.2.3' ],
16 silly audit   'jest-regex-util': [ '29.6.3' ],
16 silly audit   'jest-resolve': [ '29.7.0' ],
16 silly audit   'jest-resolve-dependencies': [ '29.7.0' ],
16 silly audit   'jest-runner': [ '29.7.0' ],
16 silly audit   'source-map-support': [ '0.5.13', '0.5.21' ],
16 silly audit   'jest-runtime': [ '29.7.0' ],
16 silly audit   'jest-snapshot': [ '29.7.0' ],
16 silly audit   'jest-util': [ '29.7.0' ],
16 silly audit   'jest-validate': [ '29.7.0' ],
16 silly audit   'jest-watcher': [ '29.7.0' ],
16 silly audit   'jest-worker': [ '29.7.0' ],
16 silly audit   'jimp-compact': [ '0.16.1' ],
16 silly audit   'js-tokens': [ '4.0.0' ],
16 silly audit   'jsc-safe-url': [ '0.2.4' ],
16 silly audit   jsesc: [ '3.1.0' ],
16 silly audit   'json-parse-even-better-errors': [ '2.3.1' ],
16 silly audit   'json-schema-traverse': [ '1.0.0' ],
16 silly audit   json5: [ '2.2.3' ],
16 silly audit   kleur: [ '3.0.3' ],
16 silly audit   'lan-network': [ '0.2.1' ],
16 silly audit   leven: [ '3.1.0' ],
16 silly audit   'lighthouse-logger': [ '1.4.2' ],
16 silly audit   lightningcss: [ '1.33.0' ],
16 silly audit   'lightningcss-android-arm64': [ '1.33.0' ],
16 silly audit   'lightningcss-darwin-arm64': [ '1.33.0' ],
16 silly audit   'lightningcss-darwin-x64': [ '1.33.0' ],
16 silly audit   'lightningcss-freebsd-x64': [ '1.33.0' ],
16 silly audit   'lightningcss-linux-arm-gnueabihf': [ '1.33.0' ],
16 silly audit   'lightningcss-linux-arm64-gnu': [ '1.33.0' ],
16 silly audit   'lightningcss-linux-arm64-musl': [ '1.33.0' ],
16 silly audit   'lightningcss-linux-x64-gnu': [ '1.33.0' ],
16 silly audit   'lightningcss-linux-x64-musl': [ '1.33.0' ],
16 silly audit   'lightningcss-win32-arm64-msvc': [ '1.33.0' ],
16 silly audit   'lightningcss-win32-x64-msvc': [ '1.33.0' ],
16 silly audit   'lines-and-columns': [ '1.2.4' ],
16 silly audit   'lodash.debounce': [ '4.0.8' ],
16 silly audit   'lodash.throttle': [ '4.1.1' ],
16 silly audit   'log-symbols': [ '2.2.0' ],
16 silly audit   'loose-envify': [ '1.4.0' ],
16 silly audit   'make-dir': [ '4.0.0' ],
16 silly audit   makeerror: [ '1.0.12' ],
16 silly audit   marky: [ '1.2.5' ],
16 silly audit   'math-intrinsics': [ '1.1.0' ],
16 silly audit   'memoize-one': [ '5.2.1', '6.0.0' ],
16 silly audit   'merge-options': [ '3.0.4' ],
16 silly audit   'merge-stream': [ '2.0.0' ],
16 silly audit   metro: [ '0.83.3' ],
16 silly audit   'metro-babel-transformer': [ '0.83.3' ],
16 silly audit   'metro-cache': [ '0.83.3' ],
16 silly audit   'metro-cache-key': [ '0.83.3' ],
16 silly audit   'agent-base': [ '7.1.4' ],
16 silly audit   'https-proxy-agent': [ '7.0.6' ],
16 silly audit   'metro-config': [ '0.83.3' ],
16 silly audit   'metro-core': [ '0.83.3' ],
16 silly audit   'metro-file-map': [ '0.83.3' ],
16 silly audit   'metro-minify-terser': [ '0.83.3' ],
16 silly audit   'metro-resolver': [ '0.83.3' ],
16 silly audit   'metro-runtime': [ '0.83.3' ],
16 silly audit   'metro-source-map': [ '0.83.3' ],
16 silly audit   'metro-symbolicate': [ '0.83.3' ],
16 silly audit   'metro-transform-plugins': [ '0.83.3' ],
16 silly audit   'metro-transform-worker': [ '0.83.3' ],
16 silly audit   micromatch: [ '4.0.8' ],
16 silly audit   mime: [ '1.6.0' ],
16 silly audit   'mime-db': [ '1.54.0', '1.52.0' ],
16 silly audit   'mime-types': [ '2.1.35' ],
16 silly audit   minimist: [ '1.2.8' ],
16 silly audit   minipass: [ '7.1.3' ],
16 silly audit   minizlib: [ '3.1.0' ],
16 silly audit   mz: [ '2.7.0' ],
16 silly audit   nanoid: [ '3.3.11' ],
16 silly audit   'natural-compare': [ '1.4.0' ],
16 silly audit   'nested-error-stacks': [ '2.0.1' ],
16 silly audit   'node-fetch': [ '2.7.0' ],
16 silly audit   tr46: [ '0.0.3' ],
16 silly audit   'webidl-conversions': [ '3.0.1', '5.0.0' ],
16 silly audit   'whatwg-url': [ '5.0.0' ],
16 silly audit   'node-forge': [ '1.4.0' ],
16 silly audit   'node-int64': [ '0.4.0' ],
16 silly audit   'node-releases': [ '2.0.27' ],
16 silly audit   'normalize-path': [ '3.0.0' ],
16 silly audit   'npm-package-arg': [ '11.0.3' ],
16 silly audit   nullthrows: [ '1.1.1' ],
16 silly audit   ob1: [ '0.83.3' ],
16 silly audit   'object-assign': [ '4.1.1' ],
16 silly audit   'on-finished': [ '2.3.0', '2.4.1' ],
16 silly audit   'on-headers': [ '1.1.0' ],
16 silly audit   once: [ '1.4.0' ],
16 silly audit   ora: [ '3.4.0' ],
16 silly audit   'p-try': [ '2.2.0' ],
16 silly audit   'parse-json': [ '5.2.0' ],
16 silly audit   'parse-png': [ '2.1.0' ],
16 silly audit   parseurl: [ '1.3.3' ],
16 silly audit   'path-exists': [ '4.0.0' ],
16 silly audit   'path-is-absolute': [ '1.0.1' ],
16 silly audit   'path-key': [ '3.1.1' ],
16 silly audit   'path-parse': [ '1.0.7' ],
16 silly audit   'path-scurry': [ '2.0.2' ],
16 silly audit   picocolors: [ '1.1.1' ],
16 silly audit   pirates: [ '4.0.6' ],
16 silly audit   'pkg-dir': [ '4.2.0' ],
16 silly audit   plist: [ '3.1.0' ],
16 silly audit   pngjs: [ '3.4.0' ],
16 silly audit   postcss: [ '8.4.49' ],
16 silly audit   'postcss-value-parser': [ '4.2.0' ],
16 silly audit   'pretty-bytes': [ '5.6.0' ],
16 silly audit   'pretty-format': [ '29.7.0' ],
16 silly audit   'proc-log': [ '4.2.0' ],
16 silly audit   progress: [ '2.0.3' ],
16 silly audit   promise: [ '7.3.1', '8.3.0' ],
16 silly audit   prompts: [ '2.4.2' ],
16 silly audit   'proxy-from-env': [ '1.1.0' ],
16 silly audit   punycode: [ '2.3.1' ],
16 silly audit   'pure-rand': [ '6.1.0' ],
16 silly audit   'qrcode-terminal': [ '0.11.0' ],
16 silly audit   'query-string': [ '7.1.3' ],
16 silly audit   queue: [ '6.0.2' ],
16 silly audit   'range-parser': [ '1.2.1' ],
16 silly audit   rc: [ '1.2.8' ],
16 silly audit   'strip-json-comments': [ '2.0.1', '3.1.1' ],
16 silly audit   react: [ '19.1.0' ],
16 silly audit   'react-devtools-core': [ '6.1.5' ],
16 silly audit   'react-dom': [ '19.1.0' ],
16 silly audit   scheduler: [ '0.26.0' ],
16 silly audit   'react-fast-compare': [ '3.2.2' ],
16 silly audit   'react-freeze': [ '1.0.4' ],
16 silly audit   'react-native': [ '0.81.5' ],
16 silly audit   'react-native-fbsdk-next': [ '13.4.1' ],
16 silly audit   'react-native-gesture-handler': [ '2.28.0' ],
16 silly audit   'react-native-image-picker': [ '8.2.1' ],
16 silly audit   'react-native-is-edge-to-edge': [ '1.2.1' ],
16 silly audit   'react-native-paper': [ '5.14.5' ],
16 silly audit   'react-native-reanimated': [ '4.1.6' ],
16 silly audit   'react-native-safe-area-context': [ '5.6.2' ],
16 silly audit   'react-native-screens': [ '4.16.0' ],
16 silly audit   'react-native-size-matters': [ '0.4.2' ],
16 silly audit   'react-native-web': [ '0.21.2' ],
16 silly audit   'react-native-webview': [ '13.15.0' ],
16 silly audit   'react-native-worklets': [ '0.5.1' ],
16 silly audit   'regenerator-runtime': [ '0.13.11', '0.14.1' ],
16 silly audit   'react-refresh': [ '0.14.2' ],
16 silly audit   'react-remove-scroll': [ '2.7.2' ],
16 silly audit   'react-remove-scroll-bar': [ '2.3.8' ],
16 silly audit   'react-style-singleton': [ '2.2.3' ],
16 silly audit   regenerate: [ '1.4.2' ],
16 silly audit   'regenerate-unicode-properties': [ '10.2.2' ],
16 silly audit   'regexpu-core': [ '6.4.0' ],
16 silly audit   regjsgen: [ '0.8.0' ],
16 silly audit   regjsparser: [ '0.13.0' ],
16 silly audit   'require-directory': [ '2.1.1' ],
16 silly audit   'require-from-string': [ '2.0.2' ],
16 silly audit   requireg: [ '0.2.2' ],
16 silly audit   resolve: [ '1.7.1', '1.22.12' ],
16 silly audit   'resolve-cwd': [ '3.0.0' ],
16 silly audit   'resolve-from': [ '5.0.0' ],
16 silly audit   'resolve-global': [ '1.0.0' ],
16 silly audit   'resolve-workspace-root': [ '2.0.0' ],
16 silly audit   'resolve.exports': [ '2.0.3' ],
16 silly audit   'restore-cursor': [ '2.0.0' ],
16 silly audit   rimraf: [ '3.0.2' ],
16 silly audit   'safe-buffer': [ '5.2.1' ],
16 silly audit   sax: [ '1.4.1' ],
16 silly audit   send: [ '0.19.2', '0.19.0' ],
16 silly audit   'serialize-error': [ '2.1.0' ],
16 silly audit   'serve-static': [ '1.16.2' ],
16 silly audit   'server-only': [ '0.0.1' ],
16 silly audit   setimmediate: [ '1.0.5' ],
16 silly audit   setprototypeof: [ '1.2.0' ],
16 silly audit   'sf-symbols-typescript': [ '2.1.0' ],
16 silly audit   shallowequal: [ '1.1.0' ],
16 silly audit   'shebang-command': [ '2.0.0' ],
16 silly audit   'shebang-regex': [ '3.0.0' ],
16 silly audit   'shell-quote': [ '1.8.3' ],
16 silly audit   'signal-exit': [ '3.0.7' ],
16 silly audit   'simple-plist': [ '1.3.1' ],
16 silly audit   'simple-swizzle': [ '0.2.2' ],
16 silly audit   sisteransi: [ '1.0.5' ],
16 silly audit   slash: [ '3.0.0' ],
16 silly audit   slugify: [ '1.6.6' ],
16 silly audit   'source-map-js': [ '1.2.1' ],
16 silly audit   'split-on-first': [ '1.1.0' ],
16 silly audit   'sprintf-js': [ '1.0.3' ],
16 silly audit   'stack-utils': [ '2.0.6' ],
16 silly audit   stackframe: [ '1.3.4' ],
16 silly audit   'stacktrace-parser': [ '0.1.11' ],
16 silly audit   'type-fest': [ '0.7.1', '0.21.3' ],
16 silly audit   'stream-buffers': [ '2.2.0' ],
16 silly audit   'strict-uri-encode': [ '2.0.0' ],
16 silly audit   'string-length': [ '4.0.2' ],
16 silly audit   'strip-bom': [ '4.0.0' ],
16 silly audit   'strip-final-newline': [ '2.0.0' ],
16 silly audit   'structured-headers': [ '0.4.1' ],
16 silly audit   styleq: [ '0.1.3' ],
16 silly audit   sucrase: [ '3.35.1' ],
16 silly audit   'supports-hyperlinks': [ '2.3.0' ],
16 silly audit   'supports-preserve-symlinks-flag': [ '1.0.0' ],
16 silly audit   tar: [ '7.5.22' ],
16 silly audit   yallist: [ '5.0.0', '3.1.1' ],
16 silly audit   'temp-dir': [ '2.0.0' ],
16 silly audit   'terminal-link': [ '2.1.1' ],
16 silly audit   terser: [ '5.39.0' ],
16 silly audit   'test-exclude': [ '6.0.0' ],
16 silly audit   thenify: [ '3.3.1' ],
16 silly audit   'thenify-all': [ '1.6.0' ],
16 silly audit   throat: [ '5.0.0' ],
16 silly audit   tinyglobby: [ '0.2.17' ],
16 silly audit   tmpl: [ '1.0.5' ],
16 silly audit   'to-regex-range': [ '5.0.1' ],
16 silly audit   toidentifier: [ '1.0.1' ],
16 silly audit   'ts-interface-checker': [ '0.1.13' ],
16 silly audit   tslib: [ '2.8.1' ],
16 silly audit   'type-detect': [ '4.0.8' ],
16 silly audit   typescript: [ '5.9.3' ],
16 silly audit   'ua-parser-js': [ '1.0.40' ],
16 silly audit   undici: [ '6.28.0' ],
16 silly audit   'undici-types': [ '6.20.0' ],
16 silly audit   'unicode-canonical-property-names-ecmascript': [ '2.0.1' ],
16 silly audit   'unicode-match-property-ecmascript': [ '2.0.0' ],
16 silly audit   'unicode-match-property-value-ecmascript': [ '2.2.1' ],
16 silly audit   'unicode-property-aliases-ecmascript': [ '2.2.0' ],
16 silly audit   'unique-string': [ '2.0.0' ],
16 silly audit   unpipe: [ '1.0.0' ],
16 silly audit   'update-browserslist-db': [ '1.2.3' ],
16 silly audit   'use-callback-ref': [ '1.3.3' ],
16 silly audit   'use-latest-callback': [ '0.2.6' ],
16 silly audit   'use-sidecar': [ '1.1.3' ],
16 silly audit   'use-sync-external-store': [ '1.6.0' ],
16 silly audit   'utils-merge': [ '1.0.1' ],
16 silly audit   'v8-to-istanbul': [ '9.3.0' ],
16 silly audit   'validate-npm-package-name': [ '5.0.1' ],
16 silly audit   vary: [ '1.1.2' ],
16 silly audit   vaul: [ '1.1.2' ],
16 silly audit   vlq: [ '1.0.1' ],
16 silly audit   walker: [ '1.0.8' ],
16 silly audit   'warn-once': [ '0.1.1' ],
16 silly audit   wcwidth: [ '1.0.1' ],
16 silly audit   'whatwg-fetch': [ '3.6.20' ],
16 silly audit   'whatwg-url-without-unicode': [ '8.0.0-3' ],
16 silly audit   which: [ '2.0.2' ],
16 silly audit   wonka: [ '6.3.6' ],
16 silly audit   'wrap-ansi': [ '7.0.0' ],
16 silly audit   wrappy: [ '1.0.2' ],
16 silly audit   xcode: [ '3.0.1' ],
16 silly audit   uuid: [ '7.0.3' ],
16 silly audit   xml2js: [ '0.6.0' ],
16 silly audit   xmlbuilder: [ '11.0.1', '15.1.1' ],
16 silly audit   y18n: [ '5.0.8' ],
16 silly audit   yaml: [ '2.8.2' ],
16 silly audit   yargs: [ '17.7.2' ],
16 silly audit   'yargs-parser': [ '21.1.1' ],
16 silly audit   'yocto-queue': [ '0.1.0' ]
16 silly audit }
17 verbose reify failed optional dependency /home/gui/Coding/JacacultMap/jacacultmap-app/node_modules/lightningcss-win32-x64-msvc
18 silly reify mark deleted [
18 silly reify   '/home/gui/Coding/JacacultMap/jacacultmap-app/node_modules/lightningcss-win32-x64-msvc'
18 silly reify ]
19 verbose reify failed optional dependency /home/gui/Coding/JacacultMap/jacacultmap-app/node_modules/lightningcss-win32-arm64-msvc
20 silly reify mark deleted [
20 silly reify   '/home/gui/Coding/JacacultMap/jacacultmap-app/node_modules/lightningcss-win32-arm64-msvc'
20 silly reify ]
21 verbose reify failed optional dependency /home/gui/Coding/JacacultMap/jacacultmap-app/node_modules/lightningcss-linux-arm64-musl
22 silly reify mark deleted [
22 silly reify   '/home/gui/Coding/JacacultMap/jacacultmap-app/node_modules/lightningcss-linux-arm64-musl'
22 silly reify ]
23 verbose reify failed optional dependency /home/gui/Coding/JacacultMap/jacacultmap-app/node_modules/lightningcss-linux-arm64-gnu
24 silly reify mark deleted [
24 silly reify   '/home/gui/Coding/JacacultMap/jacacultmap-app/node_modules/lightningcss-linux-arm64-gnu'
24 silly reify ]
25 verbose reify failed optional dependency /home/gui/Coding/JacacultMap/jacacultmap-app/node_modules/lightningcss-linux-arm-gnueabihf
26 silly reify mark deleted [
26 silly reify   '/home/gui/Coding/JacacultMap/jacacultmap-app/node_modules/lightningcss-linux-arm-gnueabihf'
26 silly reify ]
27 verbose reify failed optional dependency /home/gui/Coding/JacacultMap/jacacultmap-app/node_modules/lightningcss-freebsd-x64
28 silly reify mark deleted [
28 silly reify   '/home/gui/Coding/JacacultMap/jacacultmap-app/node_modules/lightningcss-freebsd-x64'
28 silly reify ]
29 verbose reify failed optional dependency /home/gui/Coding/JacacultMap/jacacultmap-app/node_modules/lightningcss-darwin-x64
30 silly reify mark deleted [
30 silly reify   '/home/gui/Coding/JacacultMap/jacacultmap-app/node_modules/lightningcss-darwin-x64'
30 silly reify ]
31 verbose reify failed optional dependency /home/gui/Coding/JacacultMap/jacacultmap-app/node_modules/lightningcss-darwin-arm64
32 silly reify mark deleted [
32 silly reify   '/home/gui/Coding/JacacultMap/jacacultmap-app/node_modules/lightningcss-darwin-arm64'
32 silly reify ]
33 verbose reify failed optional dependency /home/gui/Coding/JacacultMap/jacacultmap-app/node_modules/lightningcss-android-arm64
34 silly reify mark deleted [
34 silly reify   '/home/gui/Coding/JacacultMap/jacacultmap-app/node_modules/lightningcss-android-arm64'
34 silly reify ]
35 verbose reify failed optional dependency /home/gui/Coding/JacacultMap/jacacultmap-app/node_modules/fsevents
36 silly reify mark deleted [
36 silly reify   '/home/gui/Coding/JacacultMap/jacacultmap-app/node_modules/fsevents'
36 silly reify ]
37 http cache yocto-queue@https://registry.npmjs.org/yocto-queue/-/yocto-queue-0.1.0.tgz 1ms (cache hit)
38 http cache yargs@https://registry.npmjs.org/yargs/-/yargs-17.7.2.tgz 0ms (cache hit)
39 http cache yargs-parser@https://registry.npmjs.org/yargs-parser/-/yargs-parser-21.1.1.tgz 0ms (cache hit)
40 http cache y18n@https://registry.npmjs.org/y18n/-/y18n-5.0.8.tgz 0ms (cache hit)
41 http cache yallist@https://registry.npmjs.org/yallist/-/yallist-3.1.1.tgz 0ms (cache hit)
42 http cache xmlbuilder@https://registry.npmjs.org/xmlbuilder/-/xmlbuilder-15.1.1.tgz 0ms (cache hit)
43 http cache yaml@https://registry.npmjs.org/yaml/-/yaml-2.8.2.tgz 0ms (cache hit)
44 http cache xml2js@https://registry.npmjs.org/xml2js/-/xml2js-0.6.0.tgz 0ms (cache hit)
45 http cache xcode@https://registry.npmjs.org/xcode/-/xcode-3.0.1.tgz 0ms (cache hit)
46 http cache ws@https://registry.npmjs.org/ws/-/ws-8.21.2.tgz 0ms (cache hit)
47 http cache wrappy@https://registry.npmjs.org/wrappy/-/wrappy-1.0.2.tgz 0ms (cache hit)
48 http cache wrap-ansi@https://registry.npmjs.org/wrap-ansi/-/wrap-ansi-7.0.0.tgz 0ms (cache hit)
49 http cache wonka@https://registry.npmjs.org/wonka/-/wonka-6.3.6.tgz 0ms (cache hit)
50 http cache which@https://registry.npmjs.org/which/-/which-2.0.2.tgz 0ms (cache hit)
51 http cache whatwg-url-without-unicode@https://registry.npmjs.org/whatwg-url-without-unicode/-/whatwg-url-without-unicode-8.0.0-3.tgz 0ms (cache hit)
52 http cache whatwg-fetch@https://registry.npmjs.org/whatwg-fetch/-/whatwg-fetch-3.6.20.tgz 0ms (cache hit)
53 http cache wcwidth@https://registry.npmjs.org/wcwidth/-/wcwidth-1.0.1.tgz 0ms (cache hit)
54 http cache warn-once@https://registry.npmjs.org/warn-once/-/warn-once-0.1.1.tgz 0ms (cache hit)
55 http cache walker@https://registry.npmjs.org/walker/-/walker-1.0.8.tgz 0ms (cache hit)
56 http cache vlq@https://registry.npmjs.org/vlq/-/vlq-1.0.1.tgz 0ms (cache hit)
57 http cache vaul@https://registry.npmjs.org/vaul/-/vaul-1.1.2.tgz 0ms (cache hit)
58 http cache vary@https://registry.npmjs.org/vary/-/vary-1.1.2.tgz 0ms (cache hit)
59 http cache validate-npm-package-name@https://registry.npmjs.org/validate-npm-package-name/-/validate-npm-package-name-5.0.1.tgz 0ms (cache hit)
60 http cache v8-to-istanbul@https://registry.npmjs.org/v8-to-istanbul/-/v8-to-istanbul-9.3.0.tgz 0ms (cache hit)
61 http cache use-sync-external-store@https://registry.npmjs.org/use-sync-external-store/-/use-sync-external-store-1.6.0.tgz 0ms (cache hit)
62 http cache utils-merge@https://registry.npmjs.org/utils-merge/-/utils-merge-1.0.1.tgz 0ms (cache hit)
63 http cache use-sidecar@https://registry.npmjs.org/use-sidecar/-/use-sidecar-1.1.3.tgz 0ms (cache hit)
64 http cache use-latest-callback@https://registry.npmjs.org/use-latest-callback/-/use-latest-callback-0.2.6.tgz 0ms (cache hit)
65 http cache update-browserslist-db@https://registry.npmjs.org/update-browserslist-db/-/update-browserslist-db-1.2.3.tgz 0ms (cache hit)
66 http cache use-callback-ref@https://registry.npmjs.org/use-callback-ref/-/use-callback-ref-1.3.3.tgz 0ms (cache hit)
67 http cache unpipe@https://registry.npmjs.org/unpipe/-/unpipe-1.0.0.tgz 0ms (cache hit)
68 http cache unique-string@https://registry.npmjs.org/unique-string/-/unique-string-2.0.0.tgz 0ms (cache hit)
69 http cache unicode-property-aliases-ecmascript@https://registry.npmjs.org/unicode-property-aliases-ecmascript/-/unicode-property-aliases-ecmascript-2.2.0.tgz 0ms (cache hit)
70 http cache unicode-match-property-value-ecmascript@https://registry.npmjs.org/unicode-match-property-value-ecmascript/-/unicode-match-property-value-ecmascript-2.2.1.tgz 0ms (cache hit)
71 http cache unicode-canonical-property-names-ecmascript@https://registry.npmjs.org/unicode-canonical-property-names-ecmascript/-/unicode-canonical-property-names-ecmascript-2.0.1.tgz 0ms (cache hit)
72 http cache unicode-match-property-ecmascript@https://registry.npmjs.org/unicode-match-property-ecmascript/-/unicode-match-property-ecmascript-2.0.0.tgz 0ms (cache hit)
73 http cache undici-types@https://registry.npmjs.org/undici-types/-/undici-types-6.20.0.tgz 0ms (cache hit)
74 http cache undici@https://registry.npmjs.org/undici/-/undici-6.28.0.tgz 0ms (cache hit)
75 http cache ua-parser-js@https://registry.npmjs.org/ua-parser-js/-/ua-parser-js-1.0.40.tgz 0ms (cache hit)
76 http cache typescript@https://registry.npmjs.org/typescript/-/typescript-5.9.3.tgz 0ms (cache hit)
77 http cache type-fest@https://registry.npmjs.org/type-fest/-/type-fest-0.21.3.tgz 0ms (cache hit)
78 http cache type-detect@https://registry.npmjs.org/type-detect/-/type-detect-4.0.8.tgz 0ms (cache hit)
79 http cache tslib@https://registry.npmjs.org/tslib/-/tslib-2.8.1.tgz 0ms (cache hit)
80 http cache ts-interface-checker@https://registry.npmjs.org/ts-interface-checker/-/ts-interface-checker-0.1.13.tgz 0ms (cache hit)
81 http cache to-regex-range@https://registry.npmjs.org/to-regex-range/-/to-regex-range-5.0.1.tgz 0ms (cache hit)
82 http cache toidentifier@https://registry.npmjs.org/toidentifier/-/toidentifier-1.0.1.tgz 0ms (cache hit)
83 http cache tmpl@https://registry.npmjs.org/tmpl/-/tmpl-1.0.5.tgz 0ms (cache hit)
84 http cache tinyglobby@https://registry.npmjs.org/tinyglobby/-/tinyglobby-0.2.17.tgz 0ms (cache hit)
85 http cache throat@https://registry.npmjs.org/throat/-/throat-5.0.0.tgz 0ms (cache hit)
86 http cache thenify-all@https://registry.npmjs.org/thenify-all/-/thenify-all-1.6.0.tgz 0ms (cache hit)
87 http cache thenify@https://registry.npmjs.org/thenify/-/thenify-3.3.1.tgz 0ms (cache hit)
88 http cache test-exclude@https://registry.npmjs.org/test-exclude/-/test-exclude-6.0.0.tgz 0ms (cache hit)
89 http cache terser@https://registry.npmjs.org/terser/-/terser-5.39.0.tgz 0ms (cache hit)
90 http cache temp-dir@https://registry.npmjs.org/temp-dir/-/temp-dir-2.0.0.tgz 0ms (cache hit)
91 http cache terminal-link@https://registry.npmjs.org/terminal-link/-/terminal-link-2.1.1.tgz 0ms (cache hit)
92 http cache tar@https://registry.npmjs.org/tar/-/tar-7.5.22.tgz 0ms (cache hit)
93 http cache supports-preserve-symlinks-flag@https://registry.npmjs.org/supports-preserve-symlinks-flag/-/supports-preserve-symlinks-flag-1.0.0.tgz 0ms (cache hit)
94 http cache supports-hyperlinks@https://registry.npmjs.org/supports-hyperlinks/-/supports-hyperlinks-2.3.0.tgz 0ms (cache hit)
95 http cache supports-color@https://registry.npmjs.org/supports-color/-/supports-color-7.2.0.tgz 0ms (cache hit)
96 http cache sucrase@https://registry.npmjs.org/sucrase/-/sucrase-3.35.1.tgz 0ms (cache hit)
97 http cache strip-json-comments@https://registry.npmjs.org/strip-json-comments/-/strip-json-comments-3.1.1.tgz 0ms (cache hit)
98 http cache styleq@https://registry.npmjs.org/styleq/-/styleq-0.1.3.tgz 0ms (cache hit)
99 http cache structured-headers@https://registry.npmjs.org/structured-headers/-/structured-headers-0.4.1.tgz 0ms (cache hit)
100 http cache strip-final-newline@https://registry.npmjs.org/strip-final-newline/-/strip-final-newline-2.0.0.tgz 0ms (cache hit)
101 http cache strip-bom@https://registry.npmjs.org/strip-bom/-/strip-bom-4.0.0.tgz 0ms (cache hit)
102 http cache strip-ansi@https://registry.npmjs.org/strip-ansi/-/strip-ansi-5.2.0.tgz 0ms (cache hit)
103 http cache string-length@https://registry.npmjs.org/string-length/-/string-length-4.0.2.tgz 0ms (cache hit)
104 http cache strict-uri-encode@https://registry.npmjs.org/strict-uri-encode/-/strict-uri-encode-2.0.0.tgz 0ms (cache hit)
105 http cache stream-buffers@https://registry.npmjs.org/stream-buffers/-/stream-buffers-2.2.0.tgz 0ms (cache hit)
106 http cache statuses@https://registry.npmjs.org/statuses/-/statuses-1.5.0.tgz 0ms (cache hit)
107 http cache stacktrace-parser@https://registry.npmjs.org/stacktrace-parser/-/stacktrace-parser-0.1.11.tgz 0ms (cache hit)
108 http cache stack-utils@https://registry.npmjs.org/stack-utils/-/stack-utils-2.0.6.tgz 0ms (cache hit)
109 http cache stackframe@https://registry.npmjs.org/stackframe/-/stackframe-1.3.4.tgz 0ms (cache hit)
110 http cache sprintf-js@https://registry.npmjs.org/sprintf-js/-/sprintf-js-1.0.3.tgz 0ms (cache hit)
111 http cache split-on-first@https://registry.npmjs.org/split-on-first/-/split-on-first-1.1.0.tgz 0ms (cache hit)
112 http cache source-map-support@https://registry.npmjs.org/source-map-support/-/source-map-support-0.5.21.tgz 0ms (cache hit)
113 http cache source-map-js@https://registry.npmjs.org/source-map-js/-/source-map-js-1.2.1.tgz 0ms (cache hit)
114 http cache source-map@https://registry.npmjs.org/source-map/-/source-map-0.5.7.tgz 0ms (cache hit)
115 http cache slugify@https://registry.npmjs.org/slugify/-/slugify-1.6.6.tgz 0ms (cache hit)
116 http cache slash@https://registry.npmjs.org/slash/-/slash-3.0.0.tgz 0ms (cache hit)
117 http cache sisteransi@https://registry.npmjs.org/sisteransi/-/sisteransi-1.0.5.tgz 0ms (cache hit)
118 http cache simple-swizzle@https://registry.npmjs.org/simple-swizzle/-/simple-swizzle-0.2.2.tgz 1ms (cache hit)
119 http cache simple-plist@https://registry.npmjs.org/simple-plist/-/simple-plist-1.3.1.tgz 0ms (cache hit)
120 http cache signal-exit@https://registry.npmjs.org/signal-exit/-/signal-exit-3.0.7.tgz 0ms (cache hit)
121 http cache shell-quote@https://registry.npmjs.org/shell-quote/-/shell-quote-1.8.3.tgz 0ms (cache hit)
122 http cache shallowequal@https://registry.npmjs.org/shallowequal/-/shallowequal-1.1.0.tgz 0ms (cache hit)
123 http cache shebang-command@https://registry.npmjs.org/shebang-command/-/shebang-command-2.0.0.tgz 0ms (cache hit)
124 http cache shebang-regex@https://registry.npmjs.org/shebang-regex/-/shebang-regex-3.0.0.tgz 0ms (cache hit)
125 http cache sf-symbols-typescript@https://registry.npmjs.org/sf-symbols-typescript/-/sf-symbols-typescript-2.1.0.tgz 0ms (cache hit)
126 http cache setprototypeof@https://registry.npmjs.org/setprototypeof/-/setprototypeof-1.2.0.tgz 0ms (cache hit)
127 http cache setimmediate@https://registry.npmjs.org/setimmediate/-/setimmediate-1.0.5.tgz 0ms (cache hit)
128 http cache server-only@https://registry.npmjs.org/server-only/-/server-only-0.0.1.tgz 0ms (cache hit)
129 http cache serve-static@https://registry.npmjs.org/serve-static/-/serve-static-1.16.2.tgz 0ms (cache hit)
130 http cache serialize-error@https://registry.npmjs.org/serialize-error/-/serialize-error-2.1.0.tgz 0ms (cache hit)
131 http cache send@https://registry.npmjs.org/send/-/send-0.19.2.tgz 0ms (cache hit)
132 http cache semver@https://registry.npmjs.org/semver/-/semver-6.3.1.tgz 0ms (cache hit)
133 http cache safe-buffer@https://registry.npmjs.org/safe-buffer/-/safe-buffer-5.2.1.tgz 0ms (cache hit)
134 http cache sax@https://registry.npmjs.org/sax/-/sax-1.4.1.tgz 0ms (cache hit)
135 http cache rimraf@https://registry.npmjs.org/rimraf/-/rimraf-3.0.2.tgz 0ms (cache hit)
136 http cache restore-cursor@https://registry.npmjs.org/restore-cursor/-/restore-cursor-2.0.0.tgz 0ms (cache hit)
137 http cache resolve.exports@https://registry.npmjs.org/resolve.exports/-/resolve.exports-2.0.3.tgz 0ms (cache hit)
138 http cache resolve-workspace-root@https://registry.npmjs.org/resolve-workspace-root/-/resolve-workspace-root-2.0.0.tgz 0ms (cache hit)
139 http cache resolve-global@https://registry.npmjs.org/resolve-global/-/resolve-global-1.0.0.tgz 0ms (cache hit)
140 http cache resolve-from@https://registry.npmjs.org/resolve-from/-/resolve-from-5.0.0.tgz 0ms (cache hit)
141 http cache resolve@https://registry.npmjs.org/resolve/-/resolve-1.22.12.tgz 0ms (cache hit)
142 http cache resolve-cwd@https://registry.npmjs.org/resolve-cwd/-/resolve-cwd-3.0.0.tgz 0ms (cache hit)
143 http cache requireg@https://registry.npmjs.org/requireg/-/requireg-0.2.2.tgz 0ms (cache hit)
144 http cache require-from-string@https://registry.npmjs.org/require-from-string/-/require-from-string-2.0.2.tgz 0ms (cache hit)
145 http cache require-directory@https://registry.npmjs.org/require-directory/-/require-directory-2.1.1.tgz 0ms (cache hit)
146 http cache regjsparser@https://registry.npmjs.org/regjsparser/-/regjsparser-0.13.0.tgz 0ms (cache hit)
147 http cache regjsgen@https://registry.npmjs.org/regjsgen/-/regjsgen-0.8.0.tgz 0ms (cache hit)
148 http cache regenerator-runtime@https://registry.npmjs.org/regenerator-runtime/-/regenerator-runtime-0.14.1.tgz 0ms (cache hit)
149 http cache regexpu-core@https://registry.npmjs.org/regexpu-core/-/regexpu-core-6.4.0.tgz 0ms (cache hit)
150 http cache regenerate-unicode-properties@https://registry.npmjs.org/regenerate-unicode-properties/-/regenerate-unicode-properties-10.2.2.tgz 0ms (cache hit)
151 http cache react-style-singleton@https://registry.npmjs.org/react-style-singleton/-/react-style-singleton-2.2.3.tgz 0ms (cache hit)
152 http cache regenerate@https://registry.npmjs.org/regenerate/-/regenerate-1.4.2.tgz 0ms (cache hit)
153 http cache react-remove-scroll-bar@https://registry.npmjs.org/react-remove-scroll-bar/-/react-remove-scroll-bar-2.3.8.tgz 0ms (cache hit)
154 http cache react-remove-scroll@https://registry.npmjs.org/react-remove-scroll/-/react-remove-scroll-2.7.2.tgz 0ms (cache hit)
155 http cache react-refresh@https://registry.npmjs.org/react-refresh/-/react-refresh-0.14.2.tgz 0ms (cache hit)
156 http cache react-native-worklets@https://registry.npmjs.org/react-native-worklets/-/react-native-worklets-0.5.1.tgz 0ms (cache hit)
157 http cache react-native-webview@https://registry.npmjs.org/react-native-webview/-/react-native-webview-13.15.0.tgz 0ms (cache hit)
158 http cache react-native-web@https://registry.npmjs.org/react-native-web/-/react-native-web-0.21.2.tgz 0ms (cache hit)
159 http cache react-native-size-matters@https://registry.npmjs.org/react-native-size-matters/-/react-native-size-matters-0.4.2.tgz 0ms (cache hit)
160 http cache react-native-screens@https://registry.npmjs.org/react-native-screens/-/react-native-screens-4.16.0.tgz 0ms (cache hit)
161 http cache react-native-safe-area-context@https://registry.npmjs.org/react-native-safe-area-context/-/react-native-safe-area-context-5.6.2.tgz 0ms (cache hit)
162 http cache react-native-reanimated@https://registry.npmjs.org/react-native-reanimated/-/react-native-reanimated-4.1.6.tgz 0ms (cache hit)
163 http cache react-native-paper@https://registry.npmjs.org/react-native-paper/-/react-native-paper-5.14.5.tgz 0ms (cache hit)
164 http cache react-native-is-edge-to-edge@https://registry.npmjs.org/react-native-is-edge-to-edge/-/react-native-is-edge-to-edge-1.2.1.tgz 0ms (cache hit)
165 http cache react-native-gesture-handler@https://registry.npmjs.org/react-native-gesture-handler/-/react-native-gesture-handler-2.28.0.tgz 1ms (cache hit)
166 http cache react-native-image-picker@https://registry.npmjs.org/react-native-image-picker/-/react-native-image-picker-8.2.1.tgz 0ms (cache hit)
167 http cache react-native@https://registry.npmjs.org/react-native/-/react-native-0.81.5.tgz 0ms (cache hit)
168 http cache react-native-fbsdk-next@https://registry.npmjs.org/react-native-fbsdk-next/-/react-native-fbsdk-next-13.4.1.tgz 0ms (cache hit)
169 http cache react-is@https://registry.npmjs.org/react-is/-/react-is-18.3.1.tgz 0ms (cache hit)
170 http cache react-freeze@https://registry.npmjs.org/react-freeze/-/react-freeze-1.0.4.tgz 0ms (cache hit)
171 http cache react-fast-compare@https://registry.npmjs.org/react-fast-compare/-/react-fast-compare-3.2.2.tgz 0ms (cache hit)
172 http cache react-devtools-core@https://registry.npmjs.org/react-devtools-core/-/react-devtools-core-6.1.5.tgz 0ms (cache hit)
173 http cache react-dom@https://registry.npmjs.org/react-dom/-/react-dom-19.1.0.tgz 0ms (cache hit)
174 http cache react@https://registry.npmjs.org/react/-/react-19.1.0.tgz 0ms (cache hit)
175 http cache rc@https://registry.npmjs.org/rc/-/rc-1.2.8.tgz 0ms (cache hit)
176 http cache range-parser@https://registry.npmjs.org/range-parser/-/range-parser-1.2.1.tgz 0ms (cache hit)
177 http cache query-string@https://registry.npmjs.org/query-string/-/query-string-7.1.3.tgz 0ms (cache hit)
178 http cache pure-rand@https://registry.npmjs.org/pure-rand/-/pure-rand-6.1.0.tgz 0ms (cache hit)
179 http cache qrcode-terminal@https://registry.npmjs.org/qrcode-terminal/-/qrcode-terminal-0.11.0.tgz 0ms (cache hit)
180 http cache punycode@https://registry.npmjs.org/punycode/-/punycode-2.3.1.tgz 0ms (cache hit)
181 http cache proxy-from-env@https://registry.npmjs.org/proxy-from-env/-/proxy-from-env-1.1.0.tgz 0ms (cache hit)
182 http cache prompts@https://registry.npmjs.org/prompts/-/prompts-2.4.2.tgz 0ms (cache hit)
183 http cache queue@https://registry.npmjs.org/queue/-/queue-6.0.2.tgz 0ms (cache hit)
184 http cache progress@https://registry.npmjs.org/progress/-/progress-2.0.3.tgz 0ms (cache hit)
185 http cache promise@https://registry.npmjs.org/promise/-/promise-7.3.1.tgz 0ms (cache hit)
186 http cache proc-log@https://registry.npmjs.org/proc-log/-/proc-log-4.2.0.tgz 0ms (cache hit)
187 http cache pretty-format@https://registry.npmjs.org/pretty-format/-/pretty-format-29.7.0.tgz 0ms (cache hit)
188 http cache pretty-bytes@https://registry.npmjs.org/pretty-bytes/-/pretty-bytes-5.6.0.tgz 0ms (cache hit)
189 http cache postcss-value-parser@https://registry.npmjs.org/postcss-value-parser/-/postcss-value-parser-4.2.0.tgz 0ms (cache hit)
190 http cache postcss@https://registry.npmjs.org/postcss/-/postcss-8.4.49.tgz 0ms (cache hit)
191 http cache pngjs@https://registry.npmjs.org/pngjs/-/pngjs-3.4.0.tgz 0ms (cache hit)
192 http cache plist@https://registry.npmjs.org/plist/-/plist-3.1.0.tgz 0ms (cache hit)
193 http cache pkg-dir@https://registry.npmjs.org/pkg-dir/-/pkg-dir-4.2.0.tgz 0ms (cache hit)
194 http cache pirates@https://registry.npmjs.org/pirates/-/pirates-4.0.6.tgz 0ms (cache hit)
195 http cache picomatch@https://registry.npmjs.org/picomatch/-/picomatch-4.0.5.tgz 0ms (cache hit)
196 http cache picocolors@https://registry.npmjs.org/picocolors/-/picocolors-1.1.1.tgz 0ms (cache hit)
197 http cache path-scurry@https://registry.npmjs.org/path-scurry/-/path-scurry-2.0.2.tgz 0ms (cache hit)
198 http cache path-parse@https://registry.npmjs.org/path-parse/-/path-parse-1.0.7.tgz 0ms (cache hit)
199 http cache path-key@https://registry.npmjs.org/path-key/-/path-key-3.1.1.tgz 0ms (cache hit)
200 http cache path-exists@https://registry.npmjs.org/path-exists/-/path-exists-4.0.0.tgz 0ms (cache hit)
201 http cache path-is-absolute@https://registry.npmjs.org/path-is-absolute/-/path-is-absolute-1.0.1.tgz 0ms (cache hit)
202 http cache parseurl@https://registry.npmjs.org/parseurl/-/parseurl-1.3.3.tgz 0ms (cache hit)
203 http cache parse-png@https://registry.npmjs.org/parse-png/-/parse-png-2.1.0.tgz 0ms (cache hit)
204 http cache parse-json@https://registry.npmjs.org/parse-json/-/parse-json-5.2.0.tgz 0ms (cache hit)
205 http cache p-limit@https://registry.npmjs.org/p-limit/-/p-limit-3.1.0.tgz 0ms (cache hit)
206 http cache p-try@https://registry.npmjs.org/p-try/-/p-try-2.2.0.tgz 0ms (cache hit)
207 http cache ora@https://registry.npmjs.org/ora/-/ora-3.4.0.tgz 0ms (cache hit)
208 http cache open@https://registry.npmjs.org/open/-/open-7.4.2.tgz 0ms (cache hit)
209 http cache onetime@https://registry.npmjs.org/onetime/-/onetime-2.0.1.tgz 0ms (cache hit)
210 http cache once@https://registry.npmjs.org/once/-/once-1.4.0.tgz 0ms (cache hit)
211 http cache on-finished@https://registry.npmjs.org/on-finished/-/on-finished-2.3.0.tgz 0ms (cache hit)
212 http cache on-headers@https://registry.npmjs.org/on-headers/-/on-headers-1.1.0.tgz 0ms (cache hit)
213 http cache object-assign@https://registry.npmjs.org/object-assign/-/object-assign-4.1.1.tgz 0ms (cache hit)
214 http cache ob1@https://registry.npmjs.org/ob1/-/ob1-0.83.3.tgz 0ms (cache hit)
215 http cache nullthrows@https://registry.npmjs.org/nullthrows/-/nullthrows-1.1.1.tgz 0ms (cache hit)
216 http cache normalize-path@https://registry.npmjs.org/normalize-path/-/normalize-path-3.0.0.tgz 0ms (cache hit)
217 http cache node-releases@https://registry.npmjs.org/node-releases/-/node-releases-2.0.27.tgz 0ms (cache hit)
218 http cache node-int64@https://registry.npmjs.org/node-int64/-/node-int64-0.4.0.tgz 0ms (cache hit)
219 http cache npm-package-arg@https://registry.npmjs.org/npm-package-arg/-/npm-package-arg-11.0.3.tgz 0ms (cache hit)
220 http cache node-forge@https://registry.npmjs.org/node-forge/-/node-forge-1.4.0.tgz 0ms (cache hit)
221 http cache node-fetch@https://registry.npmjs.org/node-fetch/-/node-fetch-2.7.0.tgz 0ms (cache hit)
222 http cache nested-error-stacks@https://registry.npmjs.org/nested-error-stacks/-/nested-error-stacks-2.0.1.tgz 0ms (cache hit)
223 http cache negotiator@https://registry.npmjs.org/negotiator/-/negotiator-0.6.3.tgz 0ms (cache hit)
224 http cache natural-compare@https://registry.npmjs.org/natural-compare/-/natural-compare-1.4.0.tgz 0ms (cache hit)
225 http cache nanoid@https://registry.npmjs.org/nanoid/-/nanoid-3.3.11.tgz 0ms (cache hit)
226 http cache mz@https://registry.npmjs.org/mz/-/mz-2.7.0.tgz 0ms (cache hit)
227 http cache minizlib@https://registry.npmjs.org/minizlib/-/minizlib-3.1.0.tgz 0ms (cache hit)
228 http cache ms@https://registry.npmjs.org/ms/-/ms-2.1.3.tgz 0ms (cache hit)
229 http cache minipass@https://registry.npmjs.org/minipass/-/minipass-7.1.3.tgz 0ms (cache hit)
230 http cache minimist@https://registry.npmjs.org/minimist/-/minimist-1.2.8.tgz 0ms (cache hit)
231 http cache minimatch@https://registry.npmjs.org/minimatch/-/minimatch-3.1.2.tgz 0ms (cache hit)
232 http cache mime-types@https://registry.npmjs.org/mime-types/-/mime-types-2.1.35.tgz 0ms (cache hit)
233 http cache mime-db@https://registry.npmjs.org/mime-db/-/mime-db-1.54.0.tgz 0ms (cache hit)
234 http cache mimic-fn@https://registry.npmjs.org/mimic-fn/-/mimic-fn-1.2.0.tgz 0ms (cache hit)
235 http cache mime@https://registry.npmjs.org/mime/-/mime-1.6.0.tgz 0ms (cache hit)
236 http cache micromatch@https://registry.npmjs.org/micromatch/-/micromatch-4.0.8.tgz 0ms (cache hit)
237 http cache metro-transform-worker@https://registry.npmjs.org/metro-transform-worker/-/metro-transform-worker-0.83.3.tgz 0ms (cache hit)
238 http cache metro-transform-plugins@https://registry.npmjs.org/metro-transform-plugins/-/metro-transform-plugins-0.83.3.tgz 0ms (cache hit)
239 http cache metro-symbolicate@https://registry.npmjs.org/metro-symbolicate/-/metro-symbolicate-0.83.3.tgz 0ms (cache hit)
240 http cache metro-source-map@https://registry.npmjs.org/metro-source-map/-/metro-source-map-0.83.3.tgz 0ms (cache hit)
241 http cache metro-runtime@https://registry.npmjs.org/metro-runtime/-/metro-runtime-0.83.3.tgz 0ms (cache hit)
242 http cache metro-resolver@https://registry.npmjs.org/metro-resolver/-/metro-resolver-0.83.3.tgz 0ms (cache hit)
243 http cache metro-minify-terser@https://registry.npmjs.org/metro-minify-terser/-/metro-minify-terser-0.83.3.tgz 0ms (cache hit)
244 http cache metro-file-map@https://registry.npmjs.org/metro-file-map/-/metro-file-map-0.83.3.tgz 0ms (cache hit)
245 http cache metro-core@https://registry.npmjs.org/metro-core/-/metro-core-0.83.3.tgz 0ms (cache hit)
246 http cache metro-config@https://registry.npmjs.org/metro-config/-/metro-config-0.83.3.tgz 0ms (cache hit)
247 http cache metro-cache-key@https://registry.npmjs.org/metro-cache-key/-/metro-cache-key-0.83.3.tgz 0ms (cache hit)
248 http cache metro-cache@https://registry.npmjs.org/metro-cache/-/metro-cache-0.83.3.tgz 0ms (cache hit)
249 http cache metro-babel-transformer@https://registry.npmjs.org/metro-babel-transformer/-/metro-babel-transformer-0.83.3.tgz 0ms (cache hit)
250 http cache metro@https://registry.npmjs.org/metro/-/metro-0.83.3.tgz 0ms (cache hit)
251 http cache merge-stream@https://registry.npmjs.org/merge-stream/-/merge-stream-2.0.0.tgz 0ms (cache hit)
252 http cache merge-options@https://registry.npmjs.org/merge-options/-/merge-options-3.0.4.tgz 0ms (cache hit)
253 http cache memoize-one@https://registry.npmjs.org/memoize-one/-/memoize-one-5.2.1.tgz 0ms (cache hit)
254 http cache math-intrinsics@https://registry.npmjs.org/math-intrinsics/-/math-intrinsics-1.1.0.tgz 0ms (cache hit)
255 http cache makeerror@https://registry.npmjs.org/makeerror/-/makeerror-1.0.12.tgz 0ms (cache hit)
256 http cache marky@https://registry.npmjs.org/marky/-/marky-1.2.5.tgz 0ms (cache hit)
257 http cache make-dir@https://registry.npmjs.org/make-dir/-/make-dir-4.0.0.tgz 0ms (cache hit)
258 http cache lru-cache@https://registry.npmjs.org/lru-cache/-/lru-cache-5.1.1.tgz 0ms (cache hit)
259 http cache log-symbols@https://registry.npmjs.org/log-symbols/-/log-symbols-2.2.0.tgz 0ms (cache hit)
260 http cache lodash.throttle@https://registry.npmjs.org/lodash.throttle/-/lodash.throttle-4.1.1.tgz 0ms (cache hit)
261 http cache loose-envify@https://registry.npmjs.org/loose-envify/-/loose-envify-1.4.0.tgz 0ms (cache hit)
262 http cache lodash.debounce@https://registry.npmjs.org/lodash.debounce/-/lodash.debounce-4.0.8.tgz 0ms (cache hit)
263 http cache lines-and-columns@https://registry.npmjs.org/lines-and-columns/-/lines-and-columns-1.2.4.tgz 0ms (cache hit)
264 http cache lightningcss-linux-x64-gnu@https://registry.npmjs.org/lightningcss-linux-x64-gnu/-/lightningcss-linux-x64-gnu-1.33.0.tgz 0ms (cache hit)
265 http cache lightningcss-linux-x64-musl@https://registry.npmjs.org/lightningcss-linux-x64-musl/-/lightningcss-linux-x64-musl-1.33.0.tgz 0ms (cache hit)
266 http cache lightningcss@https://registry.npmjs.org/lightningcss/-/lightningcss-1.33.0.tgz 0ms (cache hit)
267 http cache lighthouse-logger@https://registry.npmjs.org/lighthouse-logger/-/lighthouse-logger-1.4.2.tgz 0ms (cache hit)
268 http cache lan-network@https://registry.npmjs.org/lan-network/-/lan-network-0.2.1.tgz 0ms (cache hit)
269 http cache leven@https://registry.npmjs.org/leven/-/leven-3.1.0.tgz 0ms (cache hit)
270 http cache json5@https://registry.npmjs.org/json5/-/json5-2.2.3.tgz 0ms (cache hit)
271 http cache json-schema-traverse@https://registry.npmjs.org/json-schema-traverse/-/json-schema-traverse-1.0.0.tgz 0ms (cache hit)
272 http cache kleur@https://registry.npmjs.org/kleur/-/kleur-3.0.3.tgz 0ms (cache hit)
273 http cache json-parse-even-better-errors@https://registry.npmjs.org/json-parse-even-better-errors/-/json-parse-even-better-errors-2.3.1.tgz 0ms (cache hit)
274 http cache jsesc@https://registry.npmjs.org/jsesc/-/jsesc-3.1.0.tgz 0ms (cache hit)
275 http cache jsc-safe-url@https://registry.npmjs.org/jsc-safe-url/-/jsc-safe-url-0.2.4.tgz 0ms (cache hit)
276 http cache js-yaml@https://registry.npmjs.org/js-yaml/-/js-yaml-3.14.1.tgz 0ms (cache hit)
277 http cache js-tokens@https://registry.npmjs.org/js-tokens/-/js-tokens-4.0.0.tgz 0ms (cache hit)
278 http cache jimp-compact@https://registry.npmjs.org/jimp-compact/-/jimp-compact-0.16.1.tgz 0ms (cache hit)
279 http cache jest-worker@https://registry.npmjs.org/jest-worker/-/jest-worker-29.7.0.tgz 0ms (cache hit)
280 http cache jest-util@https://registry.npmjs.org/jest-util/-/jest-util-29.7.0.tgz 0ms (cache hit)
281 http cache jest-validate@https://registry.npmjs.org/jest-validate/-/jest-validate-29.7.0.tgz 0ms (cache hit)
282 http cache jest-watcher@https://registry.npmjs.org/jest-watcher/-/jest-watcher-29.7.0.tgz 0ms (cache hit)
283 http cache jest-snapshot@https://registry.npmjs.org/jest-snapshot/-/jest-snapshot-29.7.0.tgz 0ms (cache hit)
284 http cache jest-runtime@https://registry.npmjs.org/jest-runtime/-/jest-runtime-29.7.0.tgz 0ms (cache hit)
285 http cache jest-runner@https://registry.npmjs.org/jest-runner/-/jest-runner-29.7.0.tgz 0ms (cache hit)
286 http cache jest-resolve-dependencies@https://registry.npmjs.org/jest-resolve-dependencies/-/jest-resolve-dependencies-29.7.0.tgz 0ms (cache hit)
287 http cache jest-resolve@https://registry.npmjs.org/jest-resolve/-/jest-resolve-29.7.0.tgz 0ms (cache hit)
288 http cache jest-regex-util@https://registry.npmjs.org/jest-regex-util/-/jest-regex-util-29.6.3.tgz 0ms (cache hit)
289 http cache jest-pnp-resolver@https://registry.npmjs.org/jest-pnp-resolver/-/jest-pnp-resolver-1.2.3.tgz 0ms (cache hit)
290 http cache jest-mock@https://registry.npmjs.org/jest-mock/-/jest-mock-29.7.0.tgz 0ms (cache hit)
291 http cache jest-matcher-utils@https://registry.npmjs.org/jest-matcher-utils/-/jest-matcher-utils-29.7.0.tgz 0ms (cache hit)
292 http cache jest-message-util@https://registry.npmjs.org/jest-message-util/-/jest-message-util-29.7.0.tgz 1ms (cache hit)
293 http cache jest-leak-detector@https://registry.npmjs.org/jest-leak-detector/-/jest-leak-detector-29.7.0.tgz 0ms (cache hit)
294 http cache jest-haste-map@https://registry.npmjs.org/jest-haste-map/-/jest-haste-map-29.7.0.tgz 0ms (cache hit)
295 http cache jest-get-type@https://registry.npmjs.org/jest-get-type/-/jest-get-type-29.6.3.tgz 0ms (cache hit)
296 http cache jest-environment-node@https://registry.npmjs.org/jest-environment-node/-/jest-environment-node-29.7.0.tgz 0ms (cache hit)
297 http cache jest-each@https://registry.npmjs.org/jest-each/-/jest-each-29.7.0.tgz 0ms (cache hit)
298 http cache jest-diff@https://registry.npmjs.org/jest-diff/-/jest-diff-29.7.0.tgz 0ms (cache hit)
299 http cache jest-docblock@https://registry.npmjs.org/jest-docblock/-/jest-docblock-29.7.0.tgz 0ms (cache hit)
300 http cache jest-circus@https://registry.npmjs.org/jest-circus/-/jest-circus-29.7.0.tgz 0ms (cache hit)
301 http cache jest-config@https://registry.npmjs.org/jest-config/-/jest-config-29.7.0.tgz 0ms (cache hit)
302 http cache jest-cli@https://registry.npmjs.org/jest-cli/-/jest-cli-29.7.0.tgz 0ms (cache hit)
303 http cache jest-changed-files@https://registry.npmjs.org/jest-changed-files/-/jest-changed-files-29.7.0.tgz 0ms (cache hit)
304 http cache istanbul-reports@https://registry.npmjs.org/istanbul-reports/-/istanbul-reports-3.1.7.tgz 0ms (cache hit)
305 http cache istanbul-lib-source-maps@https://registry.npmjs.org/istanbul-lib-source-maps/-/istanbul-lib-source-maps-4.0.1.tgz 0ms (cache hit)
306 http cache jest@https://registry.npmjs.org/jest/-/jest-29.7.0.tgz 0ms (cache hit)
307 http cache istanbul-lib-instrument@https://registry.npmjs.org/istanbul-lib-instrument/-/istanbul-lib-instrument-6.0.3.tgz 0ms (cache hit)
308 http cache istanbul-lib-report@https://registry.npmjs.org/istanbul-lib-report/-/istanbul-lib-report-3.0.1.tgz 0ms (cache hit)
309 http cache istanbul-lib-coverage@https://registry.npmjs.org/istanbul-lib-coverage/-/istanbul-lib-coverage-3.2.2.tgz 0ms (cache hit)
310 http cache is-wsl@https://registry.npmjs.org/is-wsl/-/is-wsl-2.2.0.tgz 0ms (cache hit)
311 http cache isexe@https://registry.npmjs.org/isexe/-/isexe-2.0.0.tgz 0ms (cache hit)
312 http cache is-plain-obj@https://registry.npmjs.org/is-plain-obj/-/is-plain-obj-2.1.0.tgz 0ms (cache hit)
313 http cache is-number@https://registry.npmjs.org/is-number/-/is-number-7.0.0.tgz 0ms (cache hit)
314 http cache is-docker@https://registry.npmjs.org/is-docker/-/is-docker-2.2.1.tgz 0ms (cache hit)
315 http cache is-generator-fn@https://registry.npmjs.org/is-generator-fn/-/is-generator-fn-2.1.0.tgz 0ms (cache hit)
316 http cache is-fullwidth-code-point@https://registry.npmjs.org/is-fullwidth-code-point/-/is-fullwidth-code-point-3.0.0.tgz 0ms (cache hit)
317 http cache is-core-module@https://registry.npmjs.org/is-core-module/-/is-core-module-2.16.1.tgz 0ms (cache hit)
318 http cache is-arrayish@https://registry.npmjs.org/is-arrayish/-/is-arrayish-0.2.1.tgz 0ms (cache hit)
319 http cache invariant@https://registry.npmjs.org/invariant/-/invariant-2.2.4.tgz 0ms (cache hit)
320 http cache inline-style-prefixer@https://registry.npmjs.org/inline-style-prefixer/-/inline-style-prefixer-7.0.1.tgz 0ms (cache hit)
321 http cache ini@https://registry.npmjs.org/ini/-/ini-1.3.8.tgz 0ms (cache hit)
322 http cache inherits@https://registry.npmjs.org/inherits/-/inherits-2.0.4.tgz 0ms (cache hit)
323 http cache imurmurhash@https://registry.npmjs.org/imurmurhash/-/imurmurhash-0.1.4.tgz 0ms (cache hit)
324 http cache import-local@https://registry.npmjs.org/import-local/-/import-local-3.2.0.tgz 0ms (cache hit)
325 http cache image-size@https://registry.npmjs.org/image-size/-/image-size-1.2.0.tgz 0ms (cache hit)
326 http cache inflight@https://registry.npmjs.org/inflight/-/inflight-1.0.6.tgz 0ms (cache hit)
327 http cache ignore@https://registry.npmjs.org/ignore/-/ignore-5.3.2.tgz 0ms (cache hit)
328 http cache hyphenate-style-name@https://registry.npmjs.org/hyphenate-style-name/-/hyphenate-style-name-1.1.0.tgz 0ms (cache hit)
329 http cache ieee754@https://registry.npmjs.org/ieee754/-/ieee754-1.2.1.tgz 0ms (cache hit)
330 http cache human-signals@https://registry.npmjs.org/human-signals/-/human-signals-2.1.0.tgz 0ms (cache hit)
331 http cache html-escaper@https://registry.npmjs.org/html-escaper/-/html-escaper-2.0.2.tgz 0ms (cache hit)
332 http cache http-errors@https://registry.npmjs.org/http-errors/-/http-errors-2.0.0.tgz 0ms (cache hit)
333 http cache hosted-git-info@https://registry.npmjs.org/hosted-git-info/-/hosted-git-info-7.0.2.tgz 0ms (cache hit)
334 http cache hoist-non-react-statics@https://registry.npmjs.org/hoist-non-react-statics/-/hoist-non-react-statics-3.3.2.tgz 0ms (cache hit)
335 http cache hermes-parser@https://registry.npmjs.org/hermes-parser/-/hermes-parser-0.29.1.tgz 0ms (cache hit)
336 http cache hermes-estree@https://registry.npmjs.org/hermes-estree/-/hermes-estree-0.29.1.tgz 0ms (cache hit)
337 http cache hasown@https://registry.npmjs.org/hasown/-/hasown-2.0.2.tgz 0ms (cache hit)
338 http cache has-tostringtag@https://registry.npmjs.org/has-tostringtag/-/has-tostringtag-1.0.2.tgz 0ms (cache hit)
339 http cache has-symbols@https://registry.npmjs.org/has-symbols/-/has-symbols-1.1.0.tgz 0ms (cache hit)
340 http cache has-flag@https://registry.npmjs.org/has-flag/-/has-flag-4.0.0.tgz 0ms (cache hit)
341 http cache graceful-fs@https://registry.npmjs.org/graceful-fs/-/graceful-fs-4.2.11.tgz 0ms (cache hit)
342 http cache gopd@https://registry.npmjs.org/gopd/-/gopd-1.2.0.tgz 0ms (cache hit)
343 http cache glob@https://registry.npmjs.org/glob/-/glob-13.0.6.tgz 0ms (cache hit)
344 http cache globals@https://registry.npmjs.org/globals/-/globals-11.12.0.tgz 0ms (cache hit)
345 http cache global-dirs@https://registry.npmjs.org/global-dirs/-/global-dirs-0.1.1.tgz 1ms (cache hit)
346 http cache getenv@https://registry.npmjs.org/getenv/-/getenv-2.0.0.tgz 0ms (cache hit)
347 http cache get-proto@https://registry.npmjs.org/get-proto/-/get-proto-1.0.1.tgz 0ms (cache hit)
348 http cache get-package-type@https://registry.npmjs.org/get-package-type/-/get-package-type-0.1.0.tgz 0ms (cache hit)
349 http cache get-nonce@https://registry.npmjs.org/get-nonce/-/get-nonce-1.0.1.tgz 0ms (cache hit)
350 http cache get-intrinsic@https://registry.npmjs.org/get-intrinsic/-/get-intrinsic-1.3.0.tgz 0ms (cache hit)
351 http cache get-caller-file@https://registry.npmjs.org/get-caller-file/-/get-caller-file-2.0.5.tgz 0ms (cache hit)
352 http cache gensync@https://registry.npmjs.org/gensync/-/gensync-1.0.0-beta.2.tgz 0ms (cache hit)
353 http cache function-bind@https://registry.npmjs.org/function-bind/-/function-bind-1.1.2.tgz 0ms (cache hit)
354 http cache fs.realpath@https://registry.npmjs.org/fs.realpath/-/fs.realpath-1.0.0.tgz 0ms (cache hit)
355 http cache fresh@https://registry.npmjs.org/fresh/-/fresh-0.5.2.tgz 0ms (cache hit)
356 http cache freeport-async@https://registry.npmjs.org/freeport-async/-/freeport-async-2.0.0.tgz 0ms (cache hit)
357 http cache fontfaceobserver@https://registry.npmjs.org/fontfaceobserver/-/fontfaceobserver-2.3.0.tgz 0ms (cache hit)
358 http cache flow-enums-runtime@https://registry.npmjs.org/flow-enums-runtime/-/flow-enums-runtime-0.0.6.tgz 0ms (cache hit)
359 http cache follow-redirects@https://registry.npmjs.org/follow-redirects/-/follow-redirects-1.15.9.tgz 0ms (cache hit)
360 http cache finalhandler@https://registry.npmjs.org/finalhandler/-/finalhandler-1.1.2.tgz 0ms (cache hit)
361 http cache filter-obj@https://registry.npmjs.org/filter-obj/-/filter-obj-1.1.0.tgz 0ms (cache hit)
362 http cache fill-range@https://registry.npmjs.org/fill-range/-/fill-range-7.1.1.tgz 0ms (cache hit)
363 http cache fdir@https://registry.npmjs.org/fdir/-/fdir-6.5.0.tgz 0ms (cache hit)
364 http cache fbjs-css-vars@https://registry.npmjs.org/fbjs-css-vars/-/fbjs-css-vars-1.0.2.tgz 0ms (cache hit)
365 http cache fbjs@https://registry.npmjs.org/fbjs/-/fbjs-3.0.5.tgz 0ms (cache hit)
366 http cache fb-watchman@https://registry.npmjs.org/fb-watchman/-/fb-watchman-2.0.2.tgz 0ms (cache hit)
367 http cache fast-uri@https://registry.npmjs.org/fast-uri/-/fast-uri-3.0.6.tgz 0ms (cache hit)
368 http cache exponential-backoff@https://registry.npmjs.org/exponential-backoff/-/exponential-backoff-3.1.2.tgz 0ms (cache hit)
369 http cache fast-deep-equal@https://registry.npmjs.org/fast-deep-equal/-/fast-deep-equal-3.1.3.tgz 0ms (cache hit)
370 http cache fast-json-stable-stringify@https://registry.npmjs.org/fast-json-stable-stringify/-/fast-json-stable-stringify-2.1.0.tgz 0ms (cache hit)
371 http cache expo-updates-interface@https://registry.npmjs.org/expo-updates-interface/-/expo-updates-interface-2.0.0.tgz 0ms (cache hit)
372 http cache expo-web-browser@https://registry.npmjs.org/expo-web-browser/-/expo-web-browser-15.0.10.tgz 0ms (cache hit)
373 http cache expo-system-ui@https://registry.npmjs.org/expo-system-ui/-/expo-system-ui-6.0.9.tgz 0ms (cache hit)
374 http cache expo-symbols@https://registry.npmjs.org/expo-symbols/-/expo-symbols-1.0.8.tgz 0ms (cache hit)
375 http cache expo-status-bar@https://registry.npmjs.org/expo-status-bar/-/expo-status-bar-3.0.9.tgz 0ms (cache hit)
376 http cache expo-splash-screen@https://registry.npmjs.org/expo-splash-screen/-/expo-splash-screen-31.0.13.tgz 0ms (cache hit)
377 http cache expo-server@https://registry.npmjs.org/expo-server/-/expo-server-1.0.7.tgz 0ms (cache hit)
378 http cache expo-secure-store@https://registry.npmjs.org/expo-secure-store/-/expo-secure-store-15.0.8.tgz 0ms (cache hit)
379 http cache expo-router@https://registry.npmjs.org/expo-router/-/expo-router-6.0.21.tgz 0ms (cache hit)
380 http cache expo-modules-autolinking@https://registry.npmjs.org/expo-modules-autolinking/-/expo-modules-autolinking-3.0.26.tgz 0ms (cache hit)
381 http cache expo-modules-core@https://registry.npmjs.org/expo-modules-core/-/expo-modules-core-3.0.30.tgz 0ms (cache hit)
382 http cache expo-linking@https://registry.npmjs.org/expo-linking/-/expo-linking-8.0.11.tgz 0ms (cache hit)
383 http cache expo-manifests@https://registry.npmjs.org/expo-manifests/-/expo-manifests-1.0.10.tgz 0ms (cache hit)
384 http cache expo-keep-awake@https://registry.npmjs.org/expo-keep-awake/-/expo-keep-awake-15.0.8.tgz 0ms (cache hit)
385 http cache expo-json-utils@https://registry.npmjs.org/expo-json-utils/-/expo-json-utils-0.15.0.tgz 0ms (cache hit)
386 http cache expo-image-picker@https://registry.npmjs.org/expo-image-picker/-/expo-image-picker-17.0.10.tgz 0ms (cache hit)
387 http cache expo-font@https://registry.npmjs.org/expo-font/-/expo-font-14.0.10.tgz 0ms (cache hit)
388 http cache expo-haptics@https://registry.npmjs.org/expo-haptics/-/expo-haptics-15.0.8.tgz 0ms (cache hit)
389 http cache expo-dev-menu-interface@https://registry.npmjs.org/expo-dev-menu-interface/-/expo-dev-menu-interface-2.0.0.tgz 0ms (cache hit)
390 http cache expo-image-loader@https://registry.npmjs.org/expo-image-loader/-/expo-image-loader-6.0.0.tgz 0ms (cache hit)
391 http cache expo-dev-launcher@https://registry.npmjs.org/expo-dev-launcher/-/expo-dev-launcher-6.0.20.tgz 0ms (cache hit)
392 http cache expo-dev-menu@https://registry.npmjs.org/expo-dev-menu/-/expo-dev-menu-7.0.18.tgz 0ms (cache hit)
393 http cache expo-dev-client@https://registry.npmjs.org/expo-dev-client/-/expo-dev-client-6.0.20.tgz 0ms (cache hit)
394 http cache expo-constants@https://registry.npmjs.org/expo-constants/-/expo-constants-18.0.13.tgz 0ms (cache hit)
395 http cache expo-blur@https://registry.npmjs.org/expo-blur/-/expo-blur-15.0.8.tgz 0ms (cache hit)
396 http cache expo@https://registry.npmjs.org/expo/-/expo-54.0.36.tgz 0ms (cache hit)
397 http cache expect@https://registry.npmjs.org/expect/-/expect-29.7.0.tgz 0ms (cache hit)
398 http cache exit@https://registry.npmjs.org/exit/-/exit-0.1.2.tgz 0ms (cache hit)
399 http cache event-target-shim@https://registry.npmjs.org/event-target-shim/-/event-target-shim-5.0.1.tgz 0ms (cache hit)
400 http cache etag@https://registry.npmjs.org/etag/-/etag-1.8.1.tgz 0ms (cache hit)
401 http cache esprima@https://registry.npmjs.org/esprima/-/esprima-4.0.1.tgz 0ms (cache hit)
402 http cache escape-string-regexp@https://registry.npmjs.org/escape-string-regexp/-/escape-string-regexp-4.0.0.tgz 0ms (cache hit)
403 http cache escape-html@https://registry.npmjs.org/escape-html/-/escape-html-1.0.3.tgz 0ms (cache hit)
404 http cache escalade@https://registry.npmjs.org/escalade/-/escalade-3.2.0.tgz 0ms (cache hit)
405 http cache es-set-tostringtag@https://registry.npmjs.org/es-set-tostringtag/-/es-set-tostringtag-2.1.0.tgz 0ms (cache hit)
406 http cache es-object-atoms@https://registry.npmjs.org/es-object-atoms/-/es-object-atoms-1.1.1.tgz 0ms (cache hit)
407 http cache es-errors@https://registry.npmjs.org/es-errors/-/es-errors-1.3.0.tgz 0ms (cache hit)
408 http cache es-define-property@https://registry.npmjs.org/es-define-property/-/es-define-property-1.0.1.tgz 0ms (cache hit)
409 http cache error-ex@https://registry.npmjs.org/error-ex/-/error-ex-1.3.2.tgz 0ms (cache hit)
410 http cache error-stack-parser@https://registry.npmjs.org/error-stack-parser/-/error-stack-parser-2.1.4.tgz 0ms (cache hit)
411 http cache env-editor@https://registry.npmjs.org/env-editor/-/env-editor-0.4.2.tgz 0ms (cache hit)
412 http cache encodeurl@https://registry.npmjs.org/encodeurl/-/encodeurl-1.0.2.tgz 0ms (cache hit)
413 http cache emittery@https://registry.npmjs.org/emittery/-/emittery-0.13.1.tgz 0ms (cache hit)
414 http cache electron-to-chromium@https://registry.npmjs.org/electron-to-chromium/-/electron-to-chromium-1.5.267.tgz 0ms (cache hit)
415 http cache ee-first@https://registry.npmjs.org/ee-first/-/ee-first-1.1.1.tgz 0ms (cache hit)
416 http cache dunder-proto@https://registry.npmjs.org/dunder-proto/-/dunder-proto-1.0.1.tgz 0ms (cache hit)
417 http cache dotenv-expand@https://registry.npmjs.org/dotenv-expand/-/dotenv-expand-11.0.7.tgz 0ms (cache hit)
418 http cache diff-sequences@https://registry.npmjs.org/diff-sequences/-/diff-sequences-29.6.3.tgz 0ms (cache hit)
419 http cache dotenv@https://registry.npmjs.org/dotenv/-/dotenv-16.4.7.tgz 0ms (cache hit)
420 http cache detect-newline@https://registry.npmjs.org/detect-newline/-/detect-newline-3.1.0.tgz 0ms (cache hit)
421 http cache detect-node-es@https://registry.npmjs.org/detect-node-es/-/detect-node-es-1.1.0.tgz 0ms (cache hit)
422 http cache detect-libc@https://registry.npmjs.org/detect-libc/-/detect-libc-2.1.2.tgz 0ms (cache hit)
423 http cache destroy@https://registry.npmjs.org/destroy/-/destroy-1.2.0.tgz 0ms (cache hit)
424 http cache define-lazy-prop@https://registry.npmjs.org/define-lazy-prop/-/define-lazy-prop-2.0.0.tgz 0ms (cache hit)
425 http cache depd@https://registry.npmjs.org/depd/-/depd-2.0.0.tgz 0ms (cache hit)
426 http cache delayed-stream@https://registry.npmjs.org/delayed-stream/-/delayed-stream-1.0.0.tgz 0ms (cache hit)
427 http cache defaults@https://registry.npmjs.org/defaults/-/defaults-1.0.4.tgz 0ms (cache hit)
428 http cache deepmerge@https://registry.npmjs.org/deepmerge/-/deepmerge-4.3.1.tgz 0ms (cache hit)
429 http cache deep-extend@https://registry.npmjs.org/deep-extend/-/deep-extend-0.6.0.tgz 0ms (cache hit)
430 http cache debug@https://registry.npmjs.org/debug/-/debug-4.4.3.tgz 0ms (cache hit)
431 http cache dedent@https://registry.npmjs.org/dedent/-/dedent-1.5.3.tgz 0ms (cache hit)
432 http cache decode-uri-component@https://registry.npmjs.org/decode-uri-component/-/decode-uri-component-0.2.2.tgz 0ms (cache hit)
433 http cache csstype@https://registry.npmjs.org/csstype/-/csstype-3.2.3.tgz 0ms (cache hit)
434 http cache css-in-js-utils@https://registry.npmjs.org/css-in-js-utils/-/css-in-js-utils-3.1.0.tgz 0ms (cache hit)
435 http cache crypto-random-string@https://registry.npmjs.org/crypto-random-string/-/crypto-random-string-2.0.0.tgz 0ms (cache hit)
436 http cache cross-spawn@https://registry.npmjs.org/cross-spawn/-/cross-spawn-7.0.6.tgz 0ms (cache hit)
437 http cache cross-fetch@https://registry.npmjs.org/cross-fetch/-/cross-fetch-3.2.0.tgz 0ms (cache hit)
438 http cache create-jest@https://registry.npmjs.org/create-jest/-/create-jest-29.7.0.tgz 0ms (cache hit)
439 http cache connect@https://registry.npmjs.org/connect/-/connect-3.7.0.tgz 0ms (cache hit)
440 http cache convert-source-map@https://registry.npmjs.org/convert-source-map/-/convert-source-map-2.0.0.tgz 0ms (cache hit)
441 http cache concat-map@https://registry.npmjs.org/concat-map/-/concat-map-0.0.1.tgz 0ms (cache hit)
442 http cache compression@https://registry.npmjs.org/compression/-/compression-1.8.1.tgz 0ms (cache hit)
443 http cache core-js-compat@https://registry.npmjs.org/core-js-compat/-/core-js-compat-3.49.0.tgz 0ms (cache hit)
444 http cache compressible@https://registry.npmjs.org/compressible/-/compressible-2.0.18.tgz 0ms (cache hit)
445 http cache commander@https://registry.npmjs.org/commander/-/commander-7.2.0.tgz 0ms (cache hit)
446 http cache combined-stream@https://registry.npmjs.org/combined-stream/-/combined-stream-1.0.8.tgz 0ms (cache hit)
447 http cache color-string@https://registry.npmjs.org/color-string/-/color-string-1.9.1.tgz 0ms (cache hit)
448 http cache color-name@https://registry.npmjs.org/color-name/-/color-name-1.1.4.tgz 0ms (cache hit)
449 http cache color@https://registry.npmjs.org/color/-/color-4.2.3.tgz 0ms (cache hit)
450 http cache color-convert@https://registry.npmjs.org/color-convert/-/color-convert-2.0.1.tgz 0ms (cache hit)
451 http cache collect-v8-coverage@https://registry.npmjs.org/collect-v8-coverage/-/collect-v8-coverage-1.0.2.tgz 0ms (cache hit)
452 http cache clone@https://registry.npmjs.org/clone/-/clone-1.0.4.tgz 0ms (cache hit)
453 http cache cliui@https://registry.npmjs.org/cliui/-/cliui-8.0.1.tgz 0ms (cache hit)
454 http cache co@https://registry.npmjs.org/co/-/co-4.6.0.tgz 0ms (cache hit)
455 http cache client-only@https://registry.npmjs.org/client-only/-/client-only-0.0.1.tgz 0ms (cache hit)
456 http cache cli-spinners@https://registry.npmjs.org/cli-spinners/-/cli-spinners-2.9.2.tgz 0ms (cache hit)
457 http cache cli-cursor@https://registry.npmjs.org/cli-cursor/-/cli-cursor-2.1.0.tgz 0ms (cache hit)
458 http cache cjs-module-lexer@https://registry.npmjs.org/cjs-module-lexer/-/cjs-module-lexer-1.4.3.tgz 0ms (cache hit)
459 http cache ci-info@https://registry.npmjs.org/ci-info/-/ci-info-3.9.0.tgz 0ms (cache hit)
460 http cache chromium-edge-launcher@https://registry.npmjs.org/chromium-edge-launcher/-/chromium-edge-launcher-0.2.0.tgz 0ms (cache hit)
461 http cache chrome-launcher@https://registry.npmjs.org/chrome-launcher/-/chrome-launcher-0.15.2.tgz 0ms (cache hit)
462 http cache chownr@https://registry.npmjs.org/chownr/-/chownr-3.0.0.tgz 0ms (cache hit)
463 http cache char-regex@https://registry.npmjs.org/char-regex/-/char-regex-1.0.2.tgz 0ms (cache hit)
464 http cache chalk@https://registry.npmjs.org/chalk/-/chalk-4.1.2.tgz 0ms (cache hit)
465 http cache caniuse-lite@https://registry.npmjs.org/caniuse-lite/-/caniuse-lite-1.0.30001764.tgz 0ms (cache hit)
466 http cache camelcase@https://registry.npmjs.org/camelcase/-/camelcase-5.3.1.tgz 0ms (cache hit)
467 http cache call-bind-apply-helpers@https://registry.npmjs.org/call-bind-apply-helpers/-/call-bind-apply-helpers-1.0.2.tgz 0ms (cache hit)
468 http cache callsites@https://registry.npmjs.org/callsites/-/callsites-3.1.0.tgz 0ms (cache hit)
469 http cache bytes@https://registry.npmjs.org/bytes/-/bytes-3.1.2.tgz 0ms (cache hit)
470 http cache buffer-from@https://registry.npmjs.org/buffer-from/-/buffer-from-1.1.2.tgz 0ms (cache hit)
471 http cache buffer@https://registry.npmjs.org/buffer/-/buffer-5.7.1.tgz 0ms (cache hit)
472 http cache browserslist@https://registry.npmjs.org/browserslist/-/browserslist-4.28.1.tgz 0ms (cache hit)
473 http cache bser@https://registry.npmjs.org/bser/-/bser-2.1.1.tgz 0ms (cache hit)
474 http cache braces@https://registry.npmjs.org/braces/-/braces-3.0.3.tgz 0ms (cache hit)
475 http cache brace-expansion@https://registry.npmjs.org/brace-expansion/-/brace-expansion-1.1.11.tgz 0ms (cache hit)
476 http cache bplist-parser@https://registry.npmjs.org/bplist-parser/-/bplist-parser-0.3.2.tgz 0ms (cache hit)
477 http cache bplist-creator@https://registry.npmjs.org/bplist-creator/-/bplist-creator-0.1.0.tgz 0ms (cache hit)
478 http cache big-integer@https://registry.npmjs.org/big-integer/-/big-integer-1.6.52.tgz 0ms (cache hit)
479 http cache better-opn@https://registry.npmjs.org/better-opn/-/better-opn-3.0.2.tgz 0ms (cache hit)
480 http cache base64-js@https://registry.npmjs.org/base64-js/-/base64-js-1.5.1.tgz 0ms (cache hit)
481 http cache baseline-browser-mapping@https://registry.npmjs.org/baseline-browser-mapping/-/baseline-browser-mapping-2.9.14.tgz 0ms (cache hit)
482 http cache balanced-match@https://registry.npmjs.org/balanced-match/-/balanced-match-1.0.2.tgz 0ms (cache hit)
483 http cache babel-preset-jest@https://registry.npmjs.org/babel-preset-jest/-/babel-preset-jest-29.6.3.tgz 0ms (cache hit)
484 http cache babel-preset-current-node-syntax@https://registry.npmjs.org/babel-preset-current-node-syntax/-/babel-preset-current-node-syntax-1.1.0.tgz 0ms (cache hit)
485 http cache babel-plugin-transform-flow-enums@https://registry.npmjs.org/babel-plugin-transform-flow-enums/-/babel-plugin-transform-flow-enums-0.0.2.tgz 0ms (cache hit)
486 http cache babel-plugin-syntax-hermes-parser@https://registry.npmjs.org/babel-plugin-syntax-hermes-parser/-/babel-plugin-syntax-hermes-parser-0.29.1.tgz 0ms (cache hit)
487 http cache babel-plugin-react-native-web@https://registry.npmjs.org/babel-plugin-react-native-web/-/babel-plugin-react-native-web-0.21.2.tgz 0ms (cache hit)
488 http cache babel-plugin-polyfill-regenerator@https://registry.npmjs.org/babel-plugin-polyfill-regenerator/-/babel-plugin-polyfill-regenerator-0.6.8.tgz 0ms (cache hit)
489 http cache babel-plugin-react-compiler@https://registry.npmjs.org/babel-plugin-react-compiler/-/babel-plugin-react-compiler-1.0.0.tgz 0ms (cache hit)
490 http cache babel-plugin-polyfill-corejs3@https://registry.npmjs.org/babel-plugin-polyfill-corejs3/-/babel-plugin-polyfill-corejs3-0.13.0.tgz 0ms (cache hit)
491 http cache babel-plugin-istanbul@https://registry.npmjs.org/babel-plugin-istanbul/-/babel-plugin-istanbul-6.1.1.tgz 0ms (cache hit)
492 http cache babel-plugin-jest-hoist@https://registry.npmjs.org/babel-plugin-jest-hoist/-/babel-plugin-jest-hoist-29.6.3.tgz 0ms (cache hit)
493 http cache babel-plugin-polyfill-corejs2@https://registry.npmjs.org/babel-plugin-polyfill-corejs2/-/babel-plugin-polyfill-corejs2-0.4.17.tgz 0ms (cache hit)
494 http cache axios@https://registry.npmjs.org/axios/-/axios-1.8.1.tgz 0ms (cache hit)
495 http cache babel-jest@https://registry.npmjs.org/babel-jest/-/babel-jest-29.7.0.tgz 0ms (cache hit)
496 http cache asynckit@https://registry.npmjs.org/asynckit/-/asynckit-0.4.0.tgz 0ms (cache hit)
497 http cache async-limiter@https://registry.npmjs.org/async-limiter/-/async-limiter-1.0.1.tgz 0ms (cache hit)
498 http cache asap@https://registry.npmjs.org/asap/-/asap-2.0.6.tgz 0ms (cache hit)
499 http cache aria-hidden@https://registry.npmjs.org/aria-hidden/-/aria-hidden-1.2.6.tgz 0ms (cache hit)
500 http cache argparse@https://registry.npmjs.org/argparse/-/argparse-1.0.10.tgz 0ms (cache hit)
501 http cache arg@https://registry.npmjs.org/arg/-/arg-5.0.2.tgz 0ms (cache hit)
502 http cache anymatch@https://registry.npmjs.org/anymatch/-/anymatch-3.1.3.tgz 0ms (cache hit)
503 http cache any-promise@https://registry.npmjs.org/any-promise/-/any-promise-1.3.0.tgz 0ms (cache hit)
504 http cache ansi-styles@https://registry.npmjs.org/ansi-styles/-/ansi-styles-4.3.0.tgz 0ms (cache hit)
505 http cache ansi-regex@https://registry.npmjs.org/ansi-regex/-/ansi-regex-5.0.1.tgz 0ms (cache hit)
506 http cache ansi-escapes@https://registry.npmjs.org/ansi-escapes/-/ansi-escapes-4.3.2.tgz 0ms (cache hit)
507 http cache anser@https://registry.npmjs.org/anser/-/anser-1.4.10.tgz 0ms (cache hit)
508 http cache ajv@https://registry.npmjs.org/ajv/-/ajv-8.17.1.tgz 0ms (cache hit)
509 http cache abort-controller@https://registry.npmjs.org/abort-controller/-/abort-controller-3.0.0.tgz 0ms (cache hit)
510 http cache accepts@https://registry.npmjs.org/accepts/-/accepts-1.3.8.tgz 0ms (cache hit)
511 http cache acorn@https://registry.npmjs.org/acorn/-/acorn-8.14.0.tgz 0ms (cache hit)
512 http cache @xmldom/xmldom@https://registry.npmjs.org/@xmldom/xmldom/-/xmldom-0.8.13.tgz 0ms (cache hit)
513 http cache @urql/exchange-retry@https://registry.npmjs.org/@urql/exchange-retry/-/exchange-retry-1.3.2.tgz 0ms (cache hit)
514 http cache @urql/core@https://registry.npmjs.org/@urql/core/-/core-5.2.0.tgz 0ms (cache hit)
515 http cache @ungap/structured-clone@https://registry.npmjs.org/@ungap/structured-clone/-/structured-clone-1.3.0.tgz 0ms (cache hit)
516 http cache @types/yargs@https://registry.npmjs.org/@types/yargs/-/yargs-17.0.33.tgz 0ms (cache hit)
517 http cache @types/react-test-renderer@https://registry.npmjs.org/@types/react-test-renderer/-/react-test-renderer-18.3.1.tgz 0ms (cache hit)
518 http cache @types/stack-utils@https://registry.npmjs.org/@types/stack-utils/-/stack-utils-2.0.3.tgz 0ms (cache hit)
519 http cache @types/yargs-parser@https://registry.npmjs.org/@types/yargs-parser/-/yargs-parser-21.0.3.tgz 0ms (cache hit)
520 http cache @types/react@https://registry.npmjs.org/@types/react/-/react-19.1.17.tgz 0ms (cache hit)
521 http cache @types/prop-types@https://registry.npmjs.org/@types/prop-types/-/prop-types-15.7.15.tgz 0ms (cache hit)
522 http cache @types/jest@https://registry.npmjs.org/@types/jest/-/jest-29.5.14.tgz 0ms (cache hit)
523 http cache @types/node@https://registry.npmjs.org/@types/node/-/node-22.13.5.tgz 0ms (cache hit)
524 http cache @types/istanbul-reports@https://registry.npmjs.org/@types/istanbul-reports/-/istanbul-reports-3.0.4.tgz 0ms (cache hit)
525 http cache @types/istanbul-lib-report@https://registry.npmjs.org/@types/istanbul-lib-report/-/istanbul-lib-report-3.0.3.tgz 0ms (cache hit)
526 http cache @types/istanbul-lib-coverage@https://registry.npmjs.org/@types/istanbul-lib-coverage/-/istanbul-lib-coverage-2.0.6.tgz 0ms (cache hit)
527 http cache @types/babel__traverse@https://registry.npmjs.org/@types/babel__traverse/-/babel__traverse-7.20.6.tgz 0ms (cache hit)
528 http cache @types/hammerjs@https://registry.npmjs.org/@types/hammerjs/-/hammerjs-2.0.46.tgz 0ms (cache hit)
529 http cache @types/graceful-fs@https://registry.npmjs.org/@types/graceful-fs/-/graceful-fs-4.1.9.tgz 0ms (cache hit)
530 http cache @types/babel__template@https://registry.npmjs.org/@types/babel__template/-/babel__template-7.4.4.tgz 0ms (cache hit)
531 http cache @types/babel__generator@https://registry.npmjs.org/@types/babel__generator/-/babel__generator-7.6.8.tgz 0ms (cache hit)
532 http cache @types/babel__core@https://registry.npmjs.org/@types/babel__core/-/babel__core-7.20.5.tgz 0ms (cache hit)
533 http cache @types/axios@https://registry.npmjs.org/@types/axios/-/axios-0.9.36.tgz 0ms (cache hit)
534 http cache @sinonjs/commons@https://registry.npmjs.org/@sinonjs/commons/-/commons-3.0.1.tgz 0ms (cache hit)
535 http cache @sinclair/typebox@https://registry.npmjs.org/@sinclair/typebox/-/typebox-0.27.8.tgz 0ms (cache hit)
536 http cache @sinonjs/fake-timers@https://registry.npmjs.org/@sinonjs/fake-timers/-/fake-timers-10.3.0.tgz 0ms (cache hit)
537 http cache @react-navigation/routers@https://registry.npmjs.org/@react-navigation/routers/-/routers-7.5.3.tgz 0ms (cache hit)
538 http cache @react-navigation/native@https://registry.npmjs.org/@react-navigation/native/-/native-7.1.26.tgz 0ms (cache hit)
539 http cache @react-navigation/native-stack@https://registry.npmjs.org/@react-navigation/native-stack/-/native-stack-7.9.0.tgz 0ms (cache hit)
540 http cache @react-navigation/core@https://registry.npmjs.org/@react-navigation/core/-/core-7.13.7.tgz 0ms (cache hit)
541 http cache @react-navigation/elements@https://registry.npmjs.org/@react-navigation/elements/-/elements-2.9.3.tgz 0ms (cache hit)
542 http cache @react-native/virtualized-lists@https://registry.npmjs.org/@react-native/virtualized-lists/-/virtualized-lists-0.81.5.tgz 0ms (cache hit)
543 http cache @react-navigation/bottom-tabs@https://registry.npmjs.org/@react-navigation/bottom-tabs/-/bottom-tabs-7.9.0.tgz 0ms (cache hit)
544 http cache @react-native/normalize-colors@https://registry.npmjs.org/@react-native/normalize-colors/-/normalize-colors-0.81.5.tgz 0ms (cache hit)
545 http cache @react-native/js-polyfills@https://registry.npmjs.org/@react-native/js-polyfills/-/js-polyfills-0.81.5.tgz 0ms (cache hit)
546 http cache @react-native/gradle-plugin@https://registry.npmjs.org/@react-native/gradle-plugin/-/gradle-plugin-0.81.5.tgz 0ms (cache hit)
547 http cache @react-native/dev-middleware@https://registry.npmjs.org/@react-native/dev-middleware/-/dev-middleware-0.81.5.tgz 0ms (cache hit)
548 http cache @react-native/debugger-frontend@https://registry.npmjs.org/@react-native/debugger-frontend/-/debugger-frontend-0.81.5.tgz 0ms (cache hit)
549 http cache @react-native/codegen@https://registry.npmjs.org/@react-native/codegen/-/codegen-0.81.5.tgz 0ms (cache hit)
550 http cache @react-native/community-cli-plugin@https://registry.npmjs.org/@react-native/community-cli-plugin/-/community-cli-plugin-0.81.5.tgz 0ms (cache hit)
551 http cache @react-native/babel-plugin-codegen@https://registry.npmjs.org/@react-native/babel-plugin-codegen/-/babel-plugin-codegen-0.81.5.tgz 0ms (cache hit)
552 http cache @react-native/babel-preset@https://registry.npmjs.org/@react-native/babel-preset/-/babel-preset-0.81.5.tgz 0ms (cache hit)
553 http cache @react-native-async-storage/async-storage@https://registry.npmjs.org/@react-native-async-storage/async-storage/-/async-storage-2.2.0.tgz 0ms (cache hit)
554 http cache @react-native/assets-registry@https://registry.npmjs.org/@react-native/assets-registry/-/assets-registry-0.81.5.tgz 0ms (cache hit)
555 http cache @react-native-google-signin/google-signin@https://registry.npmjs.org/@react-native-google-signin/google-signin/-/google-signin-13.2.0.tgz 0ms (cache hit)
556 http cache @radix-ui/react-use-layout-effect@https://registry.npmjs.org/@radix-ui/react-use-layout-effect/-/react-use-layout-effect-1.1.1.tgz 0ms (cache hit)
557 http cache @radix-ui/react-use-escape-keydown@https://registry.npmjs.org/@radix-ui/react-use-escape-keydown/-/react-use-escape-keydown-1.1.1.tgz 0ms (cache hit)
558 http cache @radix-ui/react-use-effect-event@https://registry.npmjs.org/@radix-ui/react-use-effect-event/-/react-use-effect-event-0.0.2.tgz 0ms (cache hit)
559 http cache @radix-ui/react-use-controllable-state@https://registry.npmjs.org/@radix-ui/react-use-controllable-state/-/react-use-controllable-state-1.2.2.tgz 0ms (cache hit)
560 http cache @radix-ui/react-use-callback-ref@https://registry.npmjs.org/@radix-ui/react-use-callback-ref/-/react-use-callback-ref-1.1.1.tgz 0ms (cache hit)
561 http cache @radix-ui/react-tabs@https://registry.npmjs.org/@radix-ui/react-tabs/-/react-tabs-1.1.13.tgz 0ms (cache hit)
562 http cache @radix-ui/react-roving-focus@https://registry.npmjs.org/@radix-ui/react-roving-focus/-/react-roving-focus-1.1.11.tgz 0ms (cache hit)
563 http cache @radix-ui/react-slot@https://registry.npmjs.org/@radix-ui/react-slot/-/react-slot-1.2.0.tgz 0ms (cache hit)
564 http cache @radix-ui/react-primitive@https://registry.npmjs.org/@radix-ui/react-primitive/-/react-primitive-2.1.3.tgz 0ms (cache hit)
565 http cache @radix-ui/react-presence@https://registry.npmjs.org/@radix-ui/react-presence/-/react-presence-1.1.5.tgz 0ms (cache hit)
566 http cache @radix-ui/react-portal@https://registry.npmjs.org/@radix-ui/react-portal/-/react-portal-1.1.9.tgz 0ms (cache hit)
567 http cache @radix-ui/react-id@https://registry.npmjs.org/@radix-ui/react-id/-/react-id-1.1.1.tgz 0ms (cache hit)
568 http cache @radix-ui/react-focus-scope@https://registry.npmjs.org/@radix-ui/react-focus-scope/-/react-focus-scope-1.1.7.tgz 0ms (cache hit)
569 http cache @radix-ui/react-focus-guards@https://registry.npmjs.org/@radix-ui/react-focus-guards/-/react-focus-guards-1.1.3.tgz 0ms (cache hit)
570 http cache @radix-ui/react-dismissable-layer@https://registry.npmjs.org/@radix-ui/react-dismissable-layer/-/react-dismissable-layer-1.1.11.tgz 0ms (cache hit)
571 http cache @radix-ui/react-dialog@https://registry.npmjs.org/@radix-ui/react-dialog/-/react-dialog-1.1.15.tgz 0ms (cache hit)
572 http cache @radix-ui/react-direction@https://registry.npmjs.org/@radix-ui/react-direction/-/react-direction-1.1.1.tgz 0ms (cache hit)
573 http cache @radix-ui/react-context@https://registry.npmjs.org/@radix-ui/react-context/-/react-context-1.1.2.tgz 0ms (cache hit)
574 http cache @radix-ui/primitive@https://registry.npmjs.org/@radix-ui/primitive/-/primitive-1.1.3.tgz 0ms (cache hit)
575 http cache @radix-ui/react-compose-refs@https://registry.npmjs.org/@radix-ui/react-compose-refs/-/react-compose-refs-1.1.2.tgz 0ms (cache hit)
576 http cache @radix-ui/react-collection@https://registry.npmjs.org/@radix-ui/react-collection/-/react-collection-1.1.7.tgz 0ms (cache hit)
577 http cache @jridgewell/sourcemap-codec@https://registry.npmjs.org/@jridgewell/sourcemap-codec/-/sourcemap-codec-1.5.0.tgz 0ms (cache hit)
578 http cache @jridgewell/trace-mapping@https://registry.npmjs.org/@jridgewell/trace-mapping/-/trace-mapping-0.3.31.tgz 0ms (cache hit)
579 http cache @jridgewell/source-map@https://registry.npmjs.org/@jridgewell/source-map/-/source-map-0.3.6.tgz 0ms (cache hit)
580 http cache @jridgewell/resolve-uri@https://registry.npmjs.org/@jridgewell/resolve-uri/-/resolve-uri-3.1.2.tgz 0ms (cache hit)
581 http cache @jridgewell/gen-mapping@https://registry.npmjs.org/@jridgewell/gen-mapping/-/gen-mapping-0.3.13.tgz 0ms (cache hit)
582 http cache @jest/types@https://registry.npmjs.org/@jest/types/-/types-29.6.3.tgz 0ms (cache hit)
583 http cache @jest/transform@https://registry.npmjs.org/@jest/transform/-/transform-29.7.0.tgz 0ms (cache hit)
584 http cache @jest/test-result@https://registry.npmjs.org/@jest/test-result/-/test-result-29.7.0.tgz 0ms (cache hit)
585 http cache @jest/test-sequencer@https://registry.npmjs.org/@jest/test-sequencer/-/test-sequencer-29.7.0.tgz 0ms (cache hit)
586 http cache @jest/source-map@https://registry.npmjs.org/@jest/source-map/-/source-map-29.6.3.tgz 0ms (cache hit)
587 http cache @jest/schemas@https://registry.npmjs.org/@jest/schemas/-/schemas-29.6.3.tgz 0ms (cache hit)
588 http cache @jest/reporters@https://registry.npmjs.org/@jest/reporters/-/reporters-29.7.0.tgz 0ms (cache hit)
589 http cache @jest/globals@https://registry.npmjs.org/@jest/globals/-/globals-29.7.0.tgz 0ms (cache hit)
590 http cache @jest/fake-timers@https://registry.npmjs.org/@jest/fake-timers/-/fake-timers-29.7.0.tgz 0ms (cache hit)
591 http cache @jest/expect@https://registry.npmjs.org/@jest/expect/-/expect-29.7.0.tgz 0ms (cache hit)
592 http cache @jest/expect-utils@https://registry.npmjs.org/@jest/expect-utils/-/expect-utils-29.7.0.tgz 0ms (cache hit)
593 http cache @jest/environment@https://registry.npmjs.org/@jest/environment/-/environment-29.7.0.tgz 0ms (cache hit)
594 http cache @jest/create-cache-key-function@https://registry.npmjs.org/@jest/create-cache-key-function/-/create-cache-key-function-29.7.0.tgz 0ms (cache hit)
595 http cache @jest/core@https://registry.npmjs.org/@jest/core/-/core-29.7.0.tgz 0ms (cache hit)
596 http cache @jest/console@https://registry.npmjs.org/@jest/console/-/console-29.7.0.tgz 0ms (cache hit)
597 http cache @istanbuljs/schema@https://registry.npmjs.org/@istanbuljs/schema/-/schema-0.1.3.tgz 0ms (cache hit)
598 http cache @istanbuljs/load-nyc-config@https://registry.npmjs.org/@istanbuljs/load-nyc-config/-/load-nyc-config-1.1.0.tgz 0ms (cache hit)
599 http cache @isaacs/ttlcache@https://registry.npmjs.org/@isaacs/ttlcache/-/ttlcache-1.4.1.tgz 0ms (cache hit)
600 http cache @isaacs/fs-minipass@https://registry.npmjs.org/@isaacs/fs-minipass/-/fs-minipass-4.0.1.tgz 0ms (cache hit)
601 http cache @expo/xcpretty@https://registry.npmjs.org/@expo/xcpretty/-/xcpretty-4.4.4.tgz 0ms (cache hit)
602 http cache @expo/ws-tunnel@https://registry.npmjs.org/@expo/ws-tunnel/-/ws-tunnel-1.0.6.tgz 0ms (cache hit)
603 http cache @expo/vector-icons@https://registry.npmjs.org/@expo/vector-icons/-/vector-icons-15.0.3.tgz 0ms (cache hit)
604 http cache @expo/sudo-prompt@https://registry.npmjs.org/@expo/sudo-prompt/-/sudo-prompt-9.3.2.tgz 0ms (cache hit)
605 http cache @expo/spawn-async@https://registry.npmjs.org/@expo/spawn-async/-/spawn-async-1.8.0.tgz 0ms (cache hit)
606 http cache @expo/schema-utils@https://registry.npmjs.org/@expo/schema-utils/-/schema-utils-0.1.9.tgz 0ms (cache hit)
607 http cache @expo/sdk-runtime-versions@https://registry.npmjs.org/@expo/sdk-runtime-versions/-/sdk-runtime-versions-1.0.0.tgz 0ms (cache hit)
608 http cache @expo/prebuild-config@https://registry.npmjs.org/@expo/prebuild-config/-/prebuild-config-54.0.8.tgz 0ms (cache hit)
609 http cache @expo/package-manager@https://registry.npmjs.org/@expo/package-manager/-/package-manager-1.13.1.tgz 0ms (cache hit)
610 http cache @expo/plist@https://registry.npmjs.org/@expo/plist/-/plist-0.4.9.tgz 0ms (cache hit)
611 http cache @expo/osascript@https://registry.npmjs.org/@expo/osascript/-/osascript-2.7.1.tgz 0ms (cache hit)
612 http cache @expo/metro@https://registry.npmjs.org/@expo/metro/-/metro-54.2.0.tgz 0ms (cache hit)
613 http cache @expo/metro-runtime@https://registry.npmjs.org/@expo/metro-runtime/-/metro-runtime-6.1.2.tgz 0ms (cache hit)
614 http cache @expo/json-file@https://registry.npmjs.org/@expo/json-file/-/json-file-10.2.0.tgz 0ms (cache hit)
615 http cache @expo/image-utils@https://registry.npmjs.org/@expo/image-utils/-/image-utils-0.8.8.tgz 0ms (cache hit)
616 http cache @expo/fingerprint@https://registry.npmjs.org/@expo/fingerprint/-/fingerprint-0.15.5.tgz 0ms (cache hit)
617 http cache @expo/env@https://registry.npmjs.org/@expo/env/-/env-2.0.12.tgz 0ms (cache hit)
618 http cache @expo/devcert@https://registry.npmjs.org/@expo/devcert/-/devcert-1.2.1.tgz 0ms (cache hit)
619 http cache @expo/devtools@https://registry.npmjs.org/@expo/devtools/-/devtools-0.1.8.tgz 0ms (cache hit)
620 http cache @expo/config-types@https://registry.npmjs.org/@expo/config-types/-/config-types-54.0.10.tgz 0ms (cache hit)
621 http cache @expo/config-plugins@https://registry.npmjs.org/@expo/config-plugins/-/config-plugins-54.0.5.tgz 0ms (cache hit)
622 http cache @expo/config@https://registry.npmjs.org/@expo/config/-/config-12.0.14.tgz 0ms (cache hit)
623 http cache @expo/code-signing-certificates@https://registry.npmjs.org/@expo/code-signing-certificates/-/code-signing-certificates-0.0.6.tgz 0ms (cache hit)
624 http cache @egjs/hammerjs@https://registry.npmjs.org/@egjs/hammerjs/-/hammerjs-2.0.17.tgz 0ms (cache hit)
625 http cache @bcoe/v8-coverage@https://registry.npmjs.org/@bcoe/v8-coverage/-/v8-coverage-0.2.3.tgz 0ms (cache hit)
626 http cache @callstack/react-theme-provider@https://registry.npmjs.org/@callstack/react-theme-provider/-/react-theme-provider-3.0.9.tgz 0ms (cache hit)
627 http cache @babel/types@https://registry.npmjs.org/@babel/types/-/types-7.29.8.tgz 0ms (cache hit)
628 http cache @babel/traverse--for-generate-function-map@https://registry.npmjs.org/@babel/traverse/-/traverse-7.26.9.tgz 0ms (cache hit)
629 http cache @babel/traverse@https://registry.npmjs.org/@babel/traverse/-/traverse-7.29.8.tgz 0ms (cache hit)
630 http cache @babel/template@https://registry.npmjs.org/@babel/template/-/template-7.29.7.tgz 0ms (cache hit)
631 http cache @babel/runtime@https://registry.npmjs.org/@babel/runtime/-/runtime-7.26.9.tgz 0ms (cache hit)
632 http cache @babel/preset-react@https://registry.npmjs.org/@babel/preset-react/-/preset-react-7.29.7.tgz 0ms (cache hit)
633 http cache @babel/preset-typescript@https://registry.npmjs.org/@babel/preset-typescript/-/preset-typescript-7.27.1.tgz 0ms (cache hit)
634 http cache @babel/plugin-transform-unicode-regex@https://registry.npmjs.org/@babel/plugin-transform-unicode-regex/-/plugin-transform-unicode-regex-7.27.1.tgz 0ms (cache hit)
635 http cache @babel/plugin-transform-typescript@https://registry.npmjs.org/@babel/plugin-transform-typescript/-/plugin-transform-typescript-7.28.5.tgz 0ms (cache hit)
636 http cache @babel/plugin-transform-template-literals@https://registry.npmjs.org/@babel/plugin-transform-template-literals/-/plugin-transform-template-literals-7.27.1.tgz 0ms (cache hit)
637 http cache @babel/plugin-transform-spread@https://registry.npmjs.org/@babel/plugin-transform-spread/-/plugin-transform-spread-7.29.8.tgz 0ms (cache hit)
638 http cache @babel/plugin-transform-sticky-regex@https://registry.npmjs.org/@babel/plugin-transform-sticky-regex/-/plugin-transform-sticky-regex-7.29.7.tgz 0ms (cache hit)
639 http cache @babel/plugin-transform-runtime@https://registry.npmjs.org/@babel/plugin-transform-runtime/-/plugin-transform-runtime-7.29.7.tgz 0ms (cache hit)
640 http cache @babel/plugin-transform-shorthand-properties@https://registry.npmjs.org/@babel/plugin-transform-shorthand-properties/-/plugin-transform-shorthand-properties-7.27.1.tgz 0ms (cache hit)
641 http cache @babel/plugin-transform-regenerator@https://registry.npmjs.org/@babel/plugin-transform-regenerator/-/plugin-transform-regenerator-7.29.8.tgz 0ms (cache hit)
642 http cache @babel/plugin-transform-react-jsx-source@https://registry.npmjs.org/@babel/plugin-transform-react-jsx-source/-/plugin-transform-react-jsx-source-7.29.7.tgz 0ms (cache hit)
643 http cache @babel/plugin-transform-react-pure-annotations@https://registry.npmjs.org/@babel/plugin-transform-react-pure-annotations/-/plugin-transform-react-pure-annotations-7.29.7.tgz 0ms (cache hit)
644 http cache @babel/plugin-transform-react-jsx-self@https://registry.npmjs.org/@babel/plugin-transform-react-jsx-self/-/plugin-transform-react-jsx-self-7.29.7.tgz 0ms (cache hit)
645 http cache @babel/plugin-transform-react-jsx@https://registry.npmjs.org/@babel/plugin-transform-react-jsx/-/plugin-transform-react-jsx-7.29.7.tgz 0ms (cache hit)
646 http cache @babel/plugin-transform-private-property-in-object@https://registry.npmjs.org/@babel/plugin-transform-private-property-in-object/-/plugin-transform-private-property-in-object-7.29.7.tgz 0ms (cache hit)
647 http cache @babel/plugin-transform-react-display-name@https://registry.npmjs.org/@babel/plugin-transform-react-display-name/-/plugin-transform-react-display-name-7.29.7.tgz 0ms (cache hit)
648 http cache @babel/plugin-transform-react-jsx-development@https://registry.npmjs.org/@babel/plugin-transform-react-jsx-development/-/plugin-transform-react-jsx-development-7.29.7.tgz 0ms (cache hit)
649 http cache @babel/plugin-transform-private-methods@https://registry.npmjs.org/@babel/plugin-transform-private-methods/-/plugin-transform-private-methods-7.29.7.tgz 0ms (cache hit)
650 http cache @babel/plugin-transform-parameters@https://registry.npmjs.org/@babel/plugin-transform-parameters/-/plugin-transform-parameters-7.29.7.tgz 0ms (cache hit)
651 http cache @babel/plugin-transform-optional-chaining@https://registry.npmjs.org/@babel/plugin-transform-optional-chaining/-/plugin-transform-optional-chaining-7.27.1.tgz 0ms (cache hit)
652 http cache @babel/plugin-transform-optional-catch-binding@https://registry.npmjs.org/@babel/plugin-transform-optional-catch-binding/-/plugin-transform-optional-catch-binding-7.29.7.tgz 0ms (cache hit)
653 http cache @babel/plugin-transform-object-rest-spread@https://registry.npmjs.org/@babel/plugin-transform-object-rest-spread/-/plugin-transform-object-rest-spread-7.29.7.tgz 0ms (cache hit)
654 http cache @babel/plugin-transform-numeric-separator@https://registry.npmjs.org/@babel/plugin-transform-numeric-separator/-/plugin-transform-numeric-separator-7.29.7.tgz 0ms (cache hit)
655 http cache @babel/plugin-transform-nullish-coalescing-operator@https://registry.npmjs.org/@babel/plugin-transform-nullish-coalescing-operator/-/plugin-transform-nullish-coalescing-operator-7.27.1.tgz 0ms (cache hit)
656 http cache @babel/plugin-transform-named-capturing-groups-regex@https://registry.npmjs.org/@babel/plugin-transform-named-capturing-groups-regex/-/plugin-transform-named-capturing-groups-regex-7.29.7.tgz 0ms (cache hit)
657 http cache @babel/plugin-transform-modules-commonjs@https://registry.npmjs.org/@babel/plugin-transform-modules-commonjs/-/plugin-transform-modules-commonjs-7.27.1.tgz 0ms (cache hit)
658 http cache @babel/plugin-transform-literals@https://registry.npmjs.org/@babel/plugin-transform-literals/-/plugin-transform-literals-7.29.7.tgz 0ms (cache hit)
659 http cache @babel/plugin-transform-logical-assignment-operators@https://registry.npmjs.org/@babel/plugin-transform-logical-assignment-operators/-/plugin-transform-logical-assignment-operators-7.29.7.tgz 0ms (cache hit)
660 http cache @babel/plugin-transform-function-name@https://registry.npmjs.org/@babel/plugin-transform-function-name/-/plugin-transform-function-name-7.29.7.tgz 0ms (cache hit)
661 http cache @babel/plugin-transform-flow-strip-types@https://registry.npmjs.org/@babel/plugin-transform-flow-strip-types/-/plugin-transform-flow-strip-types-7.29.7.tgz 0ms (cache hit)
662 http cache @babel/plugin-transform-for-of@https://registry.npmjs.org/@babel/plugin-transform-for-of/-/plugin-transform-for-of-7.29.7.tgz 0ms (cache hit)
663 http cache @babel/plugin-transform-export-namespace-from@https://registry.npmjs.org/@babel/plugin-transform-export-namespace-from/-/plugin-transform-export-namespace-from-7.29.7.tgz 0ms (cache hit)
664 http cache @babel/plugin-transform-destructuring@https://registry.npmjs.org/@babel/plugin-transform-destructuring/-/plugin-transform-destructuring-7.29.7.tgz 0ms (cache hit)
665 http cache @babel/plugin-transform-computed-properties@https://registry.npmjs.org/@babel/plugin-transform-computed-properties/-/plugin-transform-computed-properties-7.29.7.tgz 0ms (cache hit)
666 http cache @babel/plugin-transform-class-static-block@https://registry.npmjs.org/@babel/plugin-transform-class-static-block/-/plugin-transform-class-static-block-7.29.7.tgz 0ms (cache hit)
667 http cache @babel/plugin-transform-classes@https://registry.npmjs.org/@babel/plugin-transform-classes/-/plugin-transform-classes-7.28.4.tgz 0ms (cache hit)
668 http cache @babel/plugin-transform-block-scoping@https://registry.npmjs.org/@babel/plugin-transform-block-scoping/-/plugin-transform-block-scoping-7.29.7.tgz 0ms (cache hit)
669 http cache @babel/plugin-transform-class-properties@https://registry.npmjs.org/@babel/plugin-transform-class-properties/-/plugin-transform-class-properties-7.27.1.tgz 0ms (cache hit)
670 http cache @babel/plugin-transform-async-to-generator@https://registry.npmjs.org/@babel/plugin-transform-async-to-generator/-/plugin-transform-async-to-generator-7.29.7.tgz 0ms (cache hit)
671 http cache @babel/plugin-transform-async-generator-functions@https://registry.npmjs.org/@babel/plugin-transform-async-generator-functions/-/plugin-transform-async-generator-functions-7.29.7.tgz 0ms (cache hit)
672 http cache @babel/plugin-transform-arrow-functions@https://registry.npmjs.org/@babel/plugin-transform-arrow-functions/-/plugin-transform-arrow-functions-7.27.1.tgz 0ms (cache hit)
673 http cache @babel/plugin-syntax-typescript@https://registry.npmjs.org/@babel/plugin-syntax-typescript/-/plugin-syntax-typescript-7.27.1.tgz 0ms (cache hit)
674 http cache @babel/plugin-syntax-top-level-await@https://registry.npmjs.org/@babel/plugin-syntax-top-level-await/-/plugin-syntax-top-level-await-7.14.5.tgz 0ms (cache hit)
675 http cache @babel/plugin-syntax-private-property-in-object@https://registry.npmjs.org/@babel/plugin-syntax-private-property-in-object/-/plugin-syntax-private-property-in-object-7.14.5.tgz 0ms (cache hit)
676 http cache @babel/plugin-syntax-optional-chaining@https://registry.npmjs.org/@babel/plugin-syntax-optional-chaining/-/plugin-syntax-optional-chaining-7.8.3.tgz 0ms (cache hit)
677 http cache @babel/plugin-syntax-optional-catch-binding@https://registry.npmjs.org/@babel/plugin-syntax-optional-catch-binding/-/plugin-syntax-optional-catch-binding-7.8.3.tgz 0ms (cache hit)
678 http cache @babel/plugin-syntax-object-rest-spread@https://registry.npmjs.org/@babel/plugin-syntax-object-rest-spread/-/plugin-syntax-object-rest-spread-7.8.3.tgz 0ms (cache hit)
679 http cache @babel/plugin-syntax-numeric-separator@https://registry.npmjs.org/@babel/plugin-syntax-numeric-separator/-/plugin-syntax-numeric-separator-7.10.4.tgz 0ms (cache hit)
680 http cache @babel/plugin-syntax-nullish-coalescing-operator@https://registry.npmjs.org/@babel/plugin-syntax-nullish-coalescing-operator/-/plugin-syntax-nullish-coalescing-operator-7.8.3.tgz 0ms (cache hit)
681 http cache @babel/plugin-syntax-json-strings@https://registry.npmjs.org/@babel/plugin-syntax-json-strings/-/plugin-syntax-json-strings-7.8.3.tgz 0ms (cache hit)
682 http cache @babel/plugin-syntax-jsx@https://registry.npmjs.org/@babel/plugin-syntax-jsx/-/plugin-syntax-jsx-7.29.7.tgz 0ms (cache hit)
683 http cache @babel/plugin-syntax-logical-assignment-operators@https://registry.npmjs.org/@babel/plugin-syntax-logical-assignment-operators/-/plugin-syntax-logical-assignment-operators-7.10.4.tgz 0ms (cache hit)
684 http cache @babel/plugin-syntax-import-meta@https://registry.npmjs.org/@babel/plugin-syntax-import-meta/-/plugin-syntax-import-meta-7.10.4.tgz 0ms (cache hit)
685 http cache @babel/plugin-syntax-import-attributes@https://registry.npmjs.org/@babel/plugin-syntax-import-attributes/-/plugin-syntax-import-attributes-7.26.0.tgz 0ms (cache hit)
686 http cache @babel/plugin-syntax-flow@https://registry.npmjs.org/@babel/plugin-syntax-flow/-/plugin-syntax-flow-7.29.7.tgz 0ms (cache hit)
687 http cache @babel/plugin-syntax-export-default-from@https://registry.npmjs.org/@babel/plugin-syntax-export-default-from/-/plugin-syntax-export-default-from-7.29.7.tgz 0ms (cache hit)
688 http cache @babel/plugin-syntax-dynamic-import@https://registry.npmjs.org/@babel/plugin-syntax-dynamic-import/-/plugin-syntax-dynamic-import-7.8.3.tgz 0ms (cache hit)
689 http cache @babel/plugin-syntax-decorators@https://registry.npmjs.org/@babel/plugin-syntax-decorators/-/plugin-syntax-decorators-7.29.7.tgz 0ms (cache hit)
690 http cache @babel/plugin-syntax-class-static-block@https://registry.npmjs.org/@babel/plugin-syntax-class-static-block/-/plugin-syntax-class-static-block-7.14.5.tgz 0ms (cache hit)
691 http cache @babel/plugin-syntax-class-properties@https://registry.npmjs.org/@babel/plugin-syntax-class-properties/-/plugin-syntax-class-properties-7.12.13.tgz 0ms (cache hit)
692 http cache @babel/plugin-syntax-bigint@https://registry.npmjs.org/@babel/plugin-syntax-bigint/-/plugin-syntax-bigint-7.8.3.tgz 0ms (cache hit)
693 http cache @babel/plugin-syntax-async-generators@https://registry.npmjs.org/@babel/plugin-syntax-async-generators/-/plugin-syntax-async-generators-7.8.4.tgz 0ms (cache hit)
694 http cache @babel/parser@https://registry.npmjs.org/@babel/parser/-/parser-7.29.8.tgz 0ms (cache hit)
695 http cache @babel/plugin-proposal-decorators@https://registry.npmjs.org/@babel/plugin-proposal-decorators/-/plugin-proposal-decorators-7.29.7.tgz 0ms (cache hit)
696 http cache @babel/highlight@https://registry.npmjs.org/@babel/highlight/-/highlight-7.25.9.tgz 0ms (cache hit)
697 http cache @babel/plugin-proposal-export-default-from@https://registry.npmjs.org/@babel/plugin-proposal-export-default-from/-/plugin-proposal-export-default-from-7.29.7.tgz 0ms (cache hit)
698 http cache @babel/helpers@https://registry.npmjs.org/@babel/helpers/-/helpers-7.26.9.tgz 0ms (cache hit)
699 http cache @babel/helper-wrap-function@https://registry.npmjs.org/@babel/helper-wrap-function/-/helper-wrap-function-7.29.7.tgz 0ms (cache hit)
700 http cache @babel/helper-validator-identifier@https://registry.npmjs.org/@babel/helper-validator-identifier/-/helper-validator-identifier-7.29.7.tgz 0ms (cache hit)
701 http cache @babel/helper-validator-option@https://registry.npmjs.org/@babel/helper-validator-option/-/helper-validator-option-7.29.7.tgz 0ms (cache hit)
702 http cache @babel/helper-string-parser@https://registry.npmjs.org/@babel/helper-string-parser/-/helper-string-parser-7.29.7.tgz 0ms (cache hit)
703 http cache @babel/helper-skip-transparent-expression-wrappers@https://registry.npmjs.org/@babel/helper-skip-transparent-expression-wrappers/-/helper-skip-transparent-expression-wrappers-7.29.7.tgz 0ms (cache hit)
704 http cache @babel/helper-replace-supers@https://registry.npmjs.org/@babel/helper-replace-supers/-/helper-replace-supers-7.29.7.tgz 0ms (cache hit)
705 http cache @babel/helper-remap-async-to-generator@https://registry.npmjs.org/@babel/helper-remap-async-to-generator/-/helper-remap-async-to-generator-7.29.7.tgz 0ms (cache hit)
706 http cache @babel/helper-plugin-utils@https://registry.npmjs.org/@babel/helper-plugin-utils/-/helper-plugin-utils-7.29.7.tgz 0ms (cache hit)
707 http cache @babel/helper-optimise-call-expression@https://registry.npmjs.org/@babel/helper-optimise-call-expression/-/helper-optimise-call-expression-7.29.7.tgz 0ms (cache hit)
708 http cache @babel/helper-module-transforms@https://registry.npmjs.org/@babel/helper-module-transforms/-/helper-module-transforms-7.28.3.tgz 0ms (cache hit)
709 http cache @babel/helper-module-imports@https://registry.npmjs.org/@babel/helper-module-imports/-/helper-module-imports-7.29.7.tgz 0ms (cache hit)
710 http cache @babel/helper-member-expression-to-functions@https://registry.npmjs.org/@babel/helper-member-expression-to-functions/-/helper-member-expression-to-functions-7.29.7.tgz 0ms (cache hit)
711 http cache @babel/helper-globals@https://registry.npmjs.org/@babel/helper-globals/-/helper-globals-7.29.7.tgz 0ms (cache hit)
712 http cache @babel/helper-create-class-features-plugin@https://registry.npmjs.org/@babel/helper-create-class-features-plugin/-/helper-create-class-features-plugin-7.29.7.tgz 0ms (cache hit)
713 http cache @babel/helper-create-regexp-features-plugin@https://registry.npmjs.org/@babel/helper-create-regexp-features-plugin/-/helper-create-regexp-features-plugin-7.29.7.tgz 0ms (cache hit)
714 http cache @babel/helper-define-polyfill-provider@https://registry.npmjs.org/@babel/helper-define-polyfill-provider/-/helper-define-polyfill-provider-0.6.8.tgz 0ms (cache hit)
715 http cache @babel/helper-compilation-targets@https://registry.npmjs.org/@babel/helper-compilation-targets/-/helper-compilation-targets-7.29.7.tgz 0ms (cache hit)
716 http cache @babel/helper-annotate-as-pure@https://registry.npmjs.org/@babel/helper-annotate-as-pure/-/helper-annotate-as-pure-7.29.7.tgz 0ms (cache hit)
717 http cache @babel/generator@https://registry.npmjs.org/@babel/generator/-/generator-7.29.8.tgz 0ms (cache hit)
718 http cache @babel/compat-data@https://registry.npmjs.org/@babel/compat-data/-/compat-data-7.29.7.tgz 0ms (cache hit)
719 http cache @babel/core@https://registry.npmjs.org/@babel/core/-/core-7.26.9.tgz 0ms (cache hit)
720 http cache @babel/code-frame@https://registry.npmjs.org/@babel/code-frame/-/code-frame-7.29.7.tgz 0ms (cache hit)
721 http cache @ampproject/remapping@https://registry.npmjs.org/@ampproject/remapping/-/remapping-2.3.0.tgz 0ms (cache hit)
722 http cache strip-ansi@https://registry.npmjs.org/strip-ansi/-/strip-ansi-6.0.1.tgz 0ms (cache hit)
723 http cache string-width@https://registry.npmjs.org/string-width/-/string-width-4.2.3.tgz 0ms (cache hit)
724 http cache @0no-co/graphql.web@https://registry.npmjs.org/@0no-co/graphql.web/-/graphql.web-1.3.3.tgz 0ms (cache hit)
725 http cache xmlbuilder@https://registry.npmjs.org/xmlbuilder/-/xmlbuilder-11.0.1.tgz 0ms (cache hit)
726 http cache uuid@https://registry.npmjs.org/uuid/-/uuid-7.0.3.tgz 0ms (cache hit)
727 http cache emoji-regex@https://registry.npmjs.org/emoji-regex/-/emoji-regex-8.0.0.tgz 0ms (cache hit)
728 http cache strip-ansi@https://registry.npmjs.org/strip-ansi/-/strip-ansi-6.0.1.tgz 0ms (cache hit)
729 http cache string-width@https://registry.npmjs.org/string-width/-/string-width-4.2.3.tgz 0ms (cache hit)
730 http cache emoji-regex@https://registry.npmjs.org/emoji-regex/-/emoji-regex-8.0.0.tgz 0ms (cache hit)
731 http cache webidl-conversions@https://registry.npmjs.org/webidl-conversions/-/webidl-conversions-5.0.0.tgz 0ms (cache hit)
732 http cache glob@https://registry.npmjs.org/glob/-/glob-7.2.3.tgz 0ms (cache hit)
733 http cache commander@https://registry.npmjs.org/commander/-/commander-2.20.3.tgz 0ms (cache hit)
734 http cache yallist@https://registry.npmjs.org/yallist/-/yallist-5.0.0.tgz 0ms (cache hit)
735 http cache commander@https://registry.npmjs.org/commander/-/commander-4.1.1.tgz 0ms (cache hit)
736 http cache ansi-regex@https://registry.npmjs.org/ansi-regex/-/ansi-regex-4.1.1.tgz 0ms (cache hit)
737 http cache strip-ansi@https://registry.npmjs.org/strip-ansi/-/strip-ansi-6.0.1.tgz 0ms (cache hit)
738 http cache type-fest@https://registry.npmjs.org/type-fest/-/type-fest-0.7.1.tgz 0ms (cache hit)
739 http cache escape-string-regexp@https://registry.npmjs.org/escape-string-regexp/-/escape-string-regexp-2.0.0.tgz 0ms (cache hit)
740 http cache source-map@https://registry.npmjs.org/source-map/-/source-map-0.6.1.tgz 0ms (cache hit)
741 http cache statuses@https://registry.npmjs.org/statuses/-/statuses-2.0.1.tgz 0ms (cache hit)
742 http cache is-arrayish@https://registry.npmjs.org/is-arrayish/-/is-arrayish-0.3.2.tgz 0ms (cache hit)
743 http cache bplist-parser@https://registry.npmjs.org/bplist-parser/-/bplist-parser-0.3.1.tgz 1ms (cache hit)
744 http cache send@https://registry.npmjs.org/send/-/send-0.19.0.tgz 0ms (cache hit)
745 http cache encodeurl@https://registry.npmjs.org/encodeurl/-/encodeurl-1.0.2.tgz 0ms (cache hit)
746 http cache debug@https://registry.npmjs.org/debug/-/debug-2.6.9.tgz 0ms (cache hit)
747 http cache on-finished@https://registry.npmjs.org/on-finished/-/on-finished-2.4.1.tgz 0ms (cache hit)
748 http cache encodeurl@https://registry.npmjs.org/encodeurl/-/encodeurl-2.0.0.tgz 0ms (cache hit)
749 http cache ms@https://registry.npmjs.org/ms/-/ms-2.0.0.tgz 0ms (cache hit)
750 http cache statuses@https://registry.npmjs.org/statuses/-/statuses-2.0.2.tgz 0ms (cache hit)
751 http cache http-errors@https://registry.npmjs.org/http-errors/-/http-errors-2.0.1.tgz 0ms (cache hit)
752 http cache on-finished@https://registry.npmjs.org/on-finished/-/on-finished-2.4.1.tgz 0ms (cache hit)
753 http cache encodeurl@https://registry.npmjs.org/encodeurl/-/encodeurl-2.0.0.tgz 0ms (cache hit)
754 http cache debug@https://registry.npmjs.org/debug/-/debug-2.6.9.tgz 0ms (cache hit)
755 http cache ms@https://registry.npmjs.org/ms/-/ms-2.0.0.tgz 0ms (cache hit)
756 http cache glob@https://registry.npmjs.org/glob/-/glob-7.2.3.tgz 0ms (cache hit)
757 http cache semver@https://registry.npmjs.org/semver/-/semver-7.7.2.tgz 0ms (cache hit)
758 http cache resolve@https://registry.npmjs.org/resolve/-/resolve-1.7.1.tgz 0ms (cache hit)
759 http cache memoize-one@https://registry.npmjs.org/memoize-one/-/memoize-one-6.0.0.tgz 0ms (cache hit)
760 http cache @react-native/normalize-colors@https://registry.npmjs.org/@react-native/normalize-colors/-/normalize-colors-0.74.89.tgz 0ms (cache hit)
761 http cache semver@https://registry.npmjs.org/semver/-/semver-7.7.2.tgz 0ms (cache hit)
762 http cache color-name@https://registry.npmjs.org/color-name/-/color-name-1.1.3.tgz 0ms (cache hit)
763 http cache color-convert@https://registry.npmjs.org/color-convert/-/color-convert-1.9.3.tgz 0ms (cache hit)
764 http cache color@https://registry.npmjs.org/color/-/color-3.2.1.tgz 0ms (cache hit)
765 http cache semver@https://registry.npmjs.org/semver/-/semver-7.7.1.tgz 0ms (cache hit)
766 http cache scheduler@https://registry.npmjs.org/scheduler/-/scheduler-0.26.0.tgz 0ms (cache hit)
767 http cache ws@https://registry.npmjs.org/ws/-/ws-6.2.3.tgz 0ms (cache hit)
768 http cache promise@https://registry.npmjs.org/promise/-/promise-8.3.0.tgz 0ms (cache hit)
769 http cache regenerator-runtime@https://registry.npmjs.org/regenerator-runtime/-/regenerator-runtime-0.13.11.tgz 0ms (cache hit)
770 http cache glob@https://registry.npmjs.org/glob/-/glob-7.2.3.tgz 0ms (cache hit)
771 http cache commander@https://registry.npmjs.org/commander/-/commander-12.1.0.tgz 0ms (cache hit)
772 http cache scheduler@https://registry.npmjs.org/scheduler/-/scheduler-0.26.0.tgz 0ms (cache hit)
773 http cache ws@https://registry.npmjs.org/ws/-/ws-7.5.10.tgz 0ms (cache hit)
774 http cache strip-json-comments@https://registry.npmjs.org/strip-json-comments/-/strip-json-comments-2.0.1.tgz 0ms (cache hit)
775 http cache ansi-styles@https://registry.npmjs.org/ansi-styles/-/ansi-styles-5.2.0.tgz 0ms (cache hit)
776 http cache p-locate@https://registry.npmjs.org/p-locate/-/p-locate-4.1.0.tgz 0ms (cache hit)
777 http cache p-limit@https://registry.npmjs.org/p-limit/-/p-limit-2.3.0.tgz 0ms (cache hit)
778 http cache locate-path@https://registry.npmjs.org/locate-path/-/locate-path-5.0.0.tgz 0ms (cache hit)
779 http cache find-up@https://registry.npmjs.org/find-up/-/find-up-4.1.0.tgz 0ms (cache hit)
780 http cache lru-cache@https://registry.npmjs.org/lru-cache/-/lru-cache-11.5.2.tgz 0ms (cache hit)
781 http cache escape-string-regexp@https://registry.npmjs.org/escape-string-regexp/-/escape-string-regexp-1.0.5.tgz 0ms (cache hit)
782 http cache supports-color@https://registry.npmjs.org/supports-color/-/supports-color-5.5.0.tgz 0ms (cache hit)
783 http cache color-name@https://registry.npmjs.org/color-name/-/color-name-1.1.3.tgz 0ms (cache hit)
784 http cache has-flag@https://registry.npmjs.org/has-flag/-/has-flag-3.0.0.tgz 0ms (cache hit)
785 http cache color-convert@https://registry.npmjs.org/color-convert/-/color-convert-1.9.3.tgz 0ms (cache hit)
786 http cache chalk@https://registry.npmjs.org/chalk/-/chalk-2.4.2.tgz 0ms (cache hit)
787 http cache ansi-styles@https://registry.npmjs.org/ansi-styles/-/ansi-styles-3.2.1.tgz 0ms (cache hit)
788 http cache semver@https://registry.npmjs.org/semver/-/semver-7.8.5.tgz 0ms (cache hit)
789 http cache whatwg-url@https://registry.npmjs.org/whatwg-url/-/whatwg-url-5.0.0.tgz 0ms (cache hit)
790 http cache webidl-conversions@https://registry.npmjs.org/webidl-conversions/-/webidl-conversions-3.0.1.tgz 0ms (cache hit)
791 http cache tr46@https://registry.npmjs.org/tr46/-/tr46-0.0.3.tgz 0ms (cache hit)
792 http cache picomatch@https://registry.npmjs.org/picomatch/-/picomatch-2.3.1.tgz 0ms (cache hit)
793 http cache mime-db@https://registry.npmjs.org/mime-db/-/mime-db-1.52.0.tgz 0ms (cache hit)
794 http cache https-proxy-agent@https://registry.npmjs.org/https-proxy-agent/-/https-proxy-agent-7.0.6.tgz 0ms (cache hit)
795 http cache hermes-parser@https://registry.npmjs.org/hermes-parser/-/hermes-parser-0.32.0.tgz 0ms (cache hit)
796 http cache hermes-estree@https://registry.npmjs.org/hermes-estree/-/hermes-estree-0.32.0.tgz 0ms (cache hit)
797 http cache agent-base@https://registry.npmjs.org/agent-base/-/agent-base-7.1.4.tgz 0ms (cache hit)
798 http cache hermes-parser@https://registry.npmjs.org/hermes-parser/-/hermes-parser-0.32.0.tgz 0ms (cache hit)
799 http cache ci-info@https://registry.npmjs.org/ci-info/-/ci-info-2.0.0.tgz 0ms (cache hit)
800 http cache hermes-estree@https://registry.npmjs.org/hermes-estree/-/hermes-estree-0.32.0.tgz 0ms (cache hit)
801 http cache semver@https://registry.npmjs.org/semver/-/semver-7.7.1.tgz 0ms (cache hit)
802 http cache supports-color@https://registry.npmjs.org/supports-color/-/supports-color-5.5.0.tgz 0ms (cache hit)
803 http cache has-flag@https://registry.npmjs.org/has-flag/-/has-flag-3.0.0.tgz 0ms (cache hit)
804 http cache escape-string-regexp@https://registry.npmjs.org/escape-string-regexp/-/escape-string-regexp-1.0.5.tgz 0ms (cache hit)
805 http cache color-name@https://registry.npmjs.org/color-name/-/color-name-1.1.3.tgz 0ms (cache hit)
806 http cache color-convert@https://registry.npmjs.org/color-convert/-/color-convert-1.9.3.tgz 0ms (cache hit)
807 http cache ws@https://registry.npmjs.org/ws/-/ws-7.5.10.tgz 0ms (cache hit)
808 http cache chalk@https://registry.npmjs.org/chalk/-/chalk-2.4.2.tgz 0ms (cache hit)
809 http cache ansi-styles@https://registry.npmjs.org/ansi-styles/-/ansi-styles-3.2.1.tgz 0ms (cache hit)
810 http cache ms@https://registry.npmjs.org/ms/-/ms-2.0.0.tgz 0ms (cache hit)
811 http cache debug@https://registry.npmjs.org/debug/-/debug-2.6.9.tgz 0ms (cache hit)
812 http cache supports-color@https://registry.npmjs.org/supports-color/-/supports-color-8.1.1.tgz 0ms (cache hit)
813 http cache picomatch@https://registry.npmjs.org/picomatch/-/picomatch-2.3.1.tgz 0ms (cache hit)
814 http cache camelcase@https://registry.npmjs.org/camelcase/-/camelcase-6.3.0.tgz 0ms (cache hit)
815 http cache semver@https://registry.npmjs.org/semver/-/semver-7.7.1.tgz 0ms (cache hit)
816 http cache source-map@https://registry.npmjs.org/source-map/-/source-map-0.6.1.tgz 0ms (cache hit)
817 http cache source-map-support@https://registry.npmjs.org/source-map-support/-/source-map-support-0.5.13.tgz 0ms (cache hit)
818 http cache glob@https://registry.npmjs.org/glob/-/glob-7.2.3.tgz 1ms (cache hit)
819 http cache glob@https://registry.npmjs.org/glob/-/glob-7.2.3.tgz 0ms (cache hit)
820 http cache onetime@https://registry.npmjs.org/onetime/-/onetime-5.1.2.tgz 0ms (cache hit)
821 http cache npm-run-path@https://registry.npmjs.org/npm-run-path/-/npm-run-path-4.0.1.tgz 0ms (cache hit)
822 http cache mimic-fn@https://registry.npmjs.org/mimic-fn/-/mimic-fn-2.1.0.tgz 0ms (cache hit)
823 http cache is-stream@https://registry.npmjs.org/is-stream/-/is-stream-2.0.1.tgz 0ms (cache hit)
824 http cache get-stream@https://registry.npmjs.org/get-stream/-/get-stream-6.0.1.tgz 0ms (cache hit)
825 http cache execa@https://registry.npmjs.org/execa/-/execa-5.1.1.tgz 0ms (cache hit)
826 http cache semver@https://registry.npmjs.org/semver/-/semver-7.7.1.tgz 0ms (cache hit)
827 http cache source-map@https://registry.npmjs.org/source-map/-/source-map-0.6.1.tgz 0ms (cache hit)
828 http cache statuses@https://registry.npmjs.org/statuses/-/statuses-2.0.1.tgz 0ms (cache hit)
829 http cache lru-cache@https://registry.npmjs.org/lru-cache/-/lru-cache-10.4.3.tgz 0ms (cache hit)
830 http cache react-is@https://registry.npmjs.org/react-is/-/react-is-16.13.1.tgz 0ms (cache hit)
831 http cache minimatch@https://registry.npmjs.org/minimatch/-/minimatch-10.2.6.tgz 0ms (cache hit)
832 http cache brace-expansion@https://registry.npmjs.org/brace-expansion/-/brace-expansion-5.0.9.tgz 0ms (cache hit)
833 http cache balanced-match@https://registry.npmjs.org/balanced-match/-/balanced-match-4.0.4.tgz 0ms (cache hit)
834 http cache ms@https://registry.npmjs.org/ms/-/ms-2.0.0.tgz 0ms (cache hit)
835 http cache debug@https://registry.npmjs.org/debug/-/debug-2.6.9.tgz 0ms (cache hit)
836 http cache semver@https://registry.npmjs.org/semver/-/semver-7.6.3.tgz 0ms (cache hit)
837 http cache semver@https://registry.npmjs.org/semver/-/semver-7.8.5.tgz 0ms (cache hit)
838 http cache minimatch@https://registry.npmjs.org/minimatch/-/minimatch-9.0.9.tgz 0ms (cache hit)
839 http cache expo-font@https://registry.npmjs.org/expo-font/-/expo-font-14.0.12.tgz 0ms (cache hit)
840 http cache expo-file-system@https://registry.npmjs.org/expo-file-system/-/expo-file-system-19.0.23.tgz 0ms (cache hit)
841 http cache expo-asset@https://registry.npmjs.org/expo-asset/-/expo-asset-12.0.13.tgz 0ms (cache hit)
842 http cache brace-expansion@https://registry.npmjs.org/brace-expansion/-/brace-expansion-2.1.4.tgz 0ms (cache hit)
843 http cache babel-preset-expo@https://registry.npmjs.org/babel-preset-expo/-/babel-preset-expo-54.0.12.tgz 0ms (cache hit)
844 http cache @expo/metro-config@https://registry.npmjs.org/@expo/metro-config/-/metro-config-54.0.17.tgz 0ms (cache hit)
845 http cache @expo/json-file@https://registry.npmjs.org/@expo/json-file/-/json-file-10.0.16.tgz 0ms (cache hit)
846 http cache @expo/cli@https://registry.npmjs.org/@expo/cli/-/cli-54.0.26.tgz 0ms (cache hit)
847 http cache @babel/code-frame@https://registry.npmjs.org/@babel/code-frame/-/code-frame-7.10.4.tgz 0ms (cache hit)
848 http cache debug@https://registry.npmjs.org/debug/-/debug-2.6.9.tgz 0ms (cache hit)
849 http cache ms@https://registry.npmjs.org/ms/-/ms-2.0.0.tgz 0ms (cache hit)
850 http cache @expo/prebuild-config@https://registry.npmjs.org/@expo/prebuild-config/-/prebuild-config-54.0.9.tgz 0ms (cache hit)
851 http cache negotiator@https://registry.npmjs.org/negotiator/-/negotiator-0.6.4.tgz 0ms (cache hit)
852 http cache ms@https://registry.npmjs.org/ms/-/ms-2.0.0.tgz 0ms (cache hit)
853 http cache string-width@https://registry.npmjs.org/string-width/-/string-width-4.2.3.tgz 0ms (cache hit)
854 http cache debug@https://registry.npmjs.org/debug/-/debug-2.6.9.tgz 0ms (cache hit)
855 http cache strip-ansi@https://registry.npmjs.org/strip-ansi/-/strip-ansi-6.0.1.tgz 0ms (cache hit)
856 http cache emoji-regex@https://registry.npmjs.org/emoji-regex/-/emoji-regex-8.0.0.tgz 0ms (cache hit)
857 http cache mkdirp@https://registry.npmjs.org/mkdirp/-/mkdirp-1.0.4.tgz 0ms (cache hit)
858 http cache istanbul-lib-instrument@https://registry.npmjs.org/istanbul-lib-instrument/-/istanbul-lib-instrument-5.2.1.tgz 0ms (cache hit)
859 http cache open@https://registry.npmjs.org/open/-/open-8.4.2.tgz 0ms (cache hit)
860 http cache form-data@https://registry.npmjs.org/form-data/-/form-data-4.0.2.tgz 0ms (cache hit)
861 http cache picomatch@https://registry.npmjs.org/picomatch/-/picomatch-2.3.1.tgz 0ms (cache hit)
862 http cache react-is@https://registry.npmjs.org/react-is/-/react-is-19.2.3.tgz 0ms (cache hit)
863 http cache ws@https://registry.npmjs.org/ws/-/ws-6.2.3.tgz 0ms (cache hit)
864 http cache @types/react@https://registry.npmjs.org/@types/react/-/react-18.3.27.tgz 0ms (cache hit)
865 http cache semver@https://registry.npmjs.org/semver/-/semver-7.7.3.tgz 0ms (cache hit)
866 http cache glob@https://registry.npmjs.org/glob/-/glob-7.2.3.tgz 0ms (cache hit)
867 http cache @radix-ui/react-slot@https://registry.npmjs.org/@radix-ui/react-slot/-/react-slot-1.2.3.tgz 0ms (cache hit)
868 http cache @radix-ui/react-slot@https://registry.npmjs.org/@radix-ui/react-slot/-/react-slot-1.2.3.tgz 0ms (cache hit)
869 http cache write-file-atomic@https://registry.npmjs.org/write-file-atomic/-/write-file-atomic-4.0.2.tgz 0ms (cache hit)
870 http cache @radix-ui/react-slot@https://registry.npmjs.org/@radix-ui/react-slot/-/react-slot-1.2.3.tgz 0ms (cache hit)
871 http cache glob@https://registry.npmjs.org/glob/-/glob-7.2.3.tgz 0ms (cache hit)
872 http cache strip-ansi@https://registry.npmjs.org/strip-ansi/-/strip-ansi-6.0.1.tgz 0ms (cache hit)
873 http cache strip-ansi@https://registry.npmjs.org/strip-ansi/-/strip-ansi-6.0.1.tgz 0ms (cache hit)
874 http cache p-locate@https://registry.npmjs.org/p-locate/-/p-locate-4.1.0.tgz 0ms (cache hit)
875 http cache locate-path@https://registry.npmjs.org/locate-path/-/locate-path-5.0.0.tgz 0ms (cache hit)
876 http cache p-limit@https://registry.npmjs.org/p-limit/-/p-limit-2.3.0.tgz 0ms (cache hit)
877 http cache find-up@https://registry.npmjs.org/find-up/-/find-up-4.1.0.tgz 0ms (cache hit)
878 http cache js-yaml@https://registry.npmjs.org/js-yaml/-/js-yaml-4.3.1.tgz 0ms (cache hit)
879 http cache argparse@https://registry.npmjs.org/argparse/-/argparse-2.0.1.tgz 0ms (cache hit)
880 http cache semver@https://registry.npmjs.org/semver/-/semver-7.7.3.tgz 0ms (cache hit)
881 http cache @expo/json-file@https://registry.npmjs.org/@expo/json-file/-/json-file-11.0.1.tgz 0ms (cache hit)
882 http cache semver@https://registry.npmjs.org/semver/-/semver-7.7.3.tgz 0ms (cache hit)
883 http cache semver@https://registry.npmjs.org/semver/-/semver-7.8.5.tgz 0ms (cache hit)
884 http cache minimatch@https://registry.npmjs.org/minimatch/-/minimatch-10.2.6.tgz 0ms (cache hit)
885 http cache brace-expansion@https://registry.npmjs.org/brace-expansion/-/brace-expansion-5.0.9.tgz 0ms (cache hit)
886 http cache balanced-match@https://registry.npmjs.org/balanced-match/-/balanced-match-4.0.4.tgz 0ms (cache hit)
887 http cache debug@https://registry.npmjs.org/debug/-/debug-3.2.7.tgz 0ms (cache hit)
888 http cache semver@https://registry.npmjs.org/semver/-/semver-7.8.5.tgz 0ms (cache hit)
889 http cache @babel/code-frame@https://registry.npmjs.org/@babel/code-frame/-/code-frame-7.10.4.tgz 0ms (cache hit)
890 http cache semver@https://registry.npmjs.org/semver/-/semver-7.8.5.tgz 0ms (cache hit)
891 http cache @expo/json-file@https://registry.npmjs.org/@expo/json-file/-/json-file-10.0.16.tgz 0ms (cache hit)
892 http cache @babel/code-frame@https://registry.npmjs.org/@babel/code-frame/-/code-frame-7.10.4.tgz 0ms (cache hit)
893 http cache supports-color@https://registry.npmjs.org/supports-color/-/supports-color-5.5.0.tgz 0ms (cache hit)
894 http cache deepmerge@https://registry.npmjs.org/deepmerge/-/deepmerge-3.3.0.tgz 0ms (cache hit)
895 http cache has-flag@https://registry.npmjs.org/has-flag/-/has-flag-3.0.0.tgz 1ms (cache hit)
896 http cache escape-string-regexp@https://registry.npmjs.org/escape-string-regexp/-/escape-string-regexp-1.0.5.tgz 0ms (cache hit)
897 http cache color-name@https://registry.npmjs.org/color-name/-/color-name-1.1.3.tgz 0ms (cache hit)
898 http cache color-convert@https://registry.npmjs.org/color-convert/-/color-convert-1.9.3.tgz 0ms (cache hit)
899 http cache chalk@https://registry.npmjs.org/chalk/-/chalk-2.4.2.tgz 0ms (cache hit)
900 http cache ansi-styles@https://registry.npmjs.org/ansi-styles/-/ansi-styles-3.2.1.tgz 0ms (cache hit)
901 http fetch POST 200 https://registry.npmjs.org/-/npm/v1/security/advisories/bulk 2349ms
902 silly audit report {
902 silly audit report   '@babel/core': [
902 silly audit report     {
902 silly audit report       id: 1123528,
902 silly audit report       url: 'https://github.com/advisories/GHSA-4x5r-pxfx-6jf8',
902 silly audit report       title: '@babel/core: Arbitrary File Read via sourceMappingURL Comment',
902 silly audit report       severity: 'low',
902 silly audit report       vulnerable_versions: '<=7.29.0',
902 silly audit report       cwe: [Array],
902 silly audit report       cvss: [Object]
902 silly audit report     }
902 silly audit report   ],
902 silly audit report   '@babel/helpers': [
902 silly audit report     {
902 silly audit report       id: 1104001,
902 silly audit report       url: 'https://github.com/advisories/GHSA-968p-4wvh-cqc8',
902 silly audit report       title: 'Babel has inefficient RegExp complexity in generated code with .replace when transpiling named capturing groups',
902 silly audit report       severity: 'moderate',
902 silly audit report       vulnerable_versions: '<7.26.10',
902 silly audit report       cwe: [Array],
902 silly audit report       cvss: [Object]
902 silly audit report     }
902 silly audit report   ],
902 silly audit report   '@babel/runtime': [
902 silly audit report     {
902 silly audit report       id: 1104000,
902 silly audit report       url: 'https://github.com/advisories/GHSA-968p-4wvh-cqc8',
902 silly audit report       title: 'Babel has inefficient RegExp complexity in generated code with .replace when transpiling named capturing groups',
902 silly audit report       severity: 'moderate',
902 silly audit report       vulnerable_versions: '<7.26.10',
902 silly audit report       cwe: [Array],
902 silly audit report       cvss: [Object]
902 silly audit report     }
902 silly audit report   ],
902 silly audit report   'brace-expansion': [
902 silly audit report     {
902 silly audit report       id: 1105443,
902 silly audit report       url: 'https://github.com/advisories/GHSA-v6h2-p8h4-qcjw',
902 silly audit report       title: 'brace-expansion Regular Expression Denial of Service vulnerability',
902 silly audit report       severity: 'low',
902 silly audit report       vulnerable_versions: '>=1.0.0 <=1.1.11',
902 silly audit report       cwe: [Array],
902 silly audit report       cvss: [Object]
902 silly audit report     },
902 silly audit report     {
902 silly audit report       id: 1130588,
902 silly audit report       url: 'https://github.com/advisories/GHSA-mh99-v99m-4gvg',
902 silly audit report       title: 'brace-expansion: DoS via unbounded expansion length causing an out-of-memory process crash',
902 silly audit report       severity: 'high',
902 silly audit report       vulnerable_versions: '<1.1.17',
902 silly audit report       cwe: [Array],
902 silly audit report       cvss: [Object]
902 silly audit report     },
902 silly audit report     {
902 silly audit report       id: 1130737,
902 silly audit report       url: 'https://github.com/advisories/GHSA-rgw5-rvv9-x895',
902 silly audit report       title: 'brace-expansion: DoS via unbounded intermediate arrays, bypassing the CVE-2026-14257 mitigation',
902 silly audit report       severity: 'high',
902 silly audit report       vulnerable_versions: '<1.1.18',
902 silly audit report       cwe: [Array],
902 silly audit report       cvss: [Object]
902 silly audit report     },
902 silly audit report     {
902 silly audit report       id: 1115540,
902 silly audit report       url: 'https://github.com/advisories/GHSA-f886-m6hf-6m8v',
902 silly audit report       title: 'brace-expansion: Zero-step sequence causes process hang and memory exhaustion',
902 silly audit report       severity: 'moderate',
902 silly audit report       vulnerable_versions: '<1.1.13',
902 silly audit report       cwe: [Array],
902 silly audit report       cvss: [Object]
902 silly audit report     },
902 silly audit report     {
902 silly audit report       id: 1123897,
902 silly audit report       url: 'https://github.com/advisories/GHSA-3jxr-9vmj-r5cp',
902 silly audit report       title: 'brace-expansion: DoS via exponential-time expansion of consecutive non-expanding {} groups',
902 silly audit report       severity: 'high',
902 silly audit report       vulnerable_versions: '<1.1.16',
902 silly audit report       cwe: [Array],
902 silly audit report       cvss: [Object]
902 silly audit report     }
902 silly audit report   ],
902 silly audit report   minimatch: [
902 silly audit report     {
902 silly audit report       id: 1113459,
902 silly audit report       url: 'https://github.com/advisories/GHSA-3ppc-4f35-3m26',
902 silly audit report       title: 'minimatch has a ReDoS via repeated wildcards with non-matching literal in pattern',
902 silly audit report       severity: 'high',
902 silly audit report       vulnerable_versions: '<3.1.3',
902 silly audit report       cwe: [Array],
902 silly audit report       cvss: [Object]
902 silly audit report     },
902 silly audit report     {
902 silly audit report       id: 1113538,
902 silly audit report       url: 'https://github.com/advisories/GHSA-7r86-cg39-jmmj',
902 silly audit report       title: 'minimatch has ReDoS: matchOne() combinatorial backtracking via multiple non-adjacent GLOBSTAR segments',
902 silly audit report       severity: 'high',
902 silly audit report       vulnerable_versions: '<3.1.3',
902 silly audit report       cwe: [Array],
902 silly audit report       cvss: [Object]
902 silly audit report     },
902 silly audit report     {
902 silly audit report       id: 1113546,
902 silly audit report       url: 'https://github.com/advisories/GHSA-23c5-xmqv-rm74',
902 silly audit report       title: 'minimatch ReDoS: nested *() extglobs generate catastrophically backtracking regular expressions',
902 silly audit report       severity: 'high',
902 silly audit report       vulnerable_versions: '<3.1.4',
902 silly audit report       cwe: [Array],
902 silly audit report       cvss: [Object]
902 silly audit report     }
902 silly audit report   ],
902 silly audit report   'js-yaml': [
902 silly audit report     {
902 silly audit report       id: 1112714,
902 silly audit report       url: 'https://github.com/advisories/GHSA-mh29-5h37-fv8m',
902 silly audit report       title: 'js-yaml has prototype pollution in merge (<<)',
902 silly audit report       severity: 'moderate',
902 silly audit report       vulnerable_versions: '<3.14.2',
902 silly audit report       cwe: [Array],
902 silly audit report       cvss: [Object]
902 silly audit report     },
902 silly audit report     {
902 silly audit report       id: 1121859,
902 silly audit report       url: 'https://github.com/advisories/GHSA-h67p-54hq-rp68',
902 silly audit report       title: 'JS-YAML: Quadratic-complexity DoS in merge key handling via repeated aliases',
902 silly audit report       severity: 'moderate',
902 silly audit report       vulnerable_versions: '<3.15.0',
902 silly audit report       cwe: [Array],
902 silly audit report       cvss: [Object]
902 silly audit report     },
902 silly audit report     {
902 silly audit report       id: 1123912,
902 silly audit report       url: 'https://github.com/advisories/GHSA-52cp-r559-cp3m',
902 silly audit report       title: 'js-yaml: YAML merge-key chains can force quadratic CPU consumption',
902 silly audit report       severity: 'high',
902 silly audit report       vulnerable_versions: '>=3.0.0 <3.15.0',
902 silly audit report       cwe: [Array],
902 silly audit report       cvss: [Object]
902 silly audit report     }
902 silly audit report   ],
902 silly audit report   ws: [
902 silly audit report     {
902 silly audit report       id: 1123260,
902 silly audit report       url: 'https://github.com/advisories/GHSA-96hv-2xvq-fx4p',
902 silly audit report       title: 'ws: Memory exhaustion DoS from tiny fragments and data chunks',
902 silly audit report       severity: 'high',
902 silly audit report       vulnerable_versions: '>=7.0.0 <7.5.11',
902 silly audit report       cwe: [Array],
902 silly audit report       cvss: [Object]
902 silly audit report     },
902 silly audit report     {
902 silly audit report       id: 1123261,
902 silly audit report       url: 'https://github.com/advisories/GHSA-96hv-2xvq-fx4p',
902 silly audit report       title: 'ws: Memory exhaustion DoS from tiny fragments and data chunks',
902 silly audit report       severity: 'high',
902 silly audit report       vulnerable_versions: '>=6.0.0 <6.2.4',
902 silly audit report       cwe: [Array],
902 silly audit report       cvss: [Object]
902 silly audit report     }
902 silly audit report   ],
902 silly audit report   ajv: [
902 silly audit report     {
902 silly audit report       id: 1113715,
902 silly audit report       url: 'https://github.com/advisories/GHSA-2g4f-4pwh-qvx6',
902 silly audit report       title: 'ajv has ReDoS when using `$data` option',
902 silly audit report       severity: 'moderate',
902 silly audit report       vulnerable_versions: '>=7.0.0-alpha.0 <8.18.0',
902 silly audit report       cwe: [Array],
902 silly audit report       cvss: [Object]
902 silly audit report     }
902 silly audit report   ],
902 silly audit report   picomatch: [
902 silly audit report     {
902 silly audit report       id: 1115549,
902 silly audit report       url: 'https://github.com/advisories/GHSA-3v7f-55p6-f55p',
902 silly audit report       title: 'Picomatch: Method Injection in POSIX Character Classes causes incorrect Glob Matching',
902 silly audit report       severity: 'moderate',
902 silly audit report       vulnerable_versions: '<2.3.2',
902 silly audit report       cwe: [Array],
902 silly audit report       cvss: [Object]
902 silly audit report     },
902 silly audit report     {
902 silly audit report       id: 1115552,
902 silly audit report       url: 'https://github.com/advisories/GHSA-c2c7-rcm5-vvqj',
902 silly audit report       title: 'Picomatch has a ReDoS vulnerability via extglob quantifiers',
902 silly audit report       severity: 'high',
902 silly audit report       vulnerable_versions: '<2.3.2',
902 silly audit report       cwe: [Array],
902 silly audit report       cvss: [Object]
902 silly audit report     }
902 silly audit report   ],
902 silly audit report   axios: [
902 silly audit report     {
902 silly audit report       id: 1111035,
902 silly audit report       url: 'https://github.com/advisories/GHSA-jr5f-v2jv-69x6',
902 silly audit report       title: 'axios Requests Vulnerable To Possible SSRF and Credential Leakage via Absolute URL',
902 silly audit report       severity: 'high',
902 silly audit report       vulnerable_versions: '>=1.0.0 <1.8.2',
902 silly audit report       cwe: [Array],
902 silly audit report       cvss: [Object]
902 silly audit report     },
902 silly audit report     {
902 silly audit report       id: 1118607,
902 silly audit report       url: 'https://github.com/advisories/GHSA-q8qp-cvcw-x6jj',
902 silly audit report       title: 'Axios has prototype pollution read-side gadgets in HTTP adapter that allow credential injection and request hijacking',
902 silly audit report       severity: 'high',
902 silly audit report       vulnerable_versions: '>=1.0.0 <1.15.2',
902 silly audit report       cwe: [Array],
902 silly audit report       cvss: [Object]
902 silly audit report     },
902 silly audit report     {
902 silly audit report       id: 1112195,
902 silly audit report       url: 'https://github.com/advisories/GHSA-4hjh-wcwx-xvwj',
902 silly audit report       title: 'Axios is vulnerable to DoS attack through lack of data size check',
902 silly audit report       severity: 'high',
902 silly audit report       vulnerable_versions: '>=1.0.0 <1.12.0',
902 silly audit report       cwe: [Array],
902 silly audit report       cvss: [Object]
902 silly audit report     },
902 silly audit report     {
902 silly audit report       id: 1119404,
902 silly audit report       url: 'https://github.com/advisories/GHSA-fvcv-3m26-pcqx',
902 silly audit report       title: 'Axios has Unrestricted Cloud Metadata Exfiltration via Header Injection Chain',
902 silly audit report       severity: 'moderate',
902 silly audit report       vulnerable_versions: '>=1.0.0 <1.15.0',
902 silly audit report       cwe: [Array],
902 silly audit report       cvss: [Object]
902 silly audit report     },
902 silly audit report     {
902 silly audit report       id: 1120125,
902 silly audit report       url: 'https://github.com/advisories/GHSA-62hf-57xw-28j9',
902 silly audit report       title: 'Axios: unbounded recursion in toFormData causes DoS via deeply nested request data',
902 silly audit report       severity: 'moderate',
902 silly audit report       vulnerable_versions: '>=1.0.0 <1.15.1',
902 silly audit report       cwe: [Array],
902 silly audit report       cvss: [Object]
902 silly audit report     },
902 silly audit report     {
902 silly audit report       id: 1120547,
902 silly audit report       url: 'https://github.com/advisories/GHSA-hfxv-24rg-xrqf',
902 silly audit report       title: 'Axios: Regular Expression Denial of Service (ReDoS) via Cookie Name Injection',
902 silly audit report       severity: 'high',
902 silly audit report       vulnerable_versions: '>=1.0.0 <1.16.0',
902 silly audit report       cwe: [Array],
902 silly audit report       cvss: [Object]
902 silly audit report     },
902 silly audit report     {
902 silly audit report       id: 1120643,
902 silly audit report       url: 'https://github.com/advisories/GHSA-777c-7fjr-54vf',
902 silly audit report       title: 'Allocation of Resources Without Limits or Throttling in Axios',
902 silly audit report       severity: 'high',
902 silly audit report       vulnerable_versions: '>=1.7.0 <1.16.0',
902 silly audit report       cwe: [Array],
902 silly audit report       cvss: [Object]
902 silly audit report     },
902 silly audit report     {
902 silly audit report       id: 1120645,
902 silly audit report       url: 'https://github.com/advisories/GHSA-p92q-9vqr-4j8v',
902 silly audit report       title: 'Axios: Proxy-Authorization Credential Leak to Origin Server Across HTTP-to-HTTPS Redirect in Axios Node.js HTTP Adapter',
902 silly audit report       severity: 'high',
902 silly audit report       vulnerable_versions: '>=1.0.0 <1.16.0',
902 silly audit report       cwe: [Array],
902 silly audit report       cvss: [Object]
902 silly audit report     },
902 silly audit report     {
902 silly audit report       id: 1120647,
902 silly audit report       url: 'https://github.com/advisories/GHSA-j5f8-grm9-p9fc',
902 silly audit report       title: 'Axios: Proxy-Authorization header leaks to redirect target when proxy is re-evaluated to direct connection',
902 silly audit report       severity: 'high',
902 silly audit report       vulnerable_versions: '>=1.0.0 <1.16.0',
902 silly audit report       cwe: [Array],
902 silly audit report       cvss: [Object]
902 silly audit report     },
902 silly audit report     {
902 silly audit report       id: 1120649,
902 silly audit report       url: 'https://github.com/advisories/GHSA-3g43-6gmg-66jw',
902 silly audit report       title: 'axios Vulnerable to Credential Theft and Response Hijacking via Prototype Pollution Gadget in Config Merge',
902 silly audit report       severity: 'high',
902 silly audit report       vulnerable_versions: '>=1.0.0 <1.15.2',
902 silly audit report       cwe: [Array],
902 silly audit report       cvss: [Object]
902 silly audit report     },
902 silly audit report     {
902 silly audit report       id: 1120650,
902 silly audit report       url: 'https://github.com/advisories/GHSA-35jp-ww65-95wh',
902 silly audit report       title: 'axios Vulnerable to Full Man-in-the-Middle via Prototype Pollution Gadget in `config.proxy`',
902 silly audit report       severity: 'high',
902 silly audit report       vulnerable_versions: '>=1.0.0 <1.16.0',
902 silly audit report       cwe: [Array],
902 silly audit report       cvss: [Object]
902 silly audit report     },
902 silly audit report     {
902 silly audit report       id: 1120652,
902 silly audit report       url: 'https://github.com/advisories/GHSA-898c-q2cr-xwhg',
902 silly audit report       title: 'axios has DoS & Header Injection via Prototype Pollution Read-Side Gadgets in axios merge functions',
902 silly audit report       severity: 'moderate',
902 silly audit report       vulnerable_versions: '>=1.0.0 <1.16.0',
902 silly audit report       cwe: [Array],
902 silly audit report       cvss: [Object]
902 silly audit report     },
902 silly audit report     {
902 silly audit report       id: 1116673,
902 silly audit report       url: 'https://github.com/advisories/GHSA-3p68-rc4w-qgx5',
902 silly audit report       title: 'Axios has a NO_PROXY Hostname Normalization Bypass that Leads to SSRF',
902 silly audit report       severity: 'moderate',
902 silly audit report       vulnerable_versions: '>=1.0.0 <1.15.0',
902 silly audit report       cwe: [Array],
902 silly audit report       cvss: [Object]
902 silly audit report     },
902 silly audit report     {
902 silly audit report       id: 1117574,
902 silly audit report       url: 'https://github.com/advisories/GHSA-w9j2-pvgh-6h63',
902 silly audit report       title: 'Axios: Authentication Bypass via Prototype Pollution Gadget in `validateStatus` Merge Strategy',
902 silly audit report       severity: 'moderate',
902 silly audit report       vulnerable_versions: '>=1.0.0 <1.15.1',
902 silly audit report       cwe: [Array],
902 silly audit report       cvss: [Object]
902 silly audit report     },
902 silly audit report     {
902 silly audit report       id: 1117576,
902 silly audit report       url: 'https://github.com/advisories/GHSA-pmwg-cvhr-8vh7',
902 silly audit report       title: 'Axios: Incomplete Fix for CVE-2025-62718 — NO_PROXY Protection Bypassed via RFC 1122 Loopback Subnet (127.0.0.0/8) in Axios 1.15.0',
902 silly audit report       severity: 'high',
902 silly audit report       vulnerable_versions: '>=1.0.0 <1.15.1',
902 silly audit report       cwe: [Array],
902 silly audit report       cvss: [Object]
902 silly audit report     },
902 silly audit report     {
902 silly audit report       id: 1117577,
902 silly audit report       url: 'https://github.com/advisories/GHSA-3w6x-2g7m-8v23',
902 silly audit report       title: 'Axios: Invisible JSON Response Tampering via Prototype Pollution Gadget in `parseReviver`',
902 silly audit report       severity: 'moderate',
902 silly audit report       vulnerable_versions: '>=1.0.0 <1.15.2',
902 silly audit report       cwe: [Array],
902 silly audit report       cvss: [Object]
902 silly audit report     },
902 silly audit report     {
902 silly audit report       id: 1117580,
902 silly audit report       url: 'https://github.com/advisories/GHSA-xhjh-pmcv-23jw',
902 silly audit report       title: 'Axios: Null Byte Injection via Reverse-Encoding in AxiosURLSearchParams',
902 silly audit report       severity: 'low',
902 silly audit report       vulnerable_versions: '>=1.0.0 <1.15.1',
902 silly audit report       cwe: [Array],
902 silly audit report       cvss: [Object]
902 silly audit report     },
902 silly audit report     {
902 silly audit report       id: 1117581,
902 silly audit report       url: 'https://github.com/advisories/GHSA-445q-vr5w-6q77',
902 silly audit report       title: 'Axios: CRLF Injection in multipart/form-data body via unsanitized blob.type in formDataToStream',
902 silly audit report       severity: 'moderate',
902 silly audit report       vulnerable_versions: '>=1.0.0 <1.15.1',
902 silly audit report       cwe: [Array],
902 silly audit report       cvss: [Object]
902 silly audit report     },
902 silly audit report     {
902 silly audit report       id: 1117583,
902 silly audit report       url: 'https://github.com/advisories/GHSA-m7pr-hjqh-92cm',
902 silly audit report       title: 'Axios: no_proxy bypass via IP alias allows SSRF',
902 silly audit report       severity: 'moderate',
902 silly audit report       vulnerable_versions: '>=1.0.0 <1.15.1',
902 silly audit report       cwe: [Array],
902 silly audit report       cvss: [Object]
902 silly audit report     },
902 silly audit report     {
902 silly audit report       id: 1117587,
902 silly audit report       url: 'https://github.com/advisories/GHSA-5c9x-8gcm-mpgx',
902 silly audit report       title: "Axios' HTTP adapter-streamed uploads bypass maxBodyLength when maxRedirects: 0",
902 silly audit report       severity: 'moderate',
902 silly audit report       vulnerable_versions: '>=1.0.0 <1.15.1',
902 silly audit report       cwe: [Array],
902 silly audit report       cvss: [Object]
902 silly audit report     },
902 silly audit report     {
902 silly audit report       id: 1117589,
902 silly audit report       url: 'https://github.com/advisories/GHSA-vf2m-468p-8v99',
902 silly audit report       title: 'Axios: HTTP adapter streamed responses bypass maxContentLength',
902 silly audit report       severity: 'moderate',
902 silly audit report       vulnerable_versions: '>=1.0.0 <1.15.1',
902 silly audit report       cwe: [Array],
902 silly audit report       cvss: [Object]
902 silly audit report     },
902 silly audit report     {
902 silly audit report       id: 1117591,
902 silly audit report       url: 'https://github.com/advisories/GHSA-pf86-5x62-jrwf',
902 silly audit report       title: 'Axios: Prototype Pollution Gadgets - Response Tampering, Data Exfiltration, and Request Hijacking',
902 silly audit report       severity: 'high',
902 silly audit report       vulnerable_versions: '>=1.0.0 <1.15.1',
902 silly audit report       cwe: [Array],
902 silly audit report       cvss: [Object]
902 silly audit report     },
902 silly audit report     {
902 silly audit report       id: 1117593,
902 silly audit report       url: 'https://github.com/advisories/GHSA-6chq-wfr3-2hj9',
902 silly audit report       title: 'Axios: Header Injection via Prototype Pollution',
902 silly audit report       severity: 'high',
902 silly audit report       vulnerable_versions: '>=1.0.0 <1.15.1',
902 silly audit report       cwe: [Array],
902 silly audit report       cvss: [Object]
902 silly audit report     },
902 silly audit report     {
902 silly audit report       id: 1117595,
902 silly audit report       url: 'https://github.com/advisories/GHSA-xx6v-rp6x-q39c',
902 silly audit report       title: 'Axios: XSRF Token Cross-Origin Leakage via Prototype Pollution Gadget in `withXSRFToken` Boolean Coercion',
902 silly audit report       severity: 'moderate',
902 silly audit report       vulnerable_versions: '>=1.0.0 <1.15.1',
902 silly audit report       cwe: [Array],
902 silly audit report       cvss: [Object]
902 silly audit report     },
902 silly audit report     {
902 silly audit report       id: 1117858,
902 silly audit report       url: 'https://github.com/advisories/GHSA-43fc-jf86-j433',
902 silly audit report       title: 'Axios is Vulnerable to Denial of Service via __proto__ Key in mergeConfig',
902 silly audit report       severity: 'high',
902 silly audit report       vulnerable_versions: '>=1.0.0 <=1.13.4',
902 silly audit report       cwe: [Array],
902 silly audit report       cvss: [Object]
902 silly audit report     },
902 silly audit report     {
902 silly audit report       id: 1123882,
902 silly audit report       url: 'https://github.com/advisories/GHSA-42h9-826w-cgv3',
902 silly audit report       title: 'Axios: Excessive recursion in formDataToJSON can cause denial of service',
902 silly audit report       severity: 'moderate',
902 silly audit report       vulnerable_versions: '>=1.0.0 <1.18.0',
902 silly audit report       cwe: [Array],
902 silly audit report       cvss: [Object]
902 silly audit report     },
902 silly audit report     {
902 silly audit report       id: 1123885,
902 silly audit report       url: 'https://github.com/advisories/GHSA-pmv8-rq9r-6j72',
902 silly audit report       title: 'Axios: Deep formToJSON Key Recursion Can Cause Denial of Service',
902 silly audit report       severity: 'moderate',
902 silly audit report       vulnerable_versions: '>=1.0.0 <1.18.0',
902 silly audit report       cwe: [Array],
902 silly audit report       cvss: [Object]
902 silly audit report     },
902 silly audit report     {
902 silly audit report       id: 1123957,
902 silly audit report       url: 'https://github.com/advisories/GHSA-jqh4-m9w3-8hp9',
902 silly audit report       title: 'Axios: Fetch adapter `ReadableStream` uploads bypass `maxBodyLength`',
902 silly audit report       severity: 'moderate',
902 silly audit report       vulnerable_versions: '>=1.7.0 <1.18.0',
902 silly audit report       cwe: [Array],
902 silly audit report       cvss: [Object]
902 silly audit report     },
902 silly audit report     {
902 silly audit report       id: 1123959,
902 silly audit report       url: 'https://github.com/advisories/GHSA-mmx7-hfxf-jppx',
902 silly audit report       title: 'Axios: Prototype pollution gadgets can alter axios request construction',
902 silly audit report       severity: 'moderate',
902 silly audit report       vulnerable_versions: '>=1.0.0 <1.18.0',
902 silly audit report       cwe: [Array],
902 silly audit report       cvss: [Object]
902 silly audit report     },
902 silly audit report     {
902 silly audit report       id: 1123971,
902 silly audit report       url: 'https://github.com/advisories/GHSA-7q8q-rj6j-mhjq',
902 silly audit report       title: 'Axios: Nested axios option objects can consume polluted prototype values',
902 silly audit report       severity: 'moderate',
902 silly audit report       vulnerable_versions: '>=1.0.0 <1.18.0',
902 silly audit report       cwe: [Array],
902 silly audit report       cvss: [Object]
902 silly audit report     }
902 silly audit report   ],
902 silly audit report   'form-data': [
902 silly audit report     {
902 silly audit report       id: 1109538,
902 silly audit report       url: 'https://github.com/advisories/GHSA-fjxv-7rqg-78g4',
902 silly audit report       title: 'form-data uses unsafe random function in form-data for choosing boundary',
902 silly audit report       severity: 'critical',
902 silly audit report       vulnerable_versions: '>=4.0.0 <4.0.4',
902 silly audit report       cwe: [Array],
902 silly audit report       cvss: [Object]
902 silly audit report     },
902 silly audit report     {
902 silly audit report       id: 1120743,
902 silly audit report       url: 'https://github.com/advisories/GHSA-hmw2-7cc7-3qxx',
902 silly audit report       title: 'form-data: CRLF injection in form-data via unescaped multipart field names and filenames',
902 silly audit report       severity: 'high',
902 silly audit report       vulnerable_versions: '>=4.0.0 <4.0.6',
902 silly audit report       cwe: [Array],
902 silly audit report       cvss: [Object]
902 silly audit report     }
902 silly audit report   ],
902 silly audit report   'fast-uri': [
902 silly audit report     {
902 silly audit report       id: 1130720,
902 silly audit report       url: 'https://github.com/advisories/GHSA-7p8r-x3mc-p8w7',
902 silly audit report       title: 'fast-uri vulnerable to host confusion via backslash authority introducer',
902 silly audit report       severity: 'high',
902 silly audit report       vulnerable_versions: '>=3.0.0 <3.1.5',
902 silly audit report       cwe: [Array],
902 silly audit report       cvss: [Object]
902 silly audit report     },
902 silly audit report     {
902 silly audit report       id: 1117884,
902 silly audit report       url: 'https://github.com/advisories/GHSA-v39h-62p7-jpjc',
902 silly audit report       title: 'fast-uri vulnerable to host confusion via percent-encoded authority delimiters',
902 silly audit report       severity: 'high',
902 silly audit report       vulnerable_versions: '<=3.1.1',
902 silly audit report       cwe: [Array],
902 silly audit report       cvss: [Object]
902 silly audit report     },
902 silly audit report     {
902 silly audit report       id: 1117870,
902 silly audit report       url: 'https://github.com/advisories/GHSA-q3j6-qgpj-74h6',
902 silly audit report       title: 'fast-uri vulnerable to path traversal via percent-encoded dot segments',
902 silly audit report       severity: 'high',
902 silly audit report       vulnerable_versions: '<=3.1.0',
902 silly audit report       cwe: [Array],
902 silly audit report       cvss: [Object]
902 silly audit report     },
902 silly audit report     {
902 silly audit report       id: 1124064,
902 silly audit report       url: 'https://github.com/advisories/GHSA-v2hh-gcrm-f6hx',
902 silly audit report       title: 'fast-uri vulnerable to host confusion via literal backslash authority delimiter',
902 silly audit report       severity: 'high',
902 silly audit report       vulnerable_versions: '>=3.0.0 <=3.1.3',
902 silly audit report       cwe: [Array],
902 silly audit report       cvss: [Object]
902 silly audit report     },
902 silly audit report     {
902 silly audit report       id: 1132817,
902 silly audit report       url: 'https://github.com/advisories/GHSA-4c8g-83qw-93j6',
902 silly audit report       title: 'fast-uri vulnerable to host confusion via failed IDN canonicalization',
902 silly audit report       severity: 'high',
902 silly audit report       vulnerable_versions: '>=3.0.0 <3.1.3',
902 silly audit report       cwe: [Array],
902 silly audit report       cvss: [Object]
902 silly audit report     }
902 silly audit report   ],
902 silly audit report   'follow-redirects': [
902 silly audit report     {
902 silly audit report       id: 1116560,
902 silly audit report       url: 'https://github.com/advisories/GHSA-r4q5-vmmm-2653',
902 silly audit report       title: 'follow-redirects leaks Custom Authentication Headers to Cross-Domain Redirect Targets',
902 silly audit report       severity: 'moderate',
902 silly audit report       vulnerable_versions: '<=1.15.11',
902 silly audit report       cwe: [Array],
902 silly audit report       cvss: [Object]
902 silly audit report     }
902 silly audit report   ],
902 silly audit report   'image-size': [
902 silly audit report     {
902 silly audit report       id: 1120504,
902 silly audit report       url: 'https://github.com/advisories/GHSA-m5qc-5hw7-8vg7',
902 silly audit report       title: 'image-size Denial of Service via Infinite Loop during Image Processing',
902 silly audit report       severity: 'high',
902 silly audit report       vulnerable_versions: '>=1.1.0 <1.2.1',
902 silly audit report       cwe: [Array],
902 silly audit report       cvss: [Object]
902 silly audit report     }
902 silly audit report   ],
902 silly audit report   postcss: [
902 silly audit report     {
902 silly audit report       id: 1130709,
902 silly audit report       url: 'https://github.com/advisories/GHSA-fxqj-rqcc-2cmp',
902 silly audit report       title: 'PostCSS: incomplete fix of GHSA-6g55-p6wh-862q — attacker-controlled sourceMappingURL reads arbitrary .map files when `from` is unset',
902 silly audit report       severity: 'moderate',
902 silly audit report       vulnerable_versions: '<=8.5.22',
902 silly audit report       cwe: [Array],
902 silly audit report       cvss: [Object]
902 silly audit report     },
902 silly audit report     {
902 silly audit report       id: 1117015,
902 silly audit report       url: 'https://github.com/advisories/GHSA-qx2v-qp2m-jg93',
902 silly audit report       title: 'PostCSS has XSS via Unescaped </style> in its CSS Stringify Output',
902 silly audit report       severity: 'moderate',
902 silly audit report       vulnerable_versions: '<8.5.10',
902 silly audit report       cwe: [Array],
902 silly audit report       cvss: [Object]
902 silly audit report     },
902 silly audit report     {
902 silly audit report       id: 1124252,
902 silly audit report       url: 'https://github.com/advisories/GHSA-6g55-p6wh-862q',
902 silly audit report       title: 'PostCSS: Arbitrary file read and information disclosure via attacker-controlled sourceMappingURL in CSS comments',
902 silly audit report       severity: 'high',
902 silly audit report       vulnerable_versions: '<=8.5.11',
902 silly audit report       cwe: [Array],
902 silly audit report       cvss: [Object]
902 silly audit report     },
902 silly audit report     {
902 silly audit report       id: 1124288,
902 silly audit report       url: 'https://github.com/advisories/GHSA-r28c-9q8g-f849',
902 silly audit report       title: 'PostCSS: Path Traversal in Previous Source Map Auto-Loading (sourceMappingURL) leads to Arbitrary .map File Disclosure',
902 silly audit report       severity: 'high',
902 silly audit report       vulnerable_versions: '<=8.5.17',
902 silly audit report       cwe: [Array],
902 silly audit report       cvss: [Object]
902 silly audit report     }
902 silly audit report   ],
902 silly audit report   'shell-quote': [
902 silly audit report     {
902 silly audit report       id: 1120422,
902 silly audit report       url: 'https://github.com/advisories/GHSA-w7jw-789q-3m8p',
902 silly audit report       title: 'shell-quote quote() does not escape newlines in object .op values',
902 silly audit report       severity: 'critical',
902 silly audit report       vulnerable_versions: '>=1.1.0 <=1.8.3',
902 silly audit report       cwe: [Array],
902 silly audit report       cvss: [Object]
902 silly audit report     },
902 silly audit report     {
902 silly audit report       id: 1123944,
902 silly audit report       url: 'https://github.com/advisories/GHSA-395f-4hp3-45gv',
902 silly audit report       title: 'shell-quote: Quadratic-complexity Denial of Service in `parse()` (CWE-407)',
902 silly audit report       severity: 'high',
902 silly audit report       vulnerable_versions: '<=1.8.4',
902 silly audit report       cwe: [Array],
902 silly audit report       cvss: [Object]
902 silly audit report     }
902 silly audit report   ],
902 silly audit report   uuid: [
902 silly audit report     {
902 silly audit report       id: 1119441,
902 silly audit report       url: 'https://github.com/advisories/GHSA-w5hq-g745-h8pq',
902 silly audit report       title: 'uuid: Missing buffer bounds check in v3/v5/v6 when buf is provided',
902 silly audit report       severity: 'moderate',
902 silly audit report       vulnerable_versions: '<11.1.1',
902 silly audit report       cwe: [Array],
902 silly audit report       cvss: [Object]
902 silly audit report     }
902 silly audit report   ],
902 silly audit report   yaml: [
902 silly audit report     {
902 silly audit report       id: 1115556,
902 silly audit report       url: 'https://github.com/advisories/GHSA-48c2-rrv3-qjmp',
902 silly audit report       title: 'yaml is vulnerable to Stack Overflow via deeply nested YAML collections',
902 silly audit report       severity: 'moderate',
902 silly audit report       vulnerable_versions: '>=2.0.0 <2.8.3',
902 silly audit report       cwe: [Array],
902 silly audit report       cvss: [Object]
902 silly audit report     }
902 silly audit report   ]
902 silly audit report }
903 silly packumentCache corgi:https://registry.npmjs.org/@babel%2fcore cache-miss
904 silly packumentCache corgi:https://registry.npmjs.org/@babel%2fhelpers cache-miss
905 silly packumentCache corgi:https://registry.npmjs.org/@babel%2fruntime cache-miss
906 silly packumentCache corgi:https://registry.npmjs.org/brace-expansion cache-miss
907 silly packumentCache corgi:https://registry.npmjs.org/minimatch cache-miss
908 silly packumentCache corgi:https://registry.npmjs.org/js-yaml cache-miss
909 silly packumentCache corgi:https://registry.npmjs.org/ws cache-miss
910 silly packumentCache corgi:https://registry.npmjs.org/ajv cache-miss
911 silly packumentCache corgi:https://registry.npmjs.org/picomatch cache-miss
912 silly packumentCache corgi:https://registry.npmjs.org/axios cache-miss
913 silly packumentCache corgi:https://registry.npmjs.org/form-data cache-miss
914 silly packumentCache corgi:https://registry.npmjs.org/fast-uri cache-miss
915 silly packumentCache corgi:https://registry.npmjs.org/follow-redirects cache-miss
916 silly packumentCache corgi:https://registry.npmjs.org/image-size cache-miss
917 silly packumentCache corgi:https://registry.npmjs.org/postcss cache-miss
918 silly packumentCache corgi:https://registry.npmjs.org/shell-quote cache-miss
919 silly packumentCache corgi:https://registry.npmjs.org/uuid cache-miss
920 silly packumentCache corgi:https://registry.npmjs.org/yaml cache-miss
921 warn deprecated inflight@1.0.6: This module is not supported, and leaks memory. Do not use it. Check out lru-cache if you want a good and tested way to coalesce async requests by a key value, which is much more comprehensive and powerful.
922 warn deprecated rimraf@3.0.2: Rimraf versions prior to v4 are no longer supported
923 warn deprecated glob@7.2.3: Glob versions prior to v9 are no longer supported
924 warn deprecated glob@7.2.3: Glob versions prior to v9 are no longer supported
925 warn deprecated glob@7.2.3: Glob versions prior to v9 are no longer supported
926 warn deprecated glob@7.2.3: Glob versions prior to v9 are no longer supported
927 warn deprecated glob@7.2.3: Glob versions prior to v9 are no longer supported
928 warn deprecated glob@7.2.3: Glob versions prior to v9 are no longer supported
929 warn deprecated glob@7.2.3: Glob versions prior to v9 are no longer supported
930 http fetch GET 200 https://registry.npmjs.org/postcss 607ms (cache revalidated)
931 silly packumentCache corgi:https://registry.npmjs.org/postcss set size:354683 disposed:false
932 http fetch GET 200 https://registry.npmjs.org/ajv 776ms (cache revalidated)
933 silly packumentCache corgi:https://registry.npmjs.org/ajv set size:467559 disposed:false
934 http fetch GET 200 https://registry.npmjs.org/picomatch 784ms (cache revalidated)
935 silly packumentCache corgi:https://registry.npmjs.org/picomatch set size:45123 disposed:false
936 http fetch GET 200 https://registry.npmjs.org/ws 787ms (cache revalidated)
937 silly packumentCache corgi:https://registry.npmjs.org/ws set size:206839 disposed:false
938 http fetch GET 200 https://registry.npmjs.org/minimatch 791ms (cache revalidated)
939 silly packumentCache corgi:https://registry.npmjs.org/minimatch set size:169442 disposed:false
940 http fetch GET 200 https://registry.npmjs.org/axios 791ms (cache revalidated)
941 silly packumentCache corgi:https://registry.npmjs.org/axios set size:299759 disposed:false
942 http fetch GET 200 https://registry.npmjs.org/form-data 810ms (cache revalidated)
943 silly packumentCache corgi:https://registry.npmjs.org/form-data set size:55002 disposed:false
944 http fetch GET 200 https://registry.npmjs.org/js-yaml 814ms (cache revalidated)
945 silly packumentCache corgi:https://registry.npmjs.org/js-yaml set size:70542 disposed:false
946 http fetch GET 200 https://registry.npmjs.org/brace-expansion 818ms (cache revalidated)
947 silly packumentCache corgi:https://registry.npmjs.org/brace-expansion set size:34964 disposed:false
948 http fetch GET 200 https://registry.npmjs.org/shell-quote 818ms (cache revalidated)
949 silly packumentCache corgi:https://registry.npmjs.org/shell-quote set size:29234 disposed:false
950 http fetch GET 200 https://registry.npmjs.org/fast-uri 824ms (cache revalidated)
951 silly packumentCache corgi:https://registry.npmjs.org/fast-uri set size:30599 disposed:false
952 http fetch GET 200 https://registry.npmjs.org/image-size 825ms (cache revalidated)
953 silly packumentCache corgi:https://registry.npmjs.org/image-size set size:76086 disposed:false
954 http fetch GET 200 https://registry.npmjs.org/yaml 834ms (cache revalidated)
955 silly packumentCache corgi:https://registry.npmjs.org/yaml set size:163878 disposed:false
956 http fetch GET 200 https://registry.npmjs.org/@babel%2fcore 858ms (cache revalidated)
957 silly packumentCache corgi:https://registry.npmjs.org/@babel%2fcore set size:422446 disposed:false
958 http fetch GET 200 https://registry.npmjs.org/follow-redirects 945ms (cache revalidated)
959 silly packumentCache corgi:https://registry.npmjs.org/follow-redirects set size:88479 disposed:false
960 http fetch GET 200 https://registry.npmjs.org/@babel%2fhelpers 952ms (cache revalidated)
961 silly packumentCache corgi:https://registry.npmjs.org/@babel%2fhelpers set size:212239 disposed:false
962 http fetch GET 200 https://registry.npmjs.org/uuid 949ms (cache revalidated)
963 silly packumentCache corgi:https://registry.npmjs.org/uuid set size:82973 disposed:false
964 http fetch GET 200 https://registry.npmjs.org/@babel%2fruntime 960ms (cache revalidated)
965 silly packumentCache corgi:https://registry.npmjs.org/@babel%2fruntime set size:225384 disposed:false
966 silly packumentCache corgi:https://registry.npmjs.org/@babel%2fhelper-create-class-features-plugin cache-miss
967 silly packumentCache corgi:https://registry.npmjs.org/@babel%2fhelper-create-regexp-features-plugin cache-miss
968 silly packumentCache corgi:https://registry.npmjs.org/@babel%2fhelper-define-polyfill-provider cache-miss
969 silly packumentCache corgi:https://registry.npmjs.org/@babel%2fhelper-module-transforms cache-miss
970 silly packumentCache corgi:https://registry.npmjs.org/@babel%2fhelper-remap-async-to-generator cache-miss
971 silly packumentCache corgi:https://registry.npmjs.org/@babel%2fhelper-replace-supers cache-miss
972 silly packumentCache corgi:https://registry.npmjs.org/@babel%2fplugin-proposal-decorators cache-miss
973 silly packumentCache corgi:https://registry.npmjs.org/@babel%2fplugin-proposal-export-default-from cache-miss
974 silly packumentCache corgi:https://registry.npmjs.org/@babel%2fplugin-syntax-async-generators cache-miss
975 silly packumentCache corgi:https://registry.npmjs.org/@babel%2fplugin-syntax-bigint cache-miss
976 silly packumentCache corgi:https://registry.npmjs.org/@babel%2fplugin-syntax-class-properties cache-miss
977 silly packumentCache corgi:https://registry.npmjs.org/@babel%2fplugin-syntax-class-static-block cache-miss
978 silly packumentCache corgi:https://registry.npmjs.org/@babel%2fplugin-syntax-decorators cache-miss
979 silly packumentCache corgi:https://registry.npmjs.org/@babel%2fplugin-syntax-dynamic-import cache-miss
980 silly packumentCache corgi:https://registry.npmjs.org/@babel%2fplugin-syntax-export-default-from cache-miss
981 silly packumentCache corgi:https://registry.npmjs.org/@babel%2fplugin-syntax-flow cache-miss
982 silly packumentCache corgi:https://registry.npmjs.org/@babel%2fplugin-syntax-import-attributes cache-miss
983 silly packumentCache corgi:https://registry.npmjs.org/@babel%2fplugin-syntax-import-meta cache-miss
984 silly packumentCache corgi:https://registry.npmjs.org/@babel%2fplugin-syntax-json-strings cache-miss
985 silly packumentCache corgi:https://registry.npmjs.org/@babel%2fplugin-syntax-jsx cache-miss
986 silly packumentCache corgi:https://registry.npmjs.org/@babel%2fplugin-syntax-logical-assignment-operators cache-miss
987 silly packumentCache corgi:https://registry.npmjs.org/@babel%2fplugin-syntax-nullish-coalescing-operator cache-miss
988 silly packumentCache corgi:https://registry.npmjs.org/@babel%2fplugin-syntax-numeric-separator cache-miss
989 silly packumentCache corgi:https://registry.npmjs.org/@babel%2fplugin-syntax-object-rest-spread cache-miss
990 silly packumentCache corgi:https://registry.npmjs.org/@babel%2fplugin-syntax-optional-catch-binding cache-miss
991 silly packumentCache corgi:https://registry.npmjs.org/@babel%2fplugin-syntax-optional-chaining cache-miss
992 silly packumentCache corgi:https://registry.npmjs.org/@babel%2fplugin-syntax-private-property-in-object cache-miss
993 silly packumentCache corgi:https://registry.npmjs.org/@babel%2fplugin-syntax-top-level-await cache-miss
994 silly packumentCache corgi:https://registry.npmjs.org/@babel%2fplugin-syntax-typescript cache-miss
995 silly packumentCache corgi:https://registry.npmjs.org/@babel%2fplugin-transform-arrow-functions cache-miss
996 silly packumentCache corgi:https://registry.npmjs.org/@babel%2fplugin-transform-async-generator-functions cache-miss
997 silly packumentCache corgi:https://registry.npmjs.org/@babel%2fplugin-transform-async-to-generator cache-miss
998 silly packumentCache corgi:https://registry.npmjs.org/@babel%2fplugin-transform-block-scoping cache-miss
999 silly packumentCache corgi:https://registry.npmjs.org/@babel%2fplugin-transform-class-properties cache-miss
1000 silly packumentCache corgi:https://registry.npmjs.org/@babel%2fplugin-transform-class-static-block cache-miss
1001 silly packumentCache corgi:https://registry.npmjs.org/@babel%2fplugin-transform-classes cache-miss
1002 silly packumentCache corgi:https://registry.npmjs.org/@babel%2fplugin-transform-computed-properties cache-miss
1003 silly packumentCache corgi:https://registry.npmjs.org/@babel%2fplugin-transform-destructuring cache-miss
1004 silly packumentCache corgi:https://registry.npmjs.org/@babel%2fplugin-transform-export-namespace-from cache-miss
1005 silly packumentCache corgi:https://registry.npmjs.org/@babel%2fplugin-transform-flow-strip-types cache-miss
1006 silly packumentCache corgi:https://registry.npmjs.org/@babel%2fplugin-transform-for-of cache-miss
1007 silly packumentCache corgi:https://registry.npmjs.org/@babel%2fplugin-transform-function-name cache-miss
1008 silly packumentCache corgi:https://registry.npmjs.org/@babel%2fplugin-transform-literals cache-miss
1009 silly packumentCache corgi:https://registry.npmjs.org/@babel%2fplugin-transform-logical-assignment-operators cache-miss
1010 silly packumentCache corgi:https://registry.npmjs.org/@babel%2fplugin-transform-modules-commonjs cache-miss
1011 silly packumentCache corgi:https://registry.npmjs.org/@babel%2fplugin-transform-named-capturing-groups-regex cache-miss
1012 silly packumentCache corgi:https://registry.npmjs.org/@babel%2fplugin-transform-nullish-coalescing-operator cache-miss
1013 silly packumentCache corgi:https://registry.npmjs.org/@babel%2fplugin-transform-numeric-separator cache-miss
1014 silly packumentCache corgi:https://registry.npmjs.org/@babel%2fplugin-transform-object-rest-spread cache-miss
1015 silly packumentCache corgi:https://registry.npmjs.org/@babel%2fplugin-transform-optional-catch-binding cache-miss
1016 silly packumentCache corgi:https://registry.npmjs.org/@babel%2fplugin-transform-optional-chaining cache-miss
1017 silly packumentCache corgi:https://registry.npmjs.org/@babel%2fplugin-transform-parameters cache-miss
1018 silly packumentCache corgi:https://registry.npmjs.org/@babel%2fplugin-transform-private-methods cache-miss
1019 silly packumentCache corgi:https://registry.npmjs.org/@babel%2fplugin-transform-private-property-in-object cache-miss
1020 silly packumentCache corgi:https://registry.npmjs.org/@babel%2fplugin-transform-react-display-name cache-miss
1021 silly packumentCache corgi:https://registry.npmjs.org/@babel%2fplugin-transform-react-jsx cache-miss
1022 silly packumentCache corgi:https://registry.npmjs.org/@babel%2fplugin-transform-react-jsx-development cache-miss
1023 silly packumentCache corgi:https://registry.npmjs.org/@babel%2fplugin-transform-react-jsx-self cache-miss
1024 silly packumentCache corgi:https://registry.npmjs.org/@babel%2fplugin-transform-react-jsx-source cache-miss
1025 silly packumentCache corgi:https://registry.npmjs.org/@babel%2fplugin-transform-react-pure-annotations cache-miss
1026 silly packumentCache corgi:https://registry.npmjs.org/@babel%2fplugin-transform-regenerator cache-miss
1027 silly packumentCache corgi:https://registry.npmjs.org/@babel%2fplugin-transform-runtime cache-miss
1028 silly packumentCache corgi:https://registry.npmjs.org/@babel%2fplugin-transform-shorthand-properties cache-miss
1029 silly packumentCache corgi:https://registry.npmjs.org/@babel%2fplugin-transform-spread cache-miss
1030 silly packumentCache corgi:https://registry.npmjs.org/@babel%2fplugin-transform-sticky-regex cache-miss
1031 silly packumentCache corgi:https://registry.npmjs.org/@babel%2fplugin-transform-template-literals cache-miss
1032 silly packumentCache corgi:https://registry.npmjs.org/@babel%2fplugin-transform-typescript cache-miss
1033 silly packumentCache corgi:https://registry.npmjs.org/@babel%2fplugin-transform-unicode-regex cache-miss
1034 silly packumentCache corgi:https://registry.npmjs.org/@babel%2fpreset-react cache-miss
1035 silly packumentCache corgi:https://registry.npmjs.org/@babel%2fpreset-typescript cache-miss
1036 silly packumentCache corgi:https://registry.npmjs.org/@jest%2ftransform cache-miss
1037 silly packumentCache corgi:https://registry.npmjs.org/@react-native%2fbabel-preset cache-miss
1038 silly packumentCache corgi:https://registry.npmjs.org/@react-native%2fcodegen cache-miss
1039 silly packumentCache corgi:https://registry.npmjs.org/babel-jest cache-miss
1040 silly packumentCache corgi:https://registry.npmjs.org/istanbul-lib-instrument cache-miss
1041 silly packumentCache corgi:https://registry.npmjs.org/babel-plugin-polyfill-corejs2 cache-miss
1042 silly packumentCache corgi:https://registry.npmjs.org/babel-plugin-polyfill-corejs3 cache-miss
1043 silly packumentCache corgi:https://registry.npmjs.org/babel-plugin-polyfill-regenerator cache-miss
1044 silly packumentCache corgi:https://registry.npmjs.org/babel-preset-current-node-syntax cache-miss
1045 silly packumentCache corgi:https://registry.npmjs.org/babel-preset-jest cache-miss
1046 silly packumentCache corgi:https://registry.npmjs.org/@expo%2fmetro-config cache-miss
1047 silly packumentCache corgi:https://registry.npmjs.org/jest-config cache-miss
1048 silly packumentCache corgi:https://registry.npmjs.org/jest-snapshot cache-miss
1049 silly packumentCache corgi:https://registry.npmjs.org/metro cache-miss
1050 silly packumentCache corgi:https://registry.npmjs.org/metro-babel-transformer cache-miss
1051 silly packumentCache corgi:https://registry.npmjs.org/metro-transform-plugins cache-miss
1052 silly packumentCache corgi:https://registry.npmjs.org/metro-transform-worker cache-miss
1053 silly packumentCache corgi:https://registry.npmjs.org/react-native-reanimated cache-miss
1054 silly packumentCache corgi:https://registry.npmjs.org/react-native-worklets cache-miss
1055 http fetch GET 200 https://registry.npmjs.org/@babel%2fplugin-syntax-class-properties 503ms (cache revalidated)
1056 silly packumentCache corgi:https://registry.npmjs.org/@babel%2fplugin-syntax-class-properties set size:49030 disposed:false
1057 http fetch GET 200 https://registry.npmjs.org/@babel%2fhelper-remap-async-to-generator 508ms (cache revalidated)
1058 silly packumentCache corgi:https://registry.npmjs.org/@babel%2fhelper-remap-async-to-generator set size:121738 disposed:false
1059 http fetch GET 200 https://registry.npmjs.org/@babel%2fplugin-proposal-export-default-from 509ms (cache revalidated)
1060 silly packumentCache corgi:https://registry.npmjs.org/@babel%2fplugin-proposal-export-default-from set size:114484 disposed:false
1061 http fetch GET 200 https://registry.npmjs.org/@babel%2fhelper-define-polyfill-provider 512ms (cache revalidated)
1062 silly packumentCache corgi:https://registry.npmjs.org/@babel%2fhelper-define-polyfill-provider set size:62899 disposed:false
1063 http fetch GET 200 https://registry.npmjs.org/@babel%2fhelper-module-transforms 515ms (cache revalidated)
1064 silly packumentCache corgi:https://registry.npmjs.org/@babel%2fhelper-module-transforms set size:187739 disposed:false
1065 http fetch GET 200 https://registry.npmjs.org/@babel%2fplugin-syntax-async-generators 518ms (cache revalidated)
1066 silly packumentCache corgi:https://registry.npmjs.org/@babel%2fplugin-syntax-async-generators set size:42446 disposed:false
1067 http fetch GET 200 https://registry.npmjs.org/@babel%2fplugin-syntax-class-static-block 520ms (cache revalidated)
1068 silly packumentCache corgi:https://registry.npmjs.org/@babel%2fplugin-syntax-class-static-block set size:6594 disposed:false
1069 http fetch GET 200 https://registry.npmjs.org/@babel%2fplugin-syntax-decorators 520ms (cache revalidated)
1070 silly packumentCache corgi:https://registry.npmjs.org/@babel%2fplugin-syntax-decorators set size:108833 disposed:false
1071 http fetch GET 200 https://registry.npmjs.org/@babel%2fplugin-syntax-dynamic-import 521ms (cache revalidated)
1072 silly packumentCache corgi:https://registry.npmjs.org/@babel%2fplugin-syntax-dynamic-import set size:42216 disposed:false
1073 http fetch GET 200 https://registry.npmjs.org/@babel%2fplugin-syntax-bigint 524ms (cache revalidated)
1074 silly packumentCache corgi:https://registry.npmjs.org/@babel%2fplugin-syntax-bigint set size:29044 disposed:false
1075 http fetch GET 200 https://registry.npmjs.org/@babel%2fhelper-replace-supers 525ms (cache revalidated)
1076 silly packumentCache corgi:https://registry.npmjs.org/@babel%2fhelper-replace-supers set size:146043 disposed:false
1077 http fetch GET 200 https://registry.npmjs.org/@babel%2fhelper-create-regexp-features-plugin 530ms (cache revalidated)
1078 silly packumentCache corgi:https://registry.npmjs.org/@babel%2fhelper-create-regexp-features-plugin set size:102509 disposed:false
1079 http fetch GET 200 https://registry.npmjs.org/@babel%2fplugin-syntax-import-meta 535ms (cache revalidated)
1080 silly packumentCache corgi:https://registry.npmjs.org/@babel%2fplugin-syntax-import-meta set size:40725 disposed:false
1081 http fetch GET 200 https://registry.npmjs.org/@babel%2fplugin-proposal-decorators 538ms (cache revalidated)
1082 silly packumentCache corgi:https://registry.npmjs.org/@babel%2fplugin-proposal-decorators set size:216432 disposed:false
1083 http fetch GET 200 https://registry.npmjs.org/@babel%2fhelper-create-class-features-plugin 542ms (cache revalidated)
1084 silly packumentCache corgi:https://registry.npmjs.org/@babel%2fhelper-create-class-features-plugin set size:225140 disposed:false
1085 http fetch GET 200 https://registry.npmjs.org/@babel%2fplugin-syntax-nullish-coalescing-operator 865ms (cache revalidated)
1086 silly packumentCache corgi:https://registry.npmjs.org/@babel%2fplugin-syntax-nullish-coalescing-operator set size:43711 disposed:false
1087 http fetch GET 200 https://registry.npmjs.org/@babel%2fplugin-syntax-import-attributes 869ms (cache revalidated)
1088 silly packumentCache corgi:https://registry.npmjs.org/@babel%2fplugin-syntax-import-attributes set size:31768 disposed:false
1089 http fetch GET 200 https://registry.npmjs.org/@babel%2fplugin-syntax-top-level-await 868ms (cache revalidated)
1090 silly packumentCache corgi:https://registry.npmjs.org/@babel%2fplugin-syntax-top-level-await set size:14914 disposed:false
1091 http fetch GET 200 https://registry.npmjs.org/@babel%2fplugin-syntax-export-default-from 873ms (cache revalidated)
1092 silly packumentCache corgi:https://registry.npmjs.org/@babel%2fplugin-syntax-export-default-from set size:97439 disposed:false
1093 http fetch GET 200 https://registry.npmjs.org/@babel%2fplugin-syntax-flow 880ms (cache revalidated)
1094 silly packumentCache corgi:https://registry.npmjs.org/@babel%2fplugin-syntax-flow set size:101426 disposed:false
1095 http fetch GET 200 https://registry.npmjs.org/@babel%2fplugin-syntax-logical-assignment-operators 880ms (cache revalidated)
1096 silly packumentCache corgi:https://registry.npmjs.org/@babel%2fplugin-syntax-logical-assignment-operators set size:38841 disposed:false
1097 http fetch GET 200 https://registry.npmjs.org/@babel%2fplugin-syntax-jsx 882ms (cache revalidated)
1098 silly packumentCache corgi:https://registry.npmjs.org/@babel%2fplugin-syntax-jsx set size:98808 disposed:false
1099 http fetch GET 200 https://registry.npmjs.org/@babel%2fplugin-syntax-typescript 880ms (cache revalidated)
1100 silly packumentCache corgi:https://registry.npmjs.org/@babel%2fplugin-syntax-typescript set size:111918 disposed:false
1101 http fetch GET 200 https://registry.npmjs.org/@babel%2fplugin-syntax-object-rest-spread 884ms (cache revalidated)
1102 silly packumentCache corgi:https://registry.npmjs.org/@babel%2fplugin-syntax-object-rest-spread set size:42672 disposed:false
1103 http fetch GET 200 https://registry.npmjs.org/@babel%2fplugin-syntax-numeric-separator 884ms (cache revalidated)
1104 silly packumentCache corgi:https://registry.npmjs.org/@babel%2fplugin-syntax-numeric-separator set size:45856 disposed:false
1105 http fetch GET 200 https://registry.npmjs.org/@babel%2fplugin-transform-block-scoping 883ms (cache revalidated)
1106 silly packumentCache corgi:https://registry.npmjs.org/@babel%2fplugin-transform-block-scoping set size:173595 disposed:false
1107 http fetch GET 200 https://registry.npmjs.org/@babel%2fplugin-syntax-private-property-in-object 889ms (cache revalidated)
1108 silly packumentCache corgi:https://registry.npmjs.org/@babel%2fplugin-syntax-private-property-in-object set size:3432 disposed:false
1109 http fetch GET 200 https://registry.npmjs.org/@babel%2fplugin-transform-async-generator-functions 895ms (cache revalidated)
1110 silly packumentCache corgi:https://registry.npmjs.org/@babel%2fplugin-transform-async-generator-functions set size:62140 disposed:false
1111 http fetch GET 200 https://registry.npmjs.org/@babel%2fplugin-transform-classes 896ms (cache revalidated)
1112 silly packumentCache corgi:https://registry.npmjs.org/@babel%2fplugin-transform-classes set size:196090 disposed:false
1113 http fetch GET 200 https://registry.npmjs.org/@babel%2fplugin-transform-arrow-functions 903ms (cache revalidated)
1114 silly packumentCache corgi:https://registry.npmjs.org/@babel%2fplugin-transform-arrow-functions set size:115260 disposed:false
1115 http fetch GET 200 https://registry.npmjs.org/@babel%2fplugin-syntax-optional-catch-binding 1235ms (cache revalidated)
1116 silly packumentCache corgi:https://registry.npmjs.org/@babel%2fplugin-syntax-optional-catch-binding set size:43136 disposed:false
1117 http fetch GET 200 https://registry.npmjs.org/@babel%2fplugin-transform-class-properties 1234ms (cache revalidated)
1118 silly packumentCache corgi:https://registry.npmjs.org/@babel%2fplugin-transform-class-properties set size:41273 disposed:false
1119 http fetch GET 200 https://registry.npmjs.org/@babel%2fplugin-transform-for-of 1234ms (cache revalidated)
1120 silly packumentCache corgi:https://registry.npmjs.org/@babel%2fplugin-transform-for-of set size:129658 disposed:false
1121 http fetch GET 200 https://registry.npmjs.org/@babel%2fplugin-transform-async-to-generator 1237ms (cache revalidated)
1122 silly packumentCache corgi:https://registry.npmjs.org/@babel%2fplugin-transform-async-to-generator set size:132919 disposed:false
1123 http fetch GET 200 https://registry.npmjs.org/@babel%2fplugin-syntax-optional-chaining 1240ms (cache revalidated)
1124 silly packumentCache corgi:https://registry.npmjs.org/@babel%2fplugin-syntax-optional-chaining set size:42557 disposed:false
1125 http fetch GET 200 https://registry.npmjs.org/@babel%2fplugin-transform-literals 1242ms (cache revalidated)
1126 silly packumentCache corgi:https://registry.npmjs.org/@babel%2fplugin-transform-literals set size:105944 disposed:false
1127 http fetch GET 200 https://registry.npmjs.org/@babel%2fplugin-transform-export-namespace-from 1249ms (cache revalidated)
1128 silly packumentCache corgi:https://registry.npmjs.org/@babel%2fplugin-transform-export-namespace-from set size:40837 disposed:false
1129 http fetch GET 200 https://registry.npmjs.org/@babel%2fplugin-transform-computed-properties 1251ms (cache revalidated)
1130 silly packumentCache corgi:https://registry.npmjs.org/@babel%2fplugin-transform-computed-properties set size:117599 disposed:false
1131 http fetch GET 200 https://registry.npmjs.org/@babel%2fplugin-transform-class-static-block 1255ms (cache revalidated)
1132 silly packumentCache corgi:https://registry.npmjs.org/@babel%2fplugin-transform-class-static-block set size:52503 disposed:false
1133 http fetch GET 200 https://registry.npmjs.org/@babel%2fplugin-transform-flow-strip-types 1256ms (cache revalidated)
1134 silly packumentCache corgi:https://registry.npmjs.org/@babel%2fplugin-transform-flow-strip-types set size:132587 disposed:false
1135 http fetch GET 200 https://registry.npmjs.org/@babel%2fplugin-syntax-json-strings 1261ms (cache revalidated)
1136 silly packumentCache corgi:https://registry.npmjs.org/@babel%2fplugin-syntax-json-strings set size:26174 disposed:false
1137 http fetch GET 200 https://registry.npmjs.org/@babel%2fplugin-transform-destructuring 1258ms (cache revalidated)
1138 silly packumentCache corgi:https://registry.npmjs.org/@babel%2fplugin-transform-destructuring set size:158732 disposed:false
1139 http fetch GET 200 https://registry.npmjs.org/@babel%2fplugin-transform-nullish-coalescing-operator 1266ms (cache revalidated)
1140 silly packumentCache corgi:https://registry.npmjs.org/@babel%2fplugin-transform-nullish-coalescing-operator set size:44314 disposed:false
1141 http fetch GET 200 https://registry.npmjs.org/@babel%2fplugin-transform-function-name 1272ms (cache revalidated)
1142 silly packumentCache corgi:https://registry.npmjs.org/@babel%2fplugin-transform-function-name set size:119337 disposed:false
1143 http fetch GET 200 https://registry.npmjs.org/@babel%2fplugin-transform-modules-commonjs 1278ms (cache revalidated)
1144 silly packumentCache corgi:https://registry.npmjs.org/@babel%2fplugin-transform-modules-commonjs set size:174466 disposed:false
1145 http fetch GET 200 https://registry.npmjs.org/@babel%2fplugin-transform-react-jsx-self 1454ms (cache revalidated)
1146 silly packumentCache corgi:https://registry.npmjs.org/@babel%2fplugin-transform-react-jsx-self set size:106765 disposed:false
1147 http fetch GET 200 https://registry.npmjs.org/@babel%2fplugin-transform-named-capturing-groups-regex 1592ms (cache revalidated)
1148 silly packumentCache corgi:https://registry.npmjs.org/@babel%2fplugin-transform-named-capturing-groups-regex set size:100168 disposed:false
1149 http fetch GET 200 https://registry.npmjs.org/@babel%2fplugin-transform-numeric-separator 1593ms (cache revalidated)
1150 silly packumentCache corgi:https://registry.npmjs.org/@babel%2fplugin-transform-numeric-separator set size:43871 disposed:false
1151 http fetch GET 200 https://registry.npmjs.org/@babel%2fplugin-transform-object-rest-spread 1598ms (cache revalidated)
1152 silly packumentCache corgi:https://registry.npmjs.org/@babel%2fplugin-transform-object-rest-spread set size:56819 disposed:false
1153 http fetch GET 200 https://registry.npmjs.org/@babel%2fplugin-transform-parameters 1601ms (cache revalidated)
1154 silly packumentCache corgi:https://registry.npmjs.org/@babel%2fplugin-transform-parameters set size:149698 disposed:false
1155 http fetch GET 200 https://registry.npmjs.org/@babel%2fplugin-transform-private-methods 1603ms (cache revalidated)
1156 silly packumentCache corgi:https://registry.npmjs.org/@babel%2fplugin-transform-private-methods set size:41140 disposed:false
1157 http fetch GET 200 https://registry.npmjs.org/@babel%2fplugin-transform-react-jsx 1610ms (cache revalidated)
1158 silly packumentCache corgi:https://registry.npmjs.org/@babel%2fplugin-transform-react-jsx set size:167859 disposed:false
1159 http fetch GET 200 https://registry.npmjs.org/@babel%2fplugin-transform-optional-catch-binding 1615ms (cache revalidated)
1160 silly packumentCache corgi:https://registry.npmjs.org/@babel%2fplugin-transform-optional-catch-binding set size:41822 disposed:false
1161 http fetch GET 200 https://registry.npmjs.org/@babel%2fplugin-transform-react-pure-annotations 1615ms (cache revalidated)
1162 silly packumentCache corgi:https://registry.npmjs.org/@babel%2fplugin-transform-react-pure-annotations set size:66307 disposed:false
1163 http fetch GET 200 https://registry.npmjs.org/@babel%2fplugin-transform-react-jsx-development 1617ms (cache revalidated)
1164 silly packumentCache corgi:https://registry.npmjs.org/@babel%2fplugin-transform-react-jsx-development set size:71535 disposed:false
1165 http fetch GET 200 https://registry.npmjs.org/@babel%2fplugin-transform-optional-chaining 1619ms (cache revalidated)
1166 silly packumentCache corgi:https://registry.npmjs.org/@babel%2fplugin-transform-optional-chaining set size:56190 disposed:false
1167 http fetch GET 200 https://registry.npmjs.org/@babel%2fplugin-transform-private-property-in-object 1620ms (cache revalidated)
1168 silly packumentCache corgi:https://registry.npmjs.org/@babel%2fplugin-transform-private-property-in-object set size:48379 disposed:false
1169 http fetch GET 200 https://registry.npmjs.org/@babel%2fplugin-transform-logical-assignment-operators 1662ms (cache revalidated)
1170 silly packumentCache corgi:https://registry.npmjs.org/@babel%2fplugin-transform-logical-assignment-operators set size:47110 disposed:false
1171 http fetch GET 200 https://registry.npmjs.org/@babel%2fplugin-transform-react-jsx-source 1660ms (cache revalidated)
1172 silly packumentCache corgi:https://registry.npmjs.org/@babel%2fplugin-transform-react-jsx-source set size:109784 disposed:false
1173 http fetch GET 200 https://registry.npmjs.org/@babel%2fplugin-transform-runtime 1661ms (cache revalidated)
1174 silly packumentCache corgi:https://registry.npmjs.org/@babel%2fplugin-transform-runtime set size:256527 disposed:false
1175 http fetch GET 200 https://registry.npmjs.org/@babel%2fplugin-transform-regenerator 1664ms (cache revalidated)
1176 silly packumentCache corgi:https://registry.npmjs.org/@babel%2fplugin-transform-regenerator set size:150138 disposed:false
1177 http fetch GET 200 https://registry.npmjs.org/istanbul-lib-instrument 1878ms (cache revalidated)
1178 silly packumentCache corgi:https://registry.npmjs.org/istanbul-lib-instrument set size:100602 disposed:false
1179 http fetch GET 200 https://registry.npmjs.org/babel-plugin-polyfill-corejs3 1881ms (cache revalidated)
1180 silly packumentCache corgi:https://registry.npmjs.org/babel-plugin-polyfill-corejs3 set size:90382 disposed:false
1181 http fetch GET 200 https://registry.npmjs.org/babel-plugin-polyfill-corejs2 1883ms (cache revalidated)
1182 silly packumentCache corgi:https://registry.npmjs.org/babel-plugin-polyfill-corejs2 set size:66942 disposed:false
1183 http fetch GET 200 https://registry.npmjs.org/babel-jest 1885ms (cache revalidated)
1184 silly packumentCache corgi:https://registry.npmjs.org/babel-jest set size:369532 disposed:false
1185 http fetch GET 200 https://registry.npmjs.org/@babel%2fpreset-typescript 1955ms (cache revalidated)
1186 silly packumentCache corgi:https://registry.npmjs.org/@babel%2fpreset-typescript set size:144596 disposed:false
1187 http fetch GET 200 https://registry.npmjs.org/@babel%2fplugin-transform-template-literals 1962ms (cache revalidated)
1188 silly packumentCache corgi:https://registry.npmjs.org/@babel%2fplugin-transform-template-literals set size:119408 disposed:false
1189 http fetch GET 200 https://registry.npmjs.org/@babel%2fplugin-transform-unicode-regex 1969ms (cache revalidated)
1190 silly packumentCache corgi:https://registry.npmjs.org/@babel%2fplugin-transform-unicode-regex set size:115729 disposed:false
1191 http fetch GET 200 https://registry.npmjs.org/@babel%2fplugin-transform-sticky-regex 1971ms (cache revalidated)
1192 silly packumentCache corgi:https://registry.npmjs.org/@babel%2fplugin-transform-sticky-regex set size:106218 disposed:false
1193 http fetch GET 200 https://registry.npmjs.org/@babel%2fpreset-react 1976ms (cache revalidated)
1194 silly packumentCache corgi:https://registry.npmjs.org/@babel%2fpreset-react set size:149700 disposed:false
1195 http fetch GET 200 https://registry.npmjs.org/@babel%2fplugin-transform-typescript 1981ms (cache revalidated)
1196 silly packumentCache corgi:https://registry.npmjs.org/@babel%2fplugin-transform-typescript set size:226588 disposed:false
1197 http fetch GET 200 https://registry.npmjs.org/@babel%2fplugin-transform-react-display-name 1986ms (cache revalidated)
1198 silly packumentCache corgi:https://registry.npmjs.org/@babel%2fplugin-transform-react-display-name set size:112167 disposed:false
1199 http fetch GET 200 https://registry.npmjs.org/@babel%2fplugin-transform-shorthand-properties 1985ms (cache revalidated)
1200 silly packumentCache corgi:https://registry.npmjs.org/@babel%2fplugin-transform-shorthand-properties set size:105139 disposed:false
1201 http fetch GET 200 https://registry.npmjs.org/babel-plugin-polyfill-regenerator 2062ms (cache revalidated)
1202 silly packumentCache corgi:https://registry.npmjs.org/babel-plugin-polyfill-regenerator set size:55469 disposed:false
1203 http fetch GET 200 https://registry.npmjs.org/babel-preset-current-node-syntax 2071ms (cache revalidated)
1204 silly packumentCache corgi:https://registry.npmjs.org/babel-preset-current-node-syntax set size:22110 disposed:false
1205 http fetch GET 200 https://registry.npmjs.org/jest-config 2075ms (cache revalidated)
1206 silly packumentCache corgi:https://registry.npmjs.org/jest-config set size:529999 disposed:false
1207 http fetch GET 200 https://registry.npmjs.org/@jest%2ftransform 2154ms (cache revalidated)
1208 silly packumentCache corgi:https://registry.npmjs.org/@jest%2ftransform set size:292241 disposed:false
1209 http fetch GET 200 https://registry.npmjs.org/metro-transform-plugins 2160ms (cache revalidated)
1210 silly packumentCache corgi:https://registry.npmjs.org/metro-transform-plugins set size:146333 disposed:false
1211 http fetch GET 200 https://registry.npmjs.org/jest-snapshot 2163ms (cache revalidated)
1212 silly packumentCache corgi:https://registry.npmjs.org/jest-snapshot set size:471203 disposed:false
1213 http fetch GET 200 https://registry.npmjs.org/babel-preset-jest 2175ms (cache revalidated)
1214 silly packumentCache corgi:https://registry.npmjs.org/babel-preset-jest set size:206711 disposed:false
1215 http fetch GET 200 https://registry.npmjs.org/metro-transform-worker 2182ms (cache revalidated)
1216 silly packumentCache corgi:https://registry.npmjs.org/metro-transform-worker set size:154090 disposed:false
1217 http fetch GET 200 https://registry.npmjs.org/metro 2185ms (cache revalidated)
1218 silly packumentCache corgi:https://registry.npmjs.org/metro set size:542209 disposed:false
1219 http fetch GET 200 https://registry.npmjs.org/react-native-worklets 2193ms (cache revalidated)
1220 silly packumentCache corgi:https://registry.npmjs.org/react-native-worklets set size:939225 disposed:false
1221 http fetch GET 200 https://registry.npmjs.org/metro-babel-transformer 2202ms (cache revalidated)
1222 silly packumentCache corgi:https://registry.npmjs.org/metro-babel-transformer set size:137885 disposed:false
1223 http fetch GET 200 https://registry.npmjs.org/@babel%2fplugin-transform-spread 2278ms (cache revalidated)
1224 silly packumentCache corgi:https://registry.npmjs.org/@babel%2fplugin-transform-spread set size:124964 disposed:false
1225 http fetch GET 200 https://registry.npmjs.org/react-native-reanimated 2284ms (cache revalidated)
1226 silly packumentCache corgi:https://registry.npmjs.org/react-native-reanimated set size:4333310 disposed:false
1227 http fetch GET 200 https://registry.npmjs.org/@react-native%2fcodegen 2337ms (cache updated)
1228 silly packumentCache corgi:https://registry.npmjs.org/@react-native%2fcodegen set size:undefined disposed:false
1229 http fetch GET 200 https://registry.npmjs.org/@react-native%2fbabel-preset 2387ms (cache updated)
1230 silly packumentCache corgi:https://registry.npmjs.org/@react-native%2fbabel-preset set size:undefined disposed:false
1231 http fetch GET 200 https://registry.npmjs.org/@expo%2fmetro-config 2514ms (cache revalidated)
1232 silly packumentCache corgi:https://registry.npmjs.org/@expo%2fmetro-config set size:617440 disposed:false
1233 silly packumentCache corgi:https://registry.npmjs.org/expo cache-miss
1234 silly packumentCache corgi:https://registry.npmjs.org/babel-preset-expo cache-miss
1235 silly packumentCache corgi:https://registry.npmjs.org/metro-runtime cache-miss
1236 silly packumentCache corgi:https://registry.npmjs.org/react-native-web cache-miss
1237 http fetch GET 200 https://registry.npmjs.org/react-native-web 206ms (cache revalidated)
1238 silly packumentCache corgi:https://registry.npmjs.org/react-native-web set size:594185 disposed:false
1239 http fetch GET 200 https://registry.npmjs.org/expo 216ms (cache revalidated)
1240 silly packumentCache corgi:https://registry.npmjs.org/expo set size:1831836 disposed:false
1241 http fetch GET 200 https://registry.npmjs.org/metro-runtime 236ms (cache revalidated)
1242 silly packumentCache corgi:https://registry.npmjs.org/metro-runtime set size:113793 disposed:false
1243 http fetch GET 200 https://registry.npmjs.org/babel-preset-expo 242ms (cache revalidated)
1244 silly packumentCache corgi:https://registry.npmjs.org/babel-preset-expo set size:606543 disposed:false
1245 silly packumentCache corgi:https://registry.npmjs.org/glob cache-miss
1246 silly packumentCache corgi:https://registry.npmjs.org/test-exclude cache-miss
1247 http fetch GET 200 https://registry.npmjs.org/test-exclude 194ms (cache revalidated)
1248 silly packumentCache corgi:https://registry.npmjs.org/test-exclude set size:42527 disposed:false
1249 http fetch GET 200 https://registry.npmjs.org/glob 211ms (cache revalidated)
1250 silly packumentCache corgi:https://registry.npmjs.org/glob set size:199194 disposed:false
1251 silly packumentCache corgi:https://registry.npmjs.org/@istanbuljs%2fload-nyc-config cache-miss
1252 http fetch GET 200 https://registry.npmjs.org/@istanbuljs%2fload-nyc-config 550ms (cache revalidated)
1253 silly packumentCache corgi:https://registry.npmjs.org/@istanbuljs%2fload-nyc-config set size:8602 disposed:false
1254 silly packumentCache corgi:https://registry.npmjs.org/react-devtools-core cache-miss
1255 http fetch GET 200 https://registry.npmjs.org/react-devtools-core 197ms (cache revalidated)
1256 silly packumentCache corgi:https://registry.npmjs.org/react-devtools-core set size:186850 disposed:false
1257 silly packumentCache corgi:https://registry.npmjs.org/@react-native%2fdev-middleware cache-miss
1258 silly packumentCache corgi:https://registry.npmjs.org/react-native cache-miss
1259 http fetch GET 200 https://registry.npmjs.org/react-native 341ms (cache updated)
1260 silly packumentCache corgi:https://registry.npmjs.org/react-native set size:undefined disposed:false
1261 http fetch GET 200 https://registry.npmjs.org/@react-native%2fdev-middleware 573ms (cache updated)
1262 silly packumentCache corgi:https://registry.npmjs.org/@react-native%2fdev-middleware set size:undefined disposed:false
1263 silly packumentCache corgi:https://registry.npmjs.org/expo-dev-launcher cache-miss
1264 http fetch GET 200 https://registry.npmjs.org/expo-dev-launcher 212ms (cache revalidated)
1265 silly packumentCache corgi:https://registry.npmjs.org/expo-dev-launcher set size:509236 disposed:false
1266 silly packumentCache corgi:https://registry.npmjs.org/anymatch cache-miss
1267 silly packumentCache corgi:https://registry.npmjs.org/jest-util cache-miss
1268 silly packumentCache corgi:https://registry.npmjs.org/micromatch cache-miss
1269 http fetch GET 200 https://registry.npmjs.org/anymatch 315ms (cache revalidated)
1270 silly packumentCache corgi:https://registry.npmjs.org/anymatch set size:18345 disposed:false
1271 http fetch GET 200 https://registry.npmjs.org/micromatch 317ms (cache revalidated)
1272 silly packumentCache corgi:https://registry.npmjs.org/micromatch set size:71776 disposed:false
1273 http fetch GET 200 https://registry.npmjs.org/jest-util 325ms (cache revalidated)
1274 silly packumentCache corgi:https://registry.npmjs.org/jest-util set size:315897 disposed:false
1275 silly packumentCache corgi:https://registry.npmjs.org/xcode cache-miss
1276 http fetch GET 200 https://registry.npmjs.org/xcode 199ms (cache revalidated)
1277 silly packumentCache corgi:https://registry.npmjs.org/xcode set size:1850340 disposed:false
1278 silly packumentCache corgi:https://registry.npmjs.org/metro-config cache-miss
1279 http fetch GET 200 https://registry.npmjs.org/metro-config 222ms (cache revalidated)
1280 silly packumentCache corgi:https://registry.npmjs.org/metro-config set size:194430 disposed:false
1281 silly packumentCache corgi:https://registry.npmjs.org/@expo%2fcli cache-miss
1282 http fetch GET 200 https://registry.npmjs.org/@expo%2fcli 535ms (cache revalidated)
1283 silly packumentCache corgi:https://registry.npmjs.org/@expo%2fcli set size:1746089 disposed:false
1284 silly packumentCache corgi:https://registry.npmjs.org/@expo%2fconfig-plugins cache-miss
1285 http fetch GET 200 https://registry.npmjs.org/@expo%2fconfig-plugins 526ms (cache revalidated)
1286 silly packumentCache corgi:https://registry.npmjs.org/@expo%2fconfig-plugins set size:436600 disposed:false
1287 silly packumentCache corgi:https://registry.npmjs.org/@expo%2fmetro-runtime cache-miss
1288 silly packumentCache corgi:https://registry.npmjs.org/@expo%2fprebuild-config cache-miss
1289 silly packumentCache corgi:https://registry.npmjs.org/@react-native-google-signin%2fgoogle-signin cache-miss
1290 silly packumentCache corgi:https://registry.npmjs.org/expo-blur cache-miss
1291 silly packumentCache corgi:https://registry.npmjs.org/expo-constants cache-miss
1292 silly packumentCache corgi:https://registry.npmjs.org/expo-dev-client cache-miss
1293 silly packumentCache corgi:https://registry.npmjs.org/expo-dev-menu cache-miss
1294 silly packumentCache corgi:https://registry.npmjs.org/expo-dev-menu-interface cache-miss
1295 silly packumentCache corgi:https://registry.npmjs.org/expo-font cache-miss
1296 silly packumentCache corgi:https://registry.npmjs.org/expo-haptics cache-miss
1297 silly packumentCache corgi:https://registry.npmjs.org/expo-image-loader cache-miss
1298 silly packumentCache corgi:https://registry.npmjs.org/expo-image-picker cache-miss
1299 silly packumentCache corgi:https://registry.npmjs.org/expo-keep-awake cache-miss
1300 silly packumentCache corgi:https://registry.npmjs.org/expo-manifests cache-miss
1301 silly packumentCache corgi:https://registry.npmjs.org/expo-router cache-miss
1302 silly packumentCache corgi:https://registry.npmjs.org/expo-secure-store cache-miss
1303 silly packumentCache corgi:https://registry.npmjs.org/expo-splash-screen cache-miss
1304 silly packumentCache corgi:https://registry.npmjs.org/expo-symbols cache-miss
1305 silly packumentCache corgi:https://registry.npmjs.org/expo-system-ui cache-miss
1306 silly packumentCache corgi:https://registry.npmjs.org/expo-updates-interface cache-miss
1307 silly packumentCache corgi:https://registry.npmjs.org/expo-web-browser cache-miss
1308 silly packumentCache corgi:https://registry.npmjs.org/expo-asset cache-miss
1309 silly packumentCache corgi:https://registry.npmjs.org/expo-file-system cache-miss
1310 silly packumentCache corgi:https://registry.npmjs.org/react-native-fbsdk-next cache-miss
1311 http fetch GET 200 https://registry.npmjs.org/expo-haptics 298ms (cache revalidated)
1312 silly packumentCache corgi:https://registry.npmjs.org/expo-haptics set size:185878 disposed:false
1313 http fetch GET 200 https://registry.npmjs.org/expo-blur 302ms (cache revalidated)
1314 silly packumentCache corgi:https://registry.npmjs.org/expo-blur set size:219270 disposed:false
1315 http fetch GET 200 https://registry.npmjs.org/expo-dev-menu-interface 303ms (cache revalidated)
1316 silly packumentCache corgi:https://registry.npmjs.org/expo-dev-menu-interface set size:154952 disposed:false
1317 http fetch GET 200 https://registry.npmjs.org/expo-dev-menu 306ms (cache revalidated)
1318 silly packumentCache corgi:https://registry.npmjs.org/expo-dev-menu set size:473130 disposed:false
1319 http fetch GET 200 https://registry.npmjs.org/expo-secure-store 309ms (cache revalidated)
1320 silly packumentCache corgi:https://registry.npmjs.org/expo-secure-store set size:191729 disposed:false
1321 http fetch GET 200 https://registry.npmjs.org/expo-constants 314ms (cache revalidated)
1322 silly packumentCache corgi:https://registry.npmjs.org/expo-constants set size:309450 disposed:false
1323 http fetch GET 200 https://registry.npmjs.org/expo-font 317ms (cache revalidated)
1324 silly packumentCache corgi:https://registry.npmjs.org/expo-font set size:253684 disposed:false
1325 http fetch GET 200 https://registry.npmjs.org/expo-manifests 318ms (cache revalidated)
1326 silly packumentCache corgi:https://registry.npmjs.org/expo-manifests set size:193935 disposed:false
1327 http fetch GET 200 https://registry.npmjs.org/expo-updates-interface 320ms (cache revalidated)
1328 silly packumentCache corgi:https://registry.npmjs.org/expo-updates-interface set size:148866 disposed:false
1329 http fetch GET 200 https://registry.npmjs.org/expo-keep-awake 322ms (cache revalidated)
1330 silly packumentCache corgi:https://registry.npmjs.org/expo-keep-awake set size:199375 disposed:false
1331 http fetch GET 200 https://registry.npmjs.org/expo-image-picker 326ms (cache revalidated)
1332 silly packumentCache corgi:https://registry.npmjs.org/expo-image-picker set size:282157 disposed:false
1333 http fetch GET 200 https://registry.npmjs.org/expo-image-loader 328ms (cache revalidated)
1334 silly packumentCache corgi:https://registry.npmjs.org/expo-image-loader set size:138147 disposed:false
1335 http fetch GET 200 https://registry.npmjs.org/expo-router 330ms (cache revalidated)
1336 silly packumentCache corgi:https://registry.npmjs.org/expo-router set size:1008012 disposed:false
1337 http fetch GET 200 https://registry.npmjs.org/expo-system-ui 480ms (cache revalidated)
1338 silly packumentCache corgi:https://registry.npmjs.org/expo-system-ui set size:215802 disposed:false
1339 http fetch GET 200 https://registry.npmjs.org/expo-file-system 483ms (cache revalidated)
1340 silly packumentCache corgi:https://registry.npmjs.org/expo-file-system set size:303050 disposed:false
1341 http fetch GET 200 https://registry.npmjs.org/expo-splash-screen 487ms (cache revalidated)
1342 silly packumentCache corgi:https://registry.npmjs.org/expo-splash-screen set size:297968 disposed:false
1343 http fetch GET 200 https://registry.npmjs.org/expo-symbols 490ms (cache revalidated)
1344 silly packumentCache corgi:https://registry.npmjs.org/expo-symbols set size:157116 disposed:false
1345 http fetch GET 200 https://registry.npmjs.org/expo-asset 491ms (cache revalidated)
1346 silly packumentCache corgi:https://registry.npmjs.org/expo-asset set size:325094 disposed:false
1347 http fetch GET 200 https://registry.npmjs.org/expo-dev-client 498ms (cache revalidated)
1348 silly packumentCache corgi:https://registry.npmjs.org/expo-dev-client set size:415571 disposed:false
1349 http fetch GET 200 https://registry.npmjs.org/react-native-fbsdk-next 501ms (cache revalidated)
1350 silly packumentCache corgi:https://registry.npmjs.org/react-native-fbsdk-next set size:130999 disposed:false
1351 http fetch GET 200 https://registry.npmjs.org/expo-web-browser 504ms (cache revalidated)
1352 silly packumentCache corgi:https://registry.npmjs.org/expo-web-browser set size:219405 disposed:false
1353 http fetch GET 200 https://registry.npmjs.org/@react-native-google-signin%2fgoogle-signin 548ms (cache revalidated)
1354 silly packumentCache corgi:https://registry.npmjs.org/@react-native-google-signin%2fgoogle-signin set size:97015 disposed:false
1355 http fetch GET 200 https://registry.npmjs.org/@expo%2fprebuild-config 555ms (cache revalidated)
1356 silly packumentCache corgi:https://registry.npmjs.org/@expo%2fprebuild-config set size:411599 disposed:false
1357 http fetch GET 200 https://registry.npmjs.org/@expo%2fmetro-runtime 906ms (cache revalidated)
1358 silly packumentCache corgi:https://registry.npmjs.org/@expo%2fmetro-runtime set size:216564 disposed:false
1359 silly packumentCache corgi:https://registry.npmjs.org/@expo%2fconfig cache-miss
1360 http fetch GET 200 https://registry.npmjs.org/@expo%2fconfig 581ms (cache revalidated)
1361 silly packumentCache corgi:https://registry.npmjs.org/@expo%2fconfig set size:563473 disposed:false
1362 silly packumentCache corgi:https://registry.npmjs.org/expo-linking cache-miss
1363 http fetch GET 200 https://registry.npmjs.org/expo-linking 253ms (cache revalidated)
1364 silly packumentCache corgi:https://registry.npmjs.org/expo-linking set size:228689 disposed:false
1365 silly ADD node_modules/yocto-queue
1366 silly ADD node_modules/yargs-parser
1367 silly ADD node_modules/yargs
1368 silly ADD node_modules/yargs/node_modules/strip-ansi
1369 silly ADD node_modules/yargs/node_modules/string-width
1370 silly ADD node_modules/yargs/node_modules/emoji-regex
1371 silly ADD node_modules/yaml
1372 silly ADD node_modules/yallist
1373 silly ADD node_modules/y18n
1374 silly ADD node_modules/xmlbuilder
1375 silly ADD node_modules/xml2js
1376 silly ADD node_modules/xml2js/node_modules/xmlbuilder
1377 silly ADD node_modules/xcode
1378 silly ADD node_modules/xcode/node_modules/uuid
1379 silly ADD node_modules/ws
1380 silly ADD node_modules/wrappy
1381 silly ADD node_modules/wrap-ansi
1382 silly ADD node_modules/wrap-ansi/node_modules/strip-ansi
1383 silly ADD node_modules/wrap-ansi/node_modules/string-width
1384 silly ADD node_modules/wrap-ansi/node_modules/emoji-regex
1385 silly ADD node_modules/wonka
1386 silly ADD node_modules/which
1387 silly ADD node_modules/whatwg-url-without-unicode
1388 silly ADD node_modules/whatwg-url-without-unicode/node_modules/webidl-conversions
1389 silly ADD node_modules/whatwg-fetch
1390 silly ADD node_modules/wcwidth
1391 silly ADD node_modules/warn-once
1392 silly ADD node_modules/walker
1393 silly ADD node_modules/vlq
1394 silly ADD node_modules/vaul
1395 silly ADD node_modules/vary
1396 silly ADD node_modules/validate-npm-package-name
1397 silly ADD node_modules/v8-to-istanbul
1398 silly ADD node_modules/utils-merge
1399 silly ADD node_modules/use-sync-external-store
1400 silly ADD node_modules/use-sidecar
1401 silly ADD node_modules/use-latest-callback
1402 silly ADD node_modules/use-callback-ref
1403 silly ADD node_modules/update-browserslist-db
1404 silly ADD node_modules/unpipe
1405 silly ADD node_modules/unique-string
1406 silly ADD node_modules/unicode-property-aliases-ecmascript
1407 silly ADD node_modules/unicode-match-property-value-ecmascript
1408 silly ADD node_modules/unicode-match-property-ecmascript
1409 silly ADD node_modules/unicode-canonical-property-names-ecmascript
1410 silly ADD node_modules/undici-types
1411 silly ADD node_modules/undici
1412 silly ADD node_modules/ua-parser-js
1413 silly ADD node_modules/typescript
1414 silly ADD node_modules/type-fest
1415 silly ADD node_modules/type-detect
1416 silly ADD node_modules/tslib
1417 silly ADD node_modules/ts-interface-checker
1418 silly ADD node_modules/toidentifier
1419 silly ADD node_modules/to-regex-range
1420 silly ADD node_modules/tmpl
1421 silly ADD node_modules/tinyglobby
1422 silly ADD node_modules/throat
1423 silly ADD node_modules/thenify-all
1424 silly ADD node_modules/thenify
1425 silly ADD node_modules/test-exclude
1426 silly ADD node_modules/test-exclude/node_modules/glob
1427 silly ADD node_modules/terser
1428 silly ADD node_modules/terser/node_modules/commander
1429 silly ADD node_modules/terminal-link
1430 silly ADD node_modules/temp-dir
1431 silly ADD node_modules/tar
1432 silly ADD node_modules/tar/node_modules/yallist
1433 silly ADD node_modules/supports-preserve-symlinks-flag
1434 silly ADD node_modules/supports-hyperlinks
1435 silly ADD node_modules/supports-color
1436 silly ADD node_modules/sucrase
1437 silly ADD node_modules/sucrase/node_modules/commander
1438 silly ADD node_modules/styleq
1439 silly ADD node_modules/structured-headers
1440 silly ADD node_modules/strip-json-comments
1441 silly ADD node_modules/strip-final-newline
1442 silly ADD node_modules/strip-bom
1443 silly ADD node_modules/strip-ansi
1444 silly ADD node_modules/strip-ansi/node_modules/ansi-regex
1445 silly ADD node_modules/string-length
1446 silly ADD node_modules/string-length/node_modules/strip-ansi
1447 silly ADD node_modules/strict-uri-encode
1448 silly ADD node_modules/stream-buffers
1449 silly ADD node_modules/statuses
1450 silly ADD node_modules/stacktrace-parser
1451 silly ADD node_modules/stacktrace-parser/node_modules/type-fest
1452 silly ADD node_modules/stackframe
1453 silly ADD node_modules/stack-utils
1454 silly ADD node_modules/stack-utils/node_modules/escape-string-regexp
1455 silly ADD node_modules/sprintf-js
1456 silly ADD node_modules/split-on-first
1457 silly ADD node_modules/source-map-support
1458 silly ADD node_modules/source-map-support/node_modules/source-map
1459 silly ADD node_modules/source-map-js
1460 silly ADD node_modules/source-map
1461 silly ADD node_modules/slugify
1462 silly ADD node_modules/slash
1463 silly ADD node_modules/sisteransi
1464 silly ADD node_modules/simple-swizzle
1465 silly ADD node_modules/simple-swizzle/node_modules/is-arrayish
1466 silly ADD node_modules/simple-plist
1467 silly ADD node_modules/simple-plist/node_modules/bplist-parser
1468 silly ADD node_modules/signal-exit
1469 silly ADD node_modules/shell-quote
1470 silly ADD node_modules/shebang-regex
1471 silly ADD node_modules/shebang-command
1472 silly ADD node_modules/shallowequal
1473 silly ADD node_modules/sf-symbols-typescript
1474 silly ADD node_modules/setprototypeof
1475 silly ADD node_modules/setimmediate
1476 silly ADD node_modules/server-only
1477 silly ADD node_modules/serve-static
1478 silly ADD node_modules/serve-static/node_modules/statuses
1479 silly ADD node_modules/serve-static/node_modules/send
1480 silly ADD node_modules/serve-static/node_modules/send/node_modules/encodeurl
1481 silly ADD node_modules/serve-static/node_modules/on-finished
1482 silly ADD node_modules/serve-static/node_modules/encodeurl
1483 silly ADD node_modules/serve-static/node_modules/debug
1484 silly ADD node_modules/serve-static/node_modules/debug/node_modules/ms
1485 silly ADD node_modules/serialize-error
1486 silly ADD node_modules/send
1487 silly ADD node_modules/send/node_modules/statuses
1488 silly ADD node_modules/send/node_modules/on-finished
1489 silly ADD node_modules/send/node_modules/http-errors
1490 silly ADD node_modules/send/node_modules/encodeurl
1491 silly ADD node_modules/send/node_modules/debug
1492 silly ADD node_modules/send/node_modules/debug/node_modules/ms
1493 silly ADD node_modules/semver
1494 silly ADD node_modules/sax
1495 silly ADD node_modules/safe-buffer
1496 silly ADD node_modules/rimraf
1497 silly ADD node_modules/rimraf/node_modules/glob
1498 silly ADD node_modules/restore-cursor
1499 silly ADD node_modules/resolve.exports
1500 silly ADD node_modules/resolve-workspace-root
1501 silly ADD node_modules/resolve-global
1502 silly ADD node_modules/resolve-from
1503 silly ADD node_modules/resolve-cwd
1504 silly ADD node_modules/resolve
1505 silly ADD node_modules/requireg
1506 silly ADD node_modules/requireg/node_modules/resolve
1507 silly ADD node_modules/require-from-string
1508 silly ADD node_modules/require-directory
1509 silly ADD node_modules/regjsparser
1510 silly ADD node_modules/regjsgen
1511 silly ADD node_modules/regexpu-core
1512 silly ADD node_modules/regenerator-runtime
1513 silly ADD node_modules/regenerate-unicode-properties
1514 silly ADD node_modules/regenerate
1515 silly ADD node_modules/react-style-singleton
1516 silly ADD node_modules/react-remove-scroll-bar
1517 silly ADD node_modules/react-remove-scroll
1518 silly ADD node_modules/react-refresh
1519 silly ADD node_modules/react-native-worklets
1520 silly ADD node_modules/react-native-worklets/node_modules/semver
1521 silly ADD node_modules/react-native-webview
1522 silly ADD node_modules/react-native-web
1523 silly ADD node_modules/react-native-web/node_modules/memoize-one
1524 silly ADD node_modules/react-native-web/node_modules/@react-native/normalize-colors
1525 silly ADD node_modules/react-native-size-matters
1526 silly ADD node_modules/react-native-screens
1527 silly ADD node_modules/react-native-safe-area-context
1528 silly ADD node_modules/react-native-reanimated
1529 silly ADD node_modules/react-native-reanimated/node_modules/semver
1530 silly ADD node_modules/react-native-paper
1531 silly ADD node_modules/react-native-paper/node_modules/color-name
1532 silly ADD node_modules/react-native-paper/node_modules/color-convert
1533 silly ADD node_modules/react-native-paper/node_modules/color
1534 silly ADD node_modules/react-native-is-edge-to-edge
1535 silly ADD node_modules/react-native-image-picker
1536 silly ADD node_modules/react-native-gesture-handler
1537 silly ADD node_modules/react-native-fbsdk-next
1538 silly ADD node_modules/react-native
1539 silly ADD node_modules/react-native/node_modules/ws
1540 silly ADD node_modules/react-native/node_modules/semver
1541 silly ADD node_modules/react-native/node_modules/scheduler
1542 silly ADD node_modules/react-native/node_modules/regenerator-runtime
1543 silly ADD node_modules/react-native/node_modules/promise
1544 silly ADD node_modules/react-native/node_modules/glob
1545 silly ADD node_modules/react-native/node_modules/commander
1546 silly ADD node_modules/react-is
1547 silly ADD node_modules/react-freeze
1548 silly ADD node_modules/react-fast-compare
1549 silly ADD node_modules/react-dom
1550 silly ADD node_modules/react-dom/node_modules/scheduler
1551 silly ADD node_modules/react-devtools-core
1552 silly ADD node_modules/react-devtools-core/node_modules/ws
1553 silly ADD node_modules/react
1554 silly ADD node_modules/rc
1555 silly ADD node_modules/rc/node_modules/strip-json-comments
1556 silly ADD node_modules/range-parser
1557 silly ADD node_modules/queue
1558 silly ADD node_modules/query-string
1559 silly ADD node_modules/qrcode-terminal
1560 silly ADD node_modules/pure-rand
1561 silly ADD node_modules/punycode
1562 silly ADD node_modules/proxy-from-env
1563 silly ADD node_modules/prompts
1564 silly ADD node_modules/promise
1565 silly ADD node_modules/progress
1566 silly ADD node_modules/proc-log
1567 silly ADD node_modules/pretty-format
1568 silly ADD node_modules/pretty-format/node_modules/ansi-styles
1569 silly ADD node_modules/pretty-bytes
1570 silly ADD node_modules/postcss-value-parser
1571 silly ADD node_modules/postcss
1572 silly ADD node_modules/pngjs
1573 silly ADD node_modules/plist
1574 silly ADD node_modules/pkg-dir
1575 silly ADD node_modules/pkg-dir/node_modules/p-locate
1576 silly ADD node_modules/pkg-dir/node_modules/p-limit
1577 silly ADD node_modules/pkg-dir/node_modules/locate-path
1578 silly ADD node_modules/pkg-dir/node_modules/find-up
1579 silly ADD node_modules/pirates
1580 silly ADD node_modules/picomatch
1581 silly ADD node_modules/picocolors
1582 silly ADD node_modules/path-scurry
1583 silly ADD node_modules/path-scurry/node_modules/lru-cache
1584 silly ADD node_modules/path-parse
1585 silly ADD node_modules/path-key
1586 silly ADD node_modules/path-is-absolute
1587 silly ADD node_modules/path-exists
1588 silly ADD node_modules/parseurl
1589 silly ADD node_modules/parse-png
1590 silly ADD node_modules/parse-json
1591 silly ADD node_modules/p-try
1592 silly ADD node_modules/p-limit
1593 silly ADD node_modules/ora
1594 silly ADD node_modules/ora/node_modules/supports-color
1595 silly ADD node_modules/ora/node_modules/has-flag
1596 silly ADD node_modules/ora/node_modules/escape-string-regexp
1597 silly ADD node_modules/ora/node_modules/color-name
1598 silly ADD node_modules/ora/node_modules/color-convert
1599 silly ADD node_modules/ora/node_modules/chalk
1600 silly ADD node_modules/ora/node_modules/ansi-styles
1601 silly ADD node_modules/open
1602 silly ADD node_modules/onetime
1603 silly ADD node_modules/once
1604 silly ADD node_modules/on-headers
1605 silly ADD node_modules/on-finished
1606 silly ADD node_modules/object-assign
1607 silly ADD node_modules/ob1
1608 silly ADD node_modules/nullthrows
1609 silly ADD node_modules/npm-package-arg
1610 silly ADD node_modules/npm-package-arg/node_modules/semver
1611 silly ADD node_modules/normalize-path
1612 silly ADD node_modules/node-releases
1613 silly ADD node_modules/node-int64
1614 silly ADD node_modules/node-forge
1615 silly ADD node_modules/node-fetch
1616 silly ADD node_modules/node-fetch/node_modules/whatwg-url
1617 silly ADD node_modules/node-fetch/node_modules/webidl-conversions
1618 silly ADD node_modules/node-fetch/node_modules/tr46
1619 silly ADD node_modules/nested-error-stacks
1620 silly ADD node_modules/negotiator
1621 silly ADD node_modules/natural-compare
1622 silly ADD node_modules/nanoid
1623 silly ADD node_modules/mz
1624 silly ADD node_modules/ms
1625 silly ADD node_modules/minizlib
1626 silly ADD node_modules/minipass
1627 silly ADD node_modules/minimist
1628 silly ADD node_modules/minimatch
1629 silly ADD node_modules/mimic-fn
1630 silly ADD node_modules/mime-types
1631 silly ADD node_modules/mime-types/node_modules/mime-db
1632 silly ADD node_modules/mime-db
1633 silly ADD node_modules/mime
1634 silly ADD node_modules/micromatch
1635 silly ADD node_modules/micromatch/node_modules/picomatch
1636 silly ADD node_modules/metro-transform-worker
1637 silly ADD node_modules/metro-transform-plugins
1638 silly ADD node_modules/metro-symbolicate
1639 silly ADD node_modules/metro-source-map
1640 silly ADD node_modules/metro-runtime
1641 silly ADD node_modules/metro-resolver
1642 silly ADD node_modules/metro-minify-terser
1643 silly ADD node_modules/metro-file-map
1644 silly ADD node_modules/metro-core
1645 silly ADD node_modules/metro-config
1646 silly ADD node_modules/metro-cache-key
1647 silly ADD node_modules/metro-cache
1648 silly ADD node_modules/metro-cache/node_modules/https-proxy-agent
1649 silly ADD node_modules/metro-cache/node_modules/agent-base
1650 silly ADD node_modules/metro-babel-transformer
1651 silly ADD node_modules/metro-babel-transformer/node_modules/hermes-parser
1652 silly ADD node_modules/metro-babel-transformer/node_modules/hermes-estree
1653 silly ADD node_modules/metro
1654 silly ADD node_modules/metro/node_modules/ws
1655 silly ADD node_modules/metro/node_modules/hermes-parser
1656 silly ADD node_modules/metro/node_modules/hermes-estree
1657 silly ADD node_modules/metro/node_modules/ci-info
1658 silly ADD node_modules/merge-stream
1659 silly ADD node_modules/merge-options
1660 silly ADD node_modules/memoize-one
1661 silly ADD node_modules/math-intrinsics
1662 silly ADD node_modules/marky
1663 silly ADD node_modules/makeerror
1664 silly ADD node_modules/make-dir
1665 silly ADD node_modules/make-dir/node_modules/semver
1666 silly ADD node_modules/lru-cache
1667 silly ADD node_modules/loose-envify
1668 silly ADD node_modules/log-symbols
1669 silly ADD node_modules/log-symbols/node_modules/supports-color
1670 silly ADD node_modules/log-symbols/node_modules/has-flag
1671 silly ADD node_modules/log-symbols/node_modules/escape-string-regexp
1672 silly ADD node_modules/log-symbols/node_modules/color-name
1673 silly ADD node_modules/log-symbols/node_modules/color-convert
1674 silly ADD node_modules/log-symbols/node_modules/chalk
1675 silly ADD node_modules/log-symbols/node_modules/ansi-styles
1676 silly ADD node_modules/lodash.throttle
1677 silly ADD node_modules/lodash.debounce
1678 silly ADD node_modules/lines-and-columns
1679 silly ADD
1680 silly ADD
1681 silly ADD node_modules/lightningcss-linux-x64-musl
1682 silly ADD node_modules/lightningcss-linux-x64-gnu
1683 silly ADD
1684 silly ADD
1685 silly ADD
1686 silly ADD
1687 silly ADD
1688 silly ADD
1689 silly ADD
1690 silly ADD node_modules/lightningcss
1691 silly ADD node_modules/lighthouse-logger
1692 silly ADD node_modules/lighthouse-logger/node_modules/ms
1693 silly ADD node_modules/lighthouse-logger/node_modules/debug
1694 silly ADD node_modules/leven
1695 silly ADD node_modules/lan-network
1696 silly ADD node_modules/kleur
1697 silly ADD node_modules/json5
1698 silly ADD node_modules/json-schema-traverse
1699 silly ADD node_modules/json-parse-even-better-errors
1700 silly ADD node_modules/jsesc
1701 silly ADD node_modules/jsc-safe-url
1702 silly ADD node_modules/js-yaml
1703 silly ADD node_modules/js-tokens
1704 silly ADD node_modules/jimp-compact
1705 silly ADD node_modules/jest-worker
1706 silly ADD node_modules/jest-worker/node_modules/supports-color
1707 silly ADD node_modules/jest-watcher
1708 silly ADD node_modules/jest-validate
1709 silly ADD node_modules/jest-validate/node_modules/camelcase
1710 silly ADD node_modules/jest-util
1711 silly ADD node_modules/jest-util/node_modules/picomatch
1712 silly ADD node_modules/jest-snapshot
1713 silly ADD node_modules/jest-snapshot/node_modules/semver
1714 silly ADD node_modules/jest-runtime
1715 silly ADD node_modules/jest-runtime/node_modules/glob
1716 silly ADD node_modules/jest-runner
1717 silly ADD node_modules/jest-runner/node_modules/source-map-support
1718 silly ADD node_modules/jest-runner/node_modules/source-map
1719 silly ADD node_modules/jest-resolve-dependencies
1720 silly ADD node_modules/jest-resolve
1721 silly ADD node_modules/jest-regex-util
1722 silly ADD node_modules/jest-pnp-resolver
1723 silly ADD node_modules/jest-mock
1724 silly ADD node_modules/jest-message-util
1725 silly ADD node_modules/jest-matcher-utils
1726 silly ADD node_modules/jest-leak-detector
1727 silly ADD node_modules/jest-haste-map
1728 silly ADD node_modules/jest-get-type
1729 silly ADD node_modules/jest-environment-node
1730 silly ADD node_modules/jest-each
1731 silly ADD node_modules/jest-docblock
1732 silly ADD node_modules/jest-diff
1733 silly ADD node_modules/jest-config
1734 silly ADD node_modules/jest-config/node_modules/glob
1735 silly ADD node_modules/jest-cli
1736 silly ADD node_modules/jest-circus
1737 silly ADD node_modules/jest-changed-files
1738 silly ADD node_modules/jest-changed-files/node_modules/onetime
1739 silly ADD node_modules/jest-changed-files/node_modules/npm-run-path
1740 silly ADD node_modules/jest-changed-files/node_modules/mimic-fn
1741 silly ADD node_modules/jest-changed-files/node_modules/is-stream
1742 silly ADD node_modules/jest-changed-files/node_modules/get-stream
1743 silly ADD node_modules/jest-changed-files/node_modules/execa
1744 silly ADD node_modules/jest
1745 silly ADD node_modules/istanbul-reports
1746 silly ADD node_modules/istanbul-lib-source-maps
1747 silly ADD node_modules/istanbul-lib-source-maps/node_modules/source-map
1748 silly ADD node_modules/istanbul-lib-report
1749 silly ADD node_modules/istanbul-lib-instrument
1750 silly ADD node_modules/istanbul-lib-instrument/node_modules/semver
1751 silly ADD node_modules/istanbul-lib-coverage
1752 silly ADD node_modules/isexe
1753 silly ADD node_modules/is-wsl
1754 silly ADD node_modules/is-plain-obj
1755 silly ADD node_modules/is-number
1756 silly ADD node_modules/is-generator-fn
1757 silly ADD node_modules/is-fullwidth-code-point
1758 silly ADD node_modules/is-docker
1759 silly ADD node_modules/is-core-module
1760 silly ADD node_modules/is-arrayish
1761 silly ADD node_modules/invariant
1762 silly ADD node_modules/inline-style-prefixer
1763 silly ADD node_modules/ini
1764 silly ADD node_modules/inherits
1765 silly ADD node_modules/inflight
1766 silly ADD node_modules/imurmurhash
1767 silly ADD node_modules/import-local
1768 silly ADD node_modules/image-size
1769 silly ADD node_modules/ignore
1770 silly ADD node_modules/ieee754
1771 silly ADD node_modules/hyphenate-style-name
1772 silly ADD node_modules/human-signals
1773 silly ADD node_modules/http-errors
1774 silly ADD node_modules/http-errors/node_modules/statuses
1775 silly ADD node_modules/html-escaper
1776 silly ADD node_modules/hosted-git-info
1777 silly ADD node_modules/hosted-git-info/node_modules/lru-cache
1778 silly ADD node_modules/hoist-non-react-statics
1779 silly ADD node_modules/hoist-non-react-statics/node_modules/react-is
1780 silly ADD node_modules/hermes-parser
1781 silly ADD node_modules/hermes-estree
1782 silly ADD node_modules/hasown
1783 silly ADD node_modules/has-tostringtag
1784 silly ADD node_modules/has-symbols
1785 silly ADD node_modules/has-flag
1786 silly ADD node_modules/graceful-fs
1787 silly ADD node_modules/gopd
1788 silly ADD node_modules/globals
1789 silly ADD node_modules/global-dirs
1790 silly ADD node_modules/glob
1791 silly ADD node_modules/glob/node_modules/minimatch
1792 silly ADD node_modules/glob/node_modules/brace-expansion
1793 silly ADD node_modules/glob/node_modules/balanced-match
1794 silly ADD node_modules/getenv
1795 silly ADD node_modules/get-proto
1796 silly ADD node_modules/get-package-type
1797 silly ADD node_modules/get-nonce
1798 silly ADD node_modules/get-intrinsic
1799 silly ADD node_modules/get-caller-file
1800 silly ADD node_modules/gensync
1801 silly ADD node_modules/function-bind
1802 silly ADD
1803 silly ADD node_modules/fs.realpath
1804 silly ADD node_modules/fresh
1805 silly ADD node_modules/freeport-async
1806 silly ADD node_modules/fontfaceobserver
1807 silly ADD node_modules/follow-redirects
1808 silly ADD node_modules/flow-enums-runtime
1809 silly ADD node_modules/finalhandler
1810 silly ADD node_modules/finalhandler/node_modules/ms
1811 silly ADD node_modules/finalhandler/node_modules/debug
1812 silly ADD node_modules/filter-obj
1813 silly ADD node_modules/fill-range
1814 silly ADD node_modules/fdir
1815 silly ADD node_modules/fbjs-css-vars
1816 silly ADD node_modules/fbjs
1817 silly ADD node_modules/fb-watchman
1818 silly ADD node_modules/fast-uri
1819 silly ADD node_modules/fast-json-stable-stringify
1820 silly ADD node_modules/fast-deep-equal
1821 silly ADD node_modules/exponential-backoff
1822 silly ADD node_modules/expo-web-browser
1823 silly ADD node_modules/expo-updates-interface
1824 silly ADD node_modules/expo-system-ui
1825 silly ADD node_modules/expo-symbols
1826 silly ADD node_modules/expo-status-bar
1827 silly ADD node_modules/expo-splash-screen
1828 silly ADD node_modules/expo-server
1829 silly ADD node_modules/expo-secure-store
1830 silly ADD node_modules/expo-router
1831 silly ADD node_modules/expo-router/node_modules/semver
1832 silly ADD node_modules/expo-modules-core
1833 silly ADD node_modules/expo-modules-autolinking
1834 silly ADD node_modules/expo-manifests
1835 silly ADD node_modules/expo-linking
1836 silly ADD node_modules/expo-keep-awake
1837 silly ADD node_modules/expo-json-utils
1838 silly ADD node_modules/expo-image-picker
1839 silly ADD node_modules/expo-image-loader
1840 silly ADD node_modules/expo-haptics
1841 silly ADD node_modules/expo-font
1842 silly ADD node_modules/expo-dev-menu-interface
1843 silly ADD node_modules/expo-dev-menu
1844 silly ADD node_modules/expo-dev-launcher
1845 silly ADD node_modules/expo-dev-client
1846 silly ADD node_modules/expo-constants
1847 silly ADD node_modules/expo-blur
1848 silly ADD node_modules/expo
1849 silly ADD node_modules/expo/node_modules/semver
1850 silly ADD node_modules/expo/node_modules/minimatch
1851 silly ADD node_modules/expo/node_modules/expo-font
1852 silly ADD node_modules/expo/node_modules/expo-file-system
1853 silly ADD node_modules/expo/node_modules/expo-asset
1854 silly ADD node_modules/expo/node_modules/brace-expansion
1855 silly ADD node_modules/expo/node_modules/babel-preset-expo
1856 silly ADD node_modules/expo/node_modules/@expo/metro-config
1857 silly ADD node_modules/expo/node_modules/@expo/json-file
1858 silly ADD node_modules/expo/node_modules/@expo/json-file/node_modules/@babel/code-frame
1859 silly ADD node_modules/expo/node_modules/@expo/cli
1860 silly ADD node_modules/expo/node_modules/@expo/cli/node_modules/@expo/prebuild-config
1861 silly ADD node_modules/expect
1862 silly ADD node_modules/exit
1863 silly ADD node_modules/event-target-shim
1864 silly ADD node_modules/etag
1865 silly ADD node_modules/esprima
1866 silly ADD node_modules/escape-string-regexp
1867 silly ADD node_modules/escape-html
1868 silly ADD node_modules/escalade
1869 silly ADD node_modules/es-set-tostringtag
1870 silly ADD node_modules/es-object-atoms
1871 silly ADD node_modules/es-errors
1872 silly ADD node_modules/es-define-property
1873 silly ADD node_modules/error-stack-parser
1874 silly ADD node_modules/error-ex
1875 silly ADD node_modules/env-editor
1876 silly ADD node_modules/encodeurl
1877 silly ADD node_modules/emittery
1878 silly ADD node_modules/electron-to-chromium
1879 silly ADD node_modules/ee-first
1880 silly ADD node_modules/dunder-proto
1881 silly ADD node_modules/dotenv-expand
1882 silly ADD node_modules/dotenv
1883 silly ADD node_modules/diff-sequences
1884 silly ADD node_modules/detect-node-es
1885 silly ADD node_modules/detect-newline
1886 silly ADD node_modules/detect-libc
1887 silly ADD node_modules/destroy
1888 silly ADD node_modules/depd
1889 silly ADD node_modules/delayed-stream
1890 silly ADD node_modules/define-lazy-prop
1891 silly ADD node_modules/defaults
1892 silly ADD node_modules/deepmerge
1893 silly ADD node_modules/deep-extend
1894 silly ADD node_modules/dedent
1895 silly ADD node_modules/decode-uri-component
1896 silly ADD node_modules/debug
1897 silly ADD node_modules/csstype
1898 silly ADD node_modules/css-in-js-utils
1899 silly ADD node_modules/crypto-random-string
1900 silly ADD node_modules/cross-spawn
1901 silly ADD node_modules/cross-fetch
1902 silly ADD node_modules/create-jest
1903 silly ADD node_modules/core-js-compat
1904 silly ADD node_modules/convert-source-map
1905 silly ADD node_modules/connect
1906 silly ADD node_modules/connect/node_modules/ms
1907 silly ADD node_modules/connect/node_modules/debug
1908 silly ADD node_modules/concat-map
1909 silly ADD node_modules/compression
1910 silly ADD node_modules/compression/node_modules/negotiator
1911 silly ADD node_modules/compression/node_modules/ms
1912 silly ADD node_modules/compression/node_modules/debug
1913 silly ADD node_modules/compressible
1914 silly ADD node_modules/commander
1915 silly ADD node_modules/combined-stream
1916 silly ADD node_modules/color-string
1917 silly ADD node_modules/color-name
1918 silly ADD node_modules/color-convert
1919 silly ADD node_modules/color
1920 silly ADD node_modules/collect-v8-coverage
1921 silly ADD node_modules/co
1922 silly ADD node_modules/clone
1923 silly ADD node_modules/cliui
1924 silly ADD node_modules/cliui/node_modules/strip-ansi
1925 silly ADD node_modules/cliui/node_modules/string-width
1926 silly ADD node_modules/cliui/node_modules/emoji-regex
1927 silly ADD node_modules/client-only
1928 silly ADD node_modules/cli-spinners
1929 silly ADD node_modules/cli-cursor
1930 silly ADD node_modules/cjs-module-lexer
1931 silly ADD node_modules/ci-info
1932 silly ADD node_modules/chromium-edge-launcher
1933 silly ADD node_modules/chromium-edge-launcher/node_modules/mkdirp
1934 silly ADD node_modules/chrome-launcher
1935 silly ADD node_modules/chownr
1936 silly ADD node_modules/char-regex
1937 silly ADD node_modules/chalk
1938 silly ADD node_modules/caniuse-lite
1939 silly ADD node_modules/camelcase
1940 silly ADD node_modules/callsites
1941 silly ADD node_modules/call-bind-apply-helpers
1942 silly ADD node_modules/bytes
1943 silly ADD node_modules/buffer-from
1944 silly ADD node_modules/buffer
1945 silly ADD node_modules/bser
1946 silly ADD node_modules/browserslist
1947 silly ADD node_modules/braces
1948 silly ADD node_modules/brace-expansion
1949 silly ADD node_modules/bplist-parser
1950 silly ADD node_modules/bplist-creator
1951 silly ADD node_modules/big-integer
1952 silly ADD node_modules/better-opn
1953 silly ADD node_modules/better-opn/node_modules/open
1954 silly ADD node_modules/baseline-browser-mapping
1955 silly ADD node_modules/base64-js
1956 silly ADD node_modules/balanced-match
1957 silly ADD node_modules/babel-preset-jest
1958 silly ADD node_modules/babel-preset-current-node-syntax
1959 silly ADD node_modules/babel-plugin-transform-flow-enums
1960 silly ADD node_modules/babel-plugin-syntax-hermes-parser
1961 silly ADD node_modules/babel-plugin-react-native-web
1962 silly ADD node_modules/babel-plugin-react-compiler
1963 silly ADD node_modules/babel-plugin-polyfill-regenerator
1964 silly ADD node_modules/babel-plugin-polyfill-corejs3
1965 silly ADD node_modules/babel-plugin-polyfill-corejs2
1966 silly ADD node_modules/babel-plugin-jest-hoist
1967 silly ADD node_modules/babel-plugin-istanbul
1968 silly ADD node_modules/babel-plugin-istanbul/node_modules/istanbul-lib-instrument
1969 silly ADD node_modules/babel-jest
1970 silly ADD node_modules/axios
1971 silly ADD node_modules/axios/node_modules/form-data
1972 silly ADD node_modules/asynckit
1973 silly ADD node_modules/async-limiter
1974 silly ADD node_modules/asap
1975 silly ADD node_modules/aria-hidden
1976 silly ADD node_modules/argparse
1977 silly ADD node_modules/arg
1978 silly ADD node_modules/anymatch
1979 silly ADD node_modules/anymatch/node_modules/picomatch
1980 silly ADD node_modules/any-promise
1981 silly ADD node_modules/ansi-styles
1982 silly ADD node_modules/ansi-regex
1983 silly ADD node_modules/ansi-escapes
1984 silly ADD node_modules/anser
1985 silly ADD node_modules/ajv
1986 silly ADD node_modules/acorn
1987 silly ADD node_modules/accepts
1988 silly ADD node_modules/abort-controller
1989 silly ADD node_modules/@xmldom/xmldom
1990 silly ADD node_modules/@urql/exchange-retry
1991 silly ADD node_modules/@urql/core
1992 silly ADD node_modules/@ungap/structured-clone
1993 silly ADD node_modules/@types/yargs-parser
1994 silly ADD node_modules/@types/yargs
1995 silly ADD node_modules/@types/stack-utils
1996 silly ADD node_modules/@types/react-test-renderer
1997 silly ADD node_modules/@types/react-test-renderer/node_modules/@types/react
1998 silly ADD node_modules/@types/react
1999 silly ADD node_modules/@types/prop-types
2000 silly ADD node_modules/@types/node
2001 silly ADD node_modules/@types/jest
2002 silly ADD node_modules/@types/istanbul-reports
2003 silly ADD node_modules/@types/istanbul-lib-report
2004 silly ADD node_modules/@types/istanbul-lib-coverage
2005 silly ADD node_modules/@types/hammerjs
2006 silly ADD node_modules/@types/graceful-fs
2007 silly ADD node_modules/@types/babel__traverse
2008 silly ADD node_modules/@types/babel__template
2009 silly ADD node_modules/@types/babel__generator
2010 silly ADD node_modules/@types/babel__core
2011 silly ADD node_modules/@types/axios
2012 silly ADD node_modules/@sinonjs/fake-timers
2013 silly ADD node_modules/@sinonjs/commons
2014 silly ADD node_modules/@sinclair/typebox
2015 silly ADD node_modules/@react-navigation/routers
2016 silly ADD node_modules/@react-navigation/native-stack
2017 silly ADD node_modules/@react-navigation/native
2018 silly ADD node_modules/@react-navigation/elements
2019 silly ADD node_modules/@react-navigation/core
2020 silly ADD node_modules/@react-navigation/core/node_modules/react-is
2021 silly ADD node_modules/@react-navigation/bottom-tabs
2022 silly ADD node_modules/@react-native/virtualized-lists
2023 silly ADD node_modules/@react-native/normalize-colors
2024 silly ADD node_modules/@react-native/js-polyfills
2025 silly ADD node_modules/@react-native/gradle-plugin
2026 silly ADD node_modules/@react-native/dev-middleware
2027 silly ADD node_modules/@react-native/dev-middleware/node_modules/ws
2028 silly ADD node_modules/@react-native/debugger-frontend
2029 silly ADD node_modules/@react-native/community-cli-plugin
2030 silly ADD node_modules/@react-native/community-cli-plugin/node_modules/semver
2031 silly ADD node_modules/@react-native/codegen
2032 silly ADD node_modules/@react-native/codegen/node_modules/glob
2033 silly ADD node_modules/@react-native/babel-preset
2034 silly ADD node_modules/@react-native/babel-plugin-codegen
2035 silly ADD node_modules/@react-native/assets-registry
2036 silly ADD node_modules/@react-native-google-signin/google-signin
2037 silly ADD node_modules/@react-native-async-storage/async-storage
2038 silly ADD node_modules/@radix-ui/react-use-layout-effect
2039 silly ADD node_modules/@radix-ui/react-use-escape-keydown
2040 silly ADD node_modules/@radix-ui/react-use-effect-event
2041 silly ADD node_modules/@radix-ui/react-use-controllable-state
2042 silly ADD node_modules/@radix-ui/react-use-callback-ref
2043 silly ADD node_modules/@radix-ui/react-tabs
2044 silly ADD node_modules/@radix-ui/react-slot
2045 silly ADD node_modules/@radix-ui/react-roving-focus
2046 silly ADD node_modules/@radix-ui/react-primitive
2047 silly ADD node_modules/@radix-ui/react-primitive/node_modules/@radix-ui/react-slot
2048 silly ADD node_modules/@radix-ui/react-presence
2049 silly ADD node_modules/@radix-ui/react-portal
2050 silly ADD node_modules/@radix-ui/react-id
2051 silly ADD node_modules/@radix-ui/react-focus-scope
2052 silly ADD node_modules/@radix-ui/react-focus-guards
2053 silly ADD node_modules/@radix-ui/react-dismissable-layer
2054 silly ADD node_modules/@radix-ui/react-direction
2055 silly ADD node_modules/@radix-ui/react-dialog
2056 silly ADD node_modules/@radix-ui/react-dialog/node_modules/@radix-ui/react-slot
2057 silly ADD node_modules/@radix-ui/react-context
2058 silly ADD node_modules/@radix-ui/react-compose-refs
2059 silly ADD node_modules/@radix-ui/react-collection
2060 silly ADD node_modules/@radix-ui/react-collection/node_modules/@radix-ui/react-slot
2061 silly ADD node_modules/@radix-ui/primitive
2062 silly ADD node_modules/@jridgewell/trace-mapping
2063 silly ADD node_modules/@jridgewell/sourcemap-codec
2064 silly ADD node_modules/@jridgewell/source-map
2065 silly ADD node_modules/@jridgewell/resolve-uri
2066 silly ADD node_modules/@jridgewell/gen-mapping
2067 silly ADD node_modules/@jest/types
2068 silly ADD node_modules/@jest/transform
2069 silly ADD node_modules/@jest/transform/node_modules/write-file-atomic
2070 silly ADD node_modules/@jest/test-sequencer
2071 silly ADD node_modules/@jest/test-result
2072 silly ADD node_modules/@jest/source-map
2073 silly ADD node_modules/@jest/schemas
2074 silly ADD node_modules/@jest/reporters
2075 silly ADD node_modules/@jest/reporters/node_modules/strip-ansi
2076 silly ADD node_modules/@jest/reporters/node_modules/glob
2077 silly ADD node_modules/@jest/globals
2078 silly ADD node_modules/@jest/fake-timers
2079 silly ADD node_modules/@jest/expect-utils
2080 silly ADD node_modules/@jest/expect
2081 silly ADD node_modules/@jest/environment
2082 silly ADD node_modules/@jest/create-cache-key-function
2083 silly ADD node_modules/@jest/core
2084 silly ADD node_modules/@jest/core/node_modules/strip-ansi
2085 silly ADD node_modules/@jest/console
2086 silly ADD node_modules/@istanbuljs/schema
2087 silly ADD node_modules/@istanbuljs/load-nyc-config
2088 silly ADD node_modules/@istanbuljs/load-nyc-config/node_modules/p-locate
2089 silly ADD node_modules/@istanbuljs/load-nyc-config/node_modules/p-limit
2090 silly ADD node_modules/@istanbuljs/load-nyc-config/node_modules/locate-path
2091 silly ADD node_modules/@istanbuljs/load-nyc-config/node_modules/find-up
2092 silly ADD node_modules/@isaacs/ttlcache
2093 silly ADD node_modules/@isaacs/fs-minipass
2094 silly ADD node_modules/@expo/xcpretty
2095 silly ADD node_modules/@expo/xcpretty/node_modules/js-yaml
2096 silly ADD node_modules/@expo/xcpretty/node_modules/argparse
2097 silly ADD node_modules/@expo/ws-tunnel
2098 silly ADD node_modules/@expo/vector-icons
2099 silly ADD node_modules/@expo/sudo-prompt
2100 silly ADD node_modules/@expo/spawn-async
2101 silly ADD node_modules/@expo/sdk-runtime-versions
2102 silly ADD node_modules/@expo/schema-utils
2103 silly ADD node_modules/@expo/prebuild-config
2104 silly ADD node_modules/@expo/prebuild-config/node_modules/semver
2105 silly ADD node_modules/@expo/plist
2106 silly ADD node_modules/@expo/package-manager
2107 silly ADD node_modules/@expo/package-manager/node_modules/@expo/json-file
2108 silly ADD node_modules/@expo/osascript
2109 silly ADD node_modules/@expo/metro-runtime
2110 silly ADD node_modules/@expo/metro
2111 silly ADD node_modules/@expo/json-file
2112 silly ADD node_modules/@expo/image-utils
2113 silly ADD node_modules/@expo/image-utils/node_modules/semver
2114 silly ADD node_modules/@expo/fingerprint
2115 silly ADD node_modules/@expo/fingerprint/node_modules/semver
2116 silly ADD node_modules/@expo/fingerprint/node_modules/minimatch
2117 silly ADD node_modules/@expo/fingerprint/node_modules/brace-expansion
2118 silly ADD node_modules/@expo/fingerprint/node_modules/balanced-match
2119 silly ADD node_modules/@expo/env
2120 silly ADD node_modules/@expo/devtools
2121 silly ADD node_modules/@expo/devcert
2122 silly ADD node_modules/@expo/devcert/node_modules/debug
2123 silly ADD node_modules/@expo/config-types
2124 silly ADD node_modules/@expo/config-plugins
2125 silly ADD node_modules/@expo/config-plugins/node_modules/semver
2126 silly ADD node_modules/@expo/config-plugins/node_modules/@expo/json-file
2127 silly ADD node_modules/@expo/config-plugins/node_modules/@babel/code-frame
2128 silly ADD node_modules/@expo/config
2129 silly ADD node_modules/@expo/config/node_modules/semver
2130 silly ADD node_modules/@expo/config/node_modules/@babel/code-frame
2131 silly ADD node_modules/@expo/code-signing-certificates
2132 silly ADD node_modules/@egjs/hammerjs
2133 silly ADD node_modules/@callstack/react-theme-provider
2134 silly ADD node_modules/@callstack/react-theme-provider/node_modules/deepmerge
2135 silly ADD node_modules/@bcoe/v8-coverage
2136 silly ADD node_modules/@babel/types
2137 silly ADD node_modules/@babel/traverse--for-generate-function-map
2138 silly ADD node_modules/@babel/traverse
2139 silly ADD node_modules/@babel/template
2140 silly ADD node_modules/@babel/runtime
2141 silly ADD node_modules/@babel/preset-typescript
2142 silly ADD node_modules/@babel/preset-react
2143 silly ADD node_modules/@babel/plugin-transform-unicode-regex
2144 silly ADD node_modules/@babel/plugin-transform-typescript
2145 silly ADD node_modules/@babel/plugin-transform-template-literals
2146 silly ADD node_modules/@babel/plugin-transform-sticky-regex
2147 silly ADD node_modules/@babel/plugin-transform-spread
2148 silly ADD node_modules/@babel/plugin-transform-shorthand-properties
2149 silly ADD node_modules/@babel/plugin-transform-runtime
2150 silly ADD node_modules/@babel/plugin-transform-regenerator
2151 silly ADD node_modules/@babel/plugin-transform-react-pure-annotations
2152 silly ADD node_modules/@babel/plugin-transform-react-jsx-source
2153 silly ADD node_modules/@babel/plugin-transform-react-jsx-self
2154 silly ADD node_modules/@babel/plugin-transform-react-jsx-development
2155 silly ADD node_modules/@babel/plugin-transform-react-jsx
2156 silly ADD node_modules/@babel/plugin-transform-react-display-name
2157 silly ADD node_modules/@babel/plugin-transform-private-property-in-object
2158 silly ADD node_modules/@babel/plugin-transform-private-methods
2159 silly ADD node_modules/@babel/plugin-transform-parameters
2160 silly ADD node_modules/@babel/plugin-transform-optional-chaining
2161 silly ADD node_modules/@babel/plugin-transform-optional-catch-binding
2162 silly ADD node_modules/@babel/plugin-transform-object-rest-spread
2163 silly ADD node_modules/@babel/plugin-transform-numeric-separator
2164 silly ADD node_modules/@babel/plugin-transform-nullish-coalescing-operator
2165 silly ADD node_modules/@babel/plugin-transform-named-capturing-groups-regex
2166 silly ADD node_modules/@babel/plugin-transform-modules-commonjs
2167 silly ADD node_modules/@babel/plugin-transform-logical-assignment-operators
2168 silly ADD node_modules/@babel/plugin-transform-literals
2169 silly ADD node_modules/@babel/plugin-transform-function-name
2170 silly ADD node_modules/@babel/plugin-transform-for-of
2171 silly ADD node_modules/@babel/plugin-transform-flow-strip-types
2172 silly ADD node_modules/@babel/plugin-transform-export-namespace-from
2173 silly ADD node_modules/@babel/plugin-transform-destructuring
2174 silly ADD node_modules/@babel/plugin-transform-computed-properties
2175 silly ADD node_modules/@babel/plugin-transform-classes
2176 silly ADD node_modules/@babel/plugin-transform-class-static-block
2177 silly ADD node_modules/@babel/plugin-transform-class-properties
2178 silly ADD node_modules/@babel/plugin-transform-block-scoping
2179 silly ADD node_modules/@babel/plugin-transform-async-to-generator
2180 silly ADD node_modules/@babel/plugin-transform-async-generator-functions
2181 silly ADD node_modules/@babel/plugin-transform-arrow-functions
2182 silly ADD node_modules/@babel/plugin-syntax-typescript
2183 silly ADD node_modules/@babel/plugin-syntax-top-level-await
2184 silly ADD node_modules/@babel/plugin-syntax-private-property-in-object
2185 silly ADD node_modules/@babel/plugin-syntax-optional-chaining
2186 silly ADD node_modules/@babel/plugin-syntax-optional-catch-binding
2187 silly ADD node_modules/@babel/plugin-syntax-object-rest-spread
2188 silly ADD node_modules/@babel/plugin-syntax-numeric-separator
2189 silly ADD node_modules/@babel/plugin-syntax-nullish-coalescing-operator
2190 silly ADD node_modules/@babel/plugin-syntax-logical-assignment-operators
2191 silly ADD node_modules/@babel/plugin-syntax-jsx
2192 silly ADD node_modules/@babel/plugin-syntax-json-strings
2193 silly ADD node_modules/@babel/plugin-syntax-import-meta
2194 silly ADD node_modules/@babel/plugin-syntax-import-attributes
2195 silly ADD node_modules/@babel/plugin-syntax-flow
2196 silly ADD node_modules/@babel/plugin-syntax-export-default-from
2197 silly ADD node_modules/@babel/plugin-syntax-dynamic-import
2198 silly ADD node_modules/@babel/plugin-syntax-decorators
2199 silly ADD node_modules/@babel/plugin-syntax-class-static-block
2200 silly ADD node_modules/@babel/plugin-syntax-class-properties
2201 silly ADD node_modules/@babel/plugin-syntax-bigint
2202 silly ADD node_modules/@babel/plugin-syntax-async-generators
2203 silly ADD node_modules/@babel/plugin-proposal-export-default-from
2204 silly ADD node_modules/@babel/plugin-proposal-decorators
2205 silly ADD node_modules/@babel/parser
2206 silly ADD node_modules/@babel/highlight
2207 silly ADD node_modules/@babel/highlight/node_modules/supports-color
2208 silly ADD node_modules/@babel/highlight/node_modules/has-flag
2209 silly ADD node_modules/@babel/highlight/node_modules/escape-string-regexp
2210 silly ADD node_modules/@babel/highlight/node_modules/color-name
2211 silly ADD node_modules/@babel/highlight/node_modules/color-convert
2212 silly ADD node_modules/@babel/highlight/node_modules/chalk
2213 silly ADD node_modules/@babel/highlight/node_modules/ansi-styles
2214 silly ADD node_modules/@babel/helpers
2215 silly ADD node_modules/@babel/helper-wrap-function
2216 silly ADD node_modules/@babel/helper-validator-option
2217 silly ADD node_modules/@babel/helper-validator-identifier
2218 silly ADD node_modules/@babel/helper-string-parser
2219 silly ADD node_modules/@babel/helper-skip-transparent-expression-wrappers
2220 silly ADD node_modules/@babel/helper-replace-supers
2221 silly ADD node_modules/@babel/helper-remap-async-to-generator
2222 silly ADD node_modules/@babel/helper-plugin-utils
2223 silly ADD node_modules/@babel/helper-optimise-call-expression
2224 silly ADD node_modules/@babel/helper-module-transforms
2225 silly ADD node_modules/@babel/helper-module-imports
2226 silly ADD node_modules/@babel/helper-member-expression-to-functions
2227 silly ADD node_modules/@babel/helper-globals
2228 silly ADD node_modules/@babel/helper-define-polyfill-provider
2229 silly ADD node_modules/@babel/helper-create-regexp-features-plugin
2230 silly ADD node_modules/@babel/helper-create-class-features-plugin
2231 silly ADD node_modules/@babel/helper-compilation-targets
2232 silly ADD node_modules/@babel/helper-annotate-as-pure
2233 silly ADD node_modules/@babel/generator
2234 silly ADD node_modules/@babel/core
2235 silly ADD node_modules/@babel/compat-data
2236 silly ADD node_modules/@babel/code-frame
2237 silly ADD node_modules/@ampproject/remapping
2238 silly ADD node_modules/@0no-co/graphql.web
2239 verbose cwd /home/gui/Coding/JacacultMap/jacacultmap-app
2240 verbose os Linux 6.18.40
2241 verbose node v22.23.1
2242 verbose npm  v10.9.8
2243 verbose exit 0
2244 info ok
